ISO-10303-21;
HEADER;
/* Generated by software containing ST-Developer
 * from STEP Tools, Inc. (www.steptools.com) 
 */

FILE_DESCRIPTION(
/* description */ ('KiCad electronic assembly'),
/* implementation_level */ '2;1');

FILE_NAME(
/* name */ 'Dieter_enclosure.step',
/* time_stamp */ '2026-06-02T09:36:34+02:00',
/* author */ (''),
/* organization */ (''),
/* preprocessor_version */ 'ST-DEVELOPER v20.1',
/* originating_system */ 'Autodesk Translation Framework v15.8.0.0',
/* authorisation */ '');

FILE_SCHEMA (('AUTOMOTIVE_DESIGN { 1 0 10303 214 3 1 1 }'));
ENDSEC;

DATA;
#10=MECHANICAL_DESIGN_GEOMETRIC_PRESENTATION_REPRESENTATION('',(#29,#30),
#5926);
#11=ITEM_DEFINED_TRANSFORMATION($,$,#3436,#3716);
#12=ITEM_DEFINED_TRANSFORMATION($,$,#3596,#3717);
#13=(
REPRESENTATION_RELATIONSHIP($,$,#5940,#5939)
REPRESENTATION_RELATIONSHIP_WITH_TRANSFORMATION(#11)
SHAPE_REPRESENTATION_RELATIONSHIP()
);
#14=(
REPRESENTATION_RELATIONSHIP($,$,#5941,#5939)
REPRESENTATION_RELATIONSHIP_WITH_TRANSFORMATION(#12)
SHAPE_REPRESENTATION_RELATIONSHIP()
);
#15=CONTEXT_DEPENDENT_SHAPE_REPRESENTATION(#13,#5937);
#16=CONTEXT_DEPENDENT_SHAPE_REPRESENTATION(#14,#5938);
#17=NEXT_ASSEMBLY_USAGE_OCCURRENCE('adapter:1','adapter:1','adapter:1',
#5943,#5944,'adapter:1');
#18=NEXT_ASSEMBLY_USAGE_OCCURRENCE('lid:1','lid:1','lid:1',#5943,#5945,
'lid:1');
#19=B_SPLINE_SURFACE_WITH_KNOTS('',3,1,((#5577,#5578),(#5579,#5580),(#5581,
#5582),(#5583,#5584),(#5585,#5586),(#5587,#5588),(#5589,#5590),(#5591,#5592),
(#5593,#5594),(#5595,#5596),(#5597,#5598),(#5599,#5600),(#5601,#5602)),
 .UNSPECIFIED.,.F.,.F.,.F.,(4,3,3,3,4),(2,2),(-0.00148933085019974,0.,0.471694724308845,
0.934943287832974,0.998853109750064),(0.,0.04),.UNSPECIFIED.);
#20=B_SPLINE_SURFACE_WITH_KNOTS('',3,1,((#5624,#5625),(#5626,#5627),(#5628,
#5629),(#5630,#5631),(#5632,#5633),(#5634,#5635),(#5636,#5637),(#5638,#5639),
(#5640,#5641),(#5642,#5643)),.UNSPECIFIED.,.F.,.F.,.F.,(4,3,3,4),(2,2),
(7.91112044468891E-6,0.393969157429216,0.859544851739811,1.),(0.,0.04),
 .UNSPECIFIED.);
#21=B_SPLINE_SURFACE_WITH_KNOTS('',3,1,((#5660,#5661),(#5662,#5663),(#5664,
#5665),(#5666,#5667),(#5668,#5669),(#5670,#5671),(#5672,#5673),(#5674,#5675),
(#5676,#5677),(#5678,#5679)),.UNSPECIFIED.,.F.,.F.,.F.,(4,3,3,4),(2,2),
(0.00646767611574345,0.449832530052855,0.850147967026191,0.998520535640081),
(0.,0.04),.UNSPECIFIED.);
#22=(
BOUNDED_SURFACE()
B_SPLINE_SURFACE(3,1,((#5502,#5503),(#5504,#5505),(#5506,#5507),(#5508,
#5509)),.UNSPECIFIED.,.F.,.F.,.F.)
B_SPLINE_SURFACE_WITH_KNOTS((4,4),(2,2),(-1.,0.),(0.,0.04),
 .UNSPECIFIED.)
GEOMETRIC_REPRESENTATION_ITEM()
RATIONAL_B_SPLINE_SURFACE(((1.,1.),(1.,1.),(1.,1.),(1.,1.)))
REPRESENTATION_ITEM('')
SURFACE()
);
#23=(
BOUNDED_SURFACE()
B_SPLINE_SURFACE(3,1,((#5530,#5531),(#5532,#5533),(#5534,#5535),(#5536,
#5537)),.UNSPECIFIED.,.F.,.F.,.F.)
B_SPLINE_SURFACE_WITH_KNOTS((4,4),(2,2),(-1.,0.),(0.,0.04),
 .UNSPECIFIED.)
GEOMETRIC_REPRESENTATION_ITEM()
RATIONAL_B_SPLINE_SURFACE(((1.,1.),(1.,1.),(1.,1.),(1.,1.)))
REPRESENTATION_ITEM('')
SURFACE()
);
#24=(
BOUNDED_SURFACE()
B_SPLINE_SURFACE(3,1,((#5555,#5556),(#5557,#5558),(#5559,#5560),(#5561,
#5562)),.UNSPECIFIED.,.F.,.F.,.F.)
B_SPLINE_SURFACE_WITH_KNOTS((4,4),(2,2),(-1.,0.),(0.,0.04),
 .UNSPECIFIED.)
GEOMETRIC_REPRESENTATION_ITEM()
RATIONAL_B_SPLINE_SURFACE(((1.,1.),(1.,1.),(1.,1.),(1.,1.)))
REPRESENTATION_ITEM('')
SURFACE()
);
#25=SHAPE_REPRESENTATION_RELATIONSHIP('SRR','None',#5940,#27);
#26=SHAPE_REPRESENTATION_RELATIONSHIP('SRR','None',#5941,#28);
#27=ADVANCED_BREP_SHAPE_REPRESENTATION('',(#31),#5924);
#28=ADVANCED_BREP_SHAPE_REPRESENTATION('',(#32),#5925);
#29=STYLED_ITEM('',(#5958),#31);
#30=STYLED_ITEM('',(#5958),#32);
#31=MANIFOLD_SOLID_BREP('K\X\F6rper1',#3410);
#32=MANIFOLD_SOLID_BREP('lid',#3411);
#33=CIRCLE('',#3440,1.425);
#34=CIRCLE('',#3442,2.8000053013827);
#35=CIRCLE('',#3445,2.5);
#36=CIRCLE('',#3446,2.5);
#37=CIRCLE('',#3447,2.5);
#38=CIRCLE('',#3448,2.5);
#39=CIRCLE('',#3452,1.425);
#40=CIRCLE('',#3454,2.8000053013827);
#41=CIRCLE('',#3457,2.5);
#42=CIRCLE('',#3458,2.5);
#43=CIRCLE('',#3461,2.5);
#44=CIRCLE('',#3464,2.5);
#45=CIRCLE('',#3467,2.5);
#46=CIRCLE('',#3470,2.5);
#47=CIRCLE('',#3473,2.5);
#48=CIRCLE('',#3474,2.5);
#49=CIRCLE('',#3477,2.5);
#50=CIRCLE('',#3478,2.5);
#51=CIRCLE('',#3482,2.5);
#52=CIRCLE('',#3483,2.5);
#53=CIRCLE('',#3485,2.5);
#54=CIRCLE('',#3486,2.5);
#55=CIRCLE('',#3488,2.5);
#56=CIRCLE('',#3491,2.5);
#57=CIRCLE('',#3497,4.49999983941694);
#58=CIRCLE('',#3498,4.49999983941694);
#59=CIRCLE('',#3500,4.49999983949997);
#60=CIRCLE('',#3503,4.4999998393755);
#61=CIRCLE('',#3504,4.4999998393755);
#62=CIRCLE('',#3506,4.4999996363368);
#63=CIRCLE('',#3508,5.69999983949998);
#64=CIRCLE('',#3509,5.69999983941942);
#65=CIRCLE('',#3510,5.2);
#66=CIRCLE('',#3511,5.699999839417);
#67=CIRCLE('',#3514,1.75);
#68=CIRCLE('',#3515,1.75);
#69=CIRCLE('',#3516,1.75000000000001);
#70=CIRCLE('',#3519,4.);
#71=CIRCLE('',#3520,3.99999999999999);
#72=CIRCLE('',#3521,3.99999999999999);
#73=CIRCLE('',#3522,4.);
#74=CIRCLE('',#3528,1.75000000000001);
#75=CIRCLE('',#3529,1.75);
#76=CIRCLE('',#3530,1.75);
#77=CIRCLE('',#3532,1.75);
#78=CIRCLE('',#3534,1.75);
#79=CIRCLE('',#3536,1.75000000000001);
#80=CIRCLE('',#3538,1.75);
#81=CIRCLE('',#3540,1.75);
#82=CIRCLE('',#3542,1.75000000000001);
#83=CIRCLE('',#3547,1.75000000000001);
#84=CIRCLE('',#3548,1.75);
#85=CIRCLE('',#3549,1.75);
#86=CIRCLE('',#3551,1.75);
#87=CIRCLE('',#3553,1.75000000000001);
#88=CIRCLE('',#3555,1.75);
#89=CIRCLE('',#3557,1.425);
#90=CIRCLE('',#3559,1.425);
#91=CIRCLE('',#3561,1.425);
#92=CIRCLE('',#3563,1.425);
#93=CIRCLE('',#3565,5.699999839417);
#94=CIRCLE('',#3567,5.69999983949998);
#95=CIRCLE('',#3570,5.69999983941942);
#96=CIRCLE('',#3573,5.2);
#97=CIRCLE('',#3577,1.425);
#98=CIRCLE('',#3579,4.);
#99=CIRCLE('',#3582,1.425);
#100=CIRCLE('',#3584,3.99999999999999);
#101=CIRCLE('',#3587,1.425);
#102=CIRCLE('',#3589,3.99999999999999);
#103=CIRCLE('',#3592,1.425);
#104=CIRCLE('',#3594,4.);
#105=CIRCLE('',#3598,1.425);
#106=CIRCLE('',#3600,1.425);
#107=CIRCLE('',#3602,5.69999983949998);
#108=CIRCLE('',#3603,5.69999983941942);
#109=CIRCLE('',#3604,5.2);
#110=CIRCLE('',#3605,5.699999839417);
#111=CIRCLE('',#3606,1.625);
#112=CIRCLE('',#3607,1.625);
#113=CIRCLE('',#3609,1.425);
#114=CIRCLE('',#3611,1.425);
#115=CIRCLE('',#3613,1.425);
#116=CIRCLE('',#3615,1.425);
#117=CIRCLE('',#3617,1.425);
#118=CIRCLE('',#3619,1.425);
#119=CIRCLE('',#3655,3.00000530154702);
#120=CIRCLE('',#3656,3.00000530154702);
#121=CIRCLE('',#3660,5.00000530130038);
#122=CIRCLE('',#3661,5.00000530130038);
#123=CIRCLE('',#3665,3.00000530154702);
#124=CIRCLE('',#3666,3.00000530154702);
#125=CIRCLE('',#3671,5.00000530130038);
#126=CIRCLE('',#3672,5.00000530130038);
#127=CIRCLE('',#3679,5.69999983949998);
#128=CIRCLE('',#3680,5.699999839417);
#129=CIRCLE('',#3681,5.2);
#130=CIRCLE('',#3682,5.69999983941942);
#131=CIRCLE('',#3683,5.00000530130038);
#132=CIRCLE('',#3684,3.00000530154702);
#133=CIRCLE('',#3685,3.00000530154702);
#134=CIRCLE('',#3686,5.00000530130038);
#135=CIRCLE('',#3688,5.00000530130038);
#136=CIRCLE('',#3689,5.00000530130038);
#137=CIRCLE('',#3690,3.00000530154702);
#138=CIRCLE('',#3691,3.00000530154702);
#139=CYLINDRICAL_SURFACE('',#3439,1.425);
#140=CYLINDRICAL_SURFACE('',#3441,2.8000053013827);
#141=CYLINDRICAL_SURFACE('',#3451,1.425);
#142=CYLINDRICAL_SURFACE('',#3453,2.8000053013827);
#143=CYLINDRICAL_SURFACE('',#3460,2.5);
#144=CYLINDRICAL_SURFACE('',#3463,2.5);
#145=CYLINDRICAL_SURFACE('',#3466,2.5);
#146=CYLINDRICAL_SURFACE('',#3469,2.5);
#147=CYLINDRICAL_SURFACE('',#3472,2.5);
#148=CYLINDRICAL_SURFACE('',#3476,2.5);
#149=CYLINDRICAL_SURFACE('',#3481,2.5);
#150=CYLINDRICAL_SURFACE('',#3484,2.5);
#151=CYLINDRICAL_SURFACE('',#3487,2.5);
#152=CYLINDRICAL_SURFACE('',#3490,2.5);
#153=CYLINDRICAL_SURFACE('',#3496,4.49999983941694);
#154=CYLINDRICAL_SURFACE('',#3499,4.49999983949997);
#155=CYLINDRICAL_SURFACE('',#3502,4.4999998393755);
#156=CYLINDRICAL_SURFACE('',#3505,4.4999996363368);
#157=CYLINDRICAL_SURFACE('',#3531,1.75);
#158=CYLINDRICAL_SURFACE('',#3533,1.75);
#159=CYLINDRICAL_SURFACE('',#3535,1.75000000000001);
#160=CYLINDRICAL_SURFACE('',#3537,1.75);
#161=CYLINDRICAL_SURFACE('',#3539,1.75);
#162=CYLINDRICAL_SURFACE('',#3541,1.75000000000001);
#163=CYLINDRICAL_SURFACE('',#3550,1.75);
#164=CYLINDRICAL_SURFACE('',#3552,1.75000000000001);
#165=CYLINDRICAL_SURFACE('',#3554,1.75);
#166=CYLINDRICAL_SURFACE('',#3564,5.699999839417);
#167=CYLINDRICAL_SURFACE('',#3566,5.69999983949998);
#168=CYLINDRICAL_SURFACE('',#3569,5.69999983941942);
#169=CYLINDRICAL_SURFACE('',#3572,5.2);
#170=CYLINDRICAL_SURFACE('',#3576,1.425);
#171=CYLINDRICAL_SURFACE('',#3578,4.);
#172=CYLINDRICAL_SURFACE('',#3581,1.425);
#173=CYLINDRICAL_SURFACE('',#3583,3.99999999999999);
#174=CYLINDRICAL_SURFACE('',#3586,1.425);
#175=CYLINDRICAL_SURFACE('',#3588,3.99999999999999);
#176=CYLINDRICAL_SURFACE('',#3591,1.425);
#177=CYLINDRICAL_SURFACE('',#3593,4.);
#178=CYLINDRICAL_SURFACE('',#3608,1.425);
#179=CYLINDRICAL_SURFACE('',#3612,1.425);
#180=CYLINDRICAL_SURFACE('',#3614,1.425);
#181=CYLINDRICAL_SURFACE('',#3618,1.425);
#182=CYLINDRICAL_SURFACE('',#3654,3.00000530154702);
#183=CYLINDRICAL_SURFACE('',#3659,5.00000530130038);
#184=CYLINDRICAL_SURFACE('',#3664,3.00000530154702);
#185=CYLINDRICAL_SURFACE('',#3670,5.00000530130038);
#186=CYLINDRICAL_SURFACE('',#3693,3.00000530154702);
#187=CYLINDRICAL_SURFACE('',#3696,5.00000530130038);
#188=CYLINDRICAL_SURFACE('',#3699,3.00000530154702);
#189=CYLINDRICAL_SURFACE('',#3703,5.00000530130038);
#190=CYLINDRICAL_SURFACE('',#3709,5.699999839417);
#191=CYLINDRICAL_SURFACE('',#3711,5.2);
#192=CYLINDRICAL_SURFACE('',#3713,5.69999983941942);
#193=CYLINDRICAL_SURFACE('',#3715,5.69999983949998);
#194=PLANE('',#3438);
#195=PLANE('',#3443);
#196=PLANE('',#3444);
#197=PLANE('',#3450);
#198=PLANE('',#3455);
#199=PLANE('',#3456);
#200=PLANE('',#3459);
#201=PLANE('',#3462);
#202=PLANE('',#3465);
#203=PLANE('',#3468);
#204=PLANE('',#3471);
#205=PLANE('',#3475);
#206=PLANE('',#3479);
#207=PLANE('',#3480);
#208=PLANE('',#3489);
#209=PLANE('',#3492);
#210=PLANE('',#3493);
#211=PLANE('',#3494);
#212=PLANE('',#3495);
#213=PLANE('',#3501);
#214=PLANE('',#3507);
#215=PLANE('',#3512);
#216=PLANE('',#3513);
#217=PLANE('',#3517);
#218=PLANE('',#3518);
#219=PLANE('',#3523);
#220=PLANE('',#3524);
#221=PLANE('',#3525);
#222=PLANE('',#3526);
#223=PLANE('',#3527);
#224=PLANE('',#3543);
#225=PLANE('',#3544);
#226=PLANE('',#3545);
#227=PLANE('',#3546);
#228=PLANE('',#3556);
#229=PLANE('',#3558);
#230=PLANE('',#3560);
#231=PLANE('',#3562);
#232=PLANE('',#3568);
#233=PLANE('',#3571);
#234=PLANE('',#3574);
#235=PLANE('',#3575);
#236=PLANE('',#3580);
#237=PLANE('',#3585);
#238=PLANE('',#3590);
#239=PLANE('',#3595);
#240=PLANE('',#3597);
#241=PLANE('',#3599);
#242=PLANE('',#3601);
#243=PLANE('',#3620);
#244=PLANE('',#3621);
#245=PLANE('',#3622);
#246=PLANE('',#3623);
#247=PLANE('',#3624);
#248=PLANE('',#3625);
#249=PLANE('',#3626);
#250=PLANE('',#3627);
#251=PLANE('',#3628);
#252=PLANE('',#3629);
#253=PLANE('',#3630);
#254=PLANE('',#3631);
#255=PLANE('',#3632);
#256=PLANE('',#3633);
#257=PLANE('',#3634);
#258=PLANE('',#3635);
#259=PLANE('',#3636);
#260=PLANE('',#3637);
#261=PLANE('',#3638);
#262=PLANE('',#3639);
#263=PLANE('',#3640);
#264=PLANE('',#3641);
#265=PLANE('',#3642);
#266=PLANE('',#3643);
#267=PLANE('',#3644);
#268=PLANE('',#3645);
#269=PLANE('',#3646);
#270=PLANE('',#3647);
#271=PLANE('',#3648);
#272=PLANE('',#3649);
#273=PLANE('',#3650);
#274=PLANE('',#3651);
#275=PLANE('',#3652);
#276=PLANE('',#3653);
#277=PLANE('',#3657);
#278=PLANE('',#3658);
#279=PLANE('',#3662);
#280=PLANE('',#3663);
#281=PLANE('',#3667);
#282=PLANE('',#3668);
#283=PLANE('',#3669);
#284=PLANE('',#3673);
#285=PLANE('',#3674);
#286=PLANE('',#3675);
#287=PLANE('',#3676);
#288=PLANE('',#3677);
#289=PLANE('',#3678);
#290=PLANE('',#3687);
#291=PLANE('',#3692);
#292=PLANE('',#3694);
#293=PLANE('',#3695);
#294=PLANE('',#3697);
#295=PLANE('',#3698);
#296=PLANE('',#3700);
#297=PLANE('',#3701);
#298=PLANE('',#3702);
#299=PLANE('',#3704);
#300=PLANE('',#3705);
#301=PLANE('',#3706);
#302=PLANE('',#3707);
#303=PLANE('',#3708);
#304=PLANE('',#3710);
#305=PLANE('',#3712);
#306=PLANE('',#3714);
#307=FACE_BOUND('',#535,.T.);
#308=FACE_BOUND('',#541,.T.);
#309=FACE_BOUND('',#542,.T.);
#310=FACE_BOUND('',#544,.T.);
#311=FACE_BOUND('',#573,.T.);
#312=FACE_BOUND('',#577,.T.);
#313=FACE_BOUND('',#581,.T.);
#314=FACE_BOUND('',#582,.T.);
#315=FACE_BOUND('',#585,.T.);
#316=FACE_BOUND('',#586,.T.);
#317=FACE_BOUND('',#587,.T.);
#318=FACE_BOUND('',#590,.T.);
#319=FACE_BOUND('',#591,.T.);
#320=FACE_BOUND('',#592,.T.);
#321=FACE_BOUND('',#593,.T.);
#322=FACE_BOUND('',#599,.T.);
#323=FACE_BOUND('',#600,.T.);
#324=FACE_BOUND('',#601,.T.);
#325=FACE_BOUND('',#612,.T.);
#326=FACE_BOUND('',#613,.T.);
#327=FACE_BOUND('',#614,.T.);
#328=FACE_BOUND('',#625,.T.);
#329=FACE_BOUND('',#628,.T.);
#330=FACE_BOUND('',#629,.T.);
#331=FACE_BOUND('',#632,.T.);
#332=FACE_BOUND('',#634,.T.);
#333=FACE_BOUND('',#635,.T.);
#334=FACE_BOUND('',#636,.T.);
#335=FACE_BOUND('',#637,.T.);
#336=FACE_BOUND('',#638,.T.);
#337=FACE_BOUND('',#639,.T.);
#338=FACE_BOUND('',#640,.T.);
#339=FACE_BOUND('',#641,.T.);
#340=FACE_BOUND('',#642,.T.);
#341=FACE_BOUND('',#646,.T.);
#342=FACE_BOUND('',#650,.T.);
#343=FACE_BOUND('',#654,.T.);
#344=FACE_BOUND('',#658,.T.);
#345=FACE_BOUND('',#662,.T.);
#346=FACE_BOUND('',#663,.T.);
#347=FACE_BOUND('',#664,.T.);
#348=FACE_BOUND('',#696,.T.);
#349=FACE_BOUND('',#710,.T.);
#350=FACE_BOUND('',#712,.T.);
#351=FACE_BOUND('',#731,.T.);
#352=FACE_BOUND('',#732,.T.);
#353=FACE_BOUND('',#733,.T.);
#354=FACE_BOUND('',#734,.T.);
#355=FACE_BOUND('',#735,.T.);
#356=FACE_OUTER_BOUND('',#534,.T.);
#357=FACE_OUTER_BOUND('',#536,.T.);
#358=FACE_OUTER_BOUND('',#537,.T.);
#359=FACE_OUTER_BOUND('',#538,.T.);
#360=FACE_OUTER_BOUND('',#539,.T.);
#361=FACE_OUTER_BOUND('',#540,.T.);
#362=FACE_OUTER_BOUND('',#543,.T.);
#363=FACE_OUTER_BOUND('',#545,.T.);
#364=FACE_OUTER_BOUND('',#546,.T.);
#365=FACE_OUTER_BOUND('',#547,.T.);
#366=FACE_OUTER_BOUND('',#548,.T.);
#367=FACE_OUTER_BOUND('',#549,.T.);
#368=FACE_OUTER_BOUND('',#550,.T.);
#369=FACE_OUTER_BOUND('',#551,.T.);
#370=FACE_OUTER_BOUND('',#552,.T.);
#371=FACE_OUTER_BOUND('',#553,.T.);
#372=FACE_OUTER_BOUND('',#554,.T.);
#373=FACE_OUTER_BOUND('',#555,.T.);
#374=FACE_OUTER_BOUND('',#556,.T.);
#375=FACE_OUTER_BOUND('',#557,.T.);
#376=FACE_OUTER_BOUND('',#558,.T.);
#377=FACE_OUTER_BOUND('',#559,.T.);
#378=FACE_OUTER_BOUND('',#560,.T.);
#379=FACE_OUTER_BOUND('',#561,.T.);
#380=FACE_OUTER_BOUND('',#562,.T.);
#381=FACE_OUTER_BOUND('',#563,.T.);
#382=FACE_OUTER_BOUND('',#564,.T.);
#383=FACE_OUTER_BOUND('',#565,.T.);
#384=FACE_OUTER_BOUND('',#566,.T.);
#385=FACE_OUTER_BOUND('',#567,.T.);
#386=FACE_OUTER_BOUND('',#568,.T.);
#387=FACE_OUTER_BOUND('',#569,.T.);
#388=FACE_OUTER_BOUND('',#570,.T.);
#389=FACE_OUTER_BOUND('',#571,.T.);
#390=FACE_OUTER_BOUND('',#572,.T.);
#391=FACE_OUTER_BOUND('',#574,.T.);
#392=FACE_OUTER_BOUND('',#575,.T.);
#393=FACE_OUTER_BOUND('',#576,.T.);
#394=FACE_OUTER_BOUND('',#578,.T.);
#395=FACE_OUTER_BOUND('',#579,.T.);
#396=FACE_OUTER_BOUND('',#580,.T.);
#397=FACE_OUTER_BOUND('',#583,.T.);
#398=FACE_OUTER_BOUND('',#584,.T.);
#399=FACE_OUTER_BOUND('',#588,.T.);
#400=FACE_OUTER_BOUND('',#589,.T.);
#401=FACE_OUTER_BOUND('',#594,.T.);
#402=FACE_OUTER_BOUND('',#595,.T.);
#403=FACE_OUTER_BOUND('',#596,.T.);
#404=FACE_OUTER_BOUND('',#597,.T.);
#405=FACE_OUTER_BOUND('',#598,.T.);
#406=FACE_OUTER_BOUND('',#602,.T.);
#407=FACE_OUTER_BOUND('',#603,.T.);
#408=FACE_OUTER_BOUND('',#604,.T.);
#409=FACE_OUTER_BOUND('',#605,.T.);
#410=FACE_OUTER_BOUND('',#606,.T.);
#411=FACE_OUTER_BOUND('',#607,.T.);
#412=FACE_OUTER_BOUND('',#608,.T.);
#413=FACE_OUTER_BOUND('',#609,.T.);
#414=FACE_OUTER_BOUND('',#610,.T.);
#415=FACE_OUTER_BOUND('',#611,.T.);
#416=FACE_OUTER_BOUND('',#615,.T.);
#417=FACE_OUTER_BOUND('',#616,.T.);
#418=FACE_OUTER_BOUND('',#617,.T.);
#419=FACE_OUTER_BOUND('',#618,.T.);
#420=FACE_OUTER_BOUND('',#619,.T.);
#421=FACE_OUTER_BOUND('',#620,.T.);
#422=FACE_OUTER_BOUND('',#621,.T.);
#423=FACE_OUTER_BOUND('',#622,.T.);
#424=FACE_OUTER_BOUND('',#623,.T.);
#425=FACE_OUTER_BOUND('',#624,.T.);
#426=FACE_OUTER_BOUND('',#626,.T.);
#427=FACE_OUTER_BOUND('',#627,.T.);
#428=FACE_OUTER_BOUND('',#630,.T.);
#429=FACE_OUTER_BOUND('',#631,.T.);
#430=FACE_OUTER_BOUND('',#633,.T.);
#431=FACE_OUTER_BOUND('',#643,.T.);
#432=FACE_OUTER_BOUND('',#644,.T.);
#433=FACE_OUTER_BOUND('',#645,.T.);
#434=FACE_OUTER_BOUND('',#647,.T.);
#435=FACE_OUTER_BOUND('',#648,.T.);
#436=FACE_OUTER_BOUND('',#649,.T.);
#437=FACE_OUTER_BOUND('',#651,.T.);
#438=FACE_OUTER_BOUND('',#652,.T.);
#439=FACE_OUTER_BOUND('',#653,.T.);
#440=FACE_OUTER_BOUND('',#655,.T.);
#441=FACE_OUTER_BOUND('',#656,.T.);
#442=FACE_OUTER_BOUND('',#657,.T.);
#443=FACE_OUTER_BOUND('',#659,.T.);
#444=FACE_OUTER_BOUND('',#660,.T.);
#445=FACE_OUTER_BOUND('',#661,.T.);
#446=FACE_OUTER_BOUND('',#665,.T.);
#447=FACE_OUTER_BOUND('',#666,.T.);
#448=FACE_OUTER_BOUND('',#667,.T.);
#449=FACE_OUTER_BOUND('',#668,.T.);
#450=FACE_OUTER_BOUND('',#669,.T.);
#451=FACE_OUTER_BOUND('',#670,.T.);
#452=FACE_OUTER_BOUND('',#671,.T.);
#453=FACE_OUTER_BOUND('',#672,.T.);
#454=FACE_OUTER_BOUND('',#673,.T.);
#455=FACE_OUTER_BOUND('',#674,.T.);
#456=FACE_OUTER_BOUND('',#675,.T.);
#457=FACE_OUTER_BOUND('',#676,.T.);
#458=FACE_OUTER_BOUND('',#677,.T.);
#459=FACE_OUTER_BOUND('',#678,.T.);
#460=FACE_OUTER_BOUND('',#679,.T.);
#461=FACE_OUTER_BOUND('',#680,.T.);
#462=FACE_OUTER_BOUND('',#681,.T.);
#463=FACE_OUTER_BOUND('',#682,.T.);
#464=FACE_OUTER_BOUND('',#683,.T.);
#465=FACE_OUTER_BOUND('',#684,.T.);
#466=FACE_OUTER_BOUND('',#685,.T.);
#467=FACE_OUTER_BOUND('',#686,.T.);
#468=FACE_OUTER_BOUND('',#687,.T.);
#469=FACE_OUTER_BOUND('',#688,.T.);
#470=FACE_OUTER_BOUND('',#689,.T.);
#471=FACE_OUTER_BOUND('',#690,.T.);
#472=FACE_OUTER_BOUND('',#691,.T.);
#473=FACE_OUTER_BOUND('',#692,.T.);
#474=FACE_OUTER_BOUND('',#693,.T.);
#475=FACE_OUTER_BOUND('',#694,.T.);
#476=FACE_OUTER_BOUND('',#695,.T.);
#477=FACE_OUTER_BOUND('',#697,.T.);
#478=FACE_OUTER_BOUND('',#698,.T.);
#479=FACE_OUTER_BOUND('',#699,.T.);
#480=FACE_OUTER_BOUND('',#700,.T.);
#481=FACE_OUTER_BOUND('',#701,.T.);
#482=FACE_OUTER_BOUND('',#702,.T.);
#483=FACE_OUTER_BOUND('',#703,.T.);
#484=FACE_OUTER_BOUND('',#704,.T.);
#485=FACE_OUTER_BOUND('',#705,.T.);
#486=FACE_OUTER_BOUND('',#706,.T.);
#487=FACE_OUTER_BOUND('',#707,.T.);
#488=FACE_OUTER_BOUND('',#708,.T.);
#489=FACE_OUTER_BOUND('',#709,.T.);
#490=FACE_OUTER_BOUND('',#711,.T.);
#491=FACE_OUTER_BOUND('',#713,.T.);
#492=FACE_OUTER_BOUND('',#714,.T.);
#493=FACE_OUTER_BOUND('',#715,.T.);
#494=FACE_OUTER_BOUND('',#716,.T.);
#495=FACE_OUTER_BOUND('',#717,.T.);
#496=FACE_OUTER_BOUND('',#718,.T.);
#497=FACE_OUTER_BOUND('',#719,.T.);
#498=FACE_OUTER_BOUND('',#720,.T.);
#499=FACE_OUTER_BOUND('',#721,.T.);
#500=FACE_OUTER_BOUND('',#722,.T.);
#501=FACE_OUTER_BOUND('',#723,.T.);
#502=FACE_OUTER_BOUND('',#724,.T.);
#503=FACE_OUTER_BOUND('',#725,.T.);
#504=FACE_OUTER_BOUND('',#726,.T.);
#505=FACE_OUTER_BOUND('',#727,.T.);
#506=FACE_OUTER_BOUND('',#728,.T.);
#507=FACE_OUTER_BOUND('',#729,.T.);
#508=FACE_OUTER_BOUND('',#730,.T.);
#509=FACE_OUTER_BOUND('',#736,.T.);
#510=FACE_OUTER_BOUND('',#737,.T.);
#511=FACE_OUTER_BOUND('',#738,.T.);
#512=FACE_OUTER_BOUND('',#739,.T.);
#513=FACE_OUTER_BOUND('',#740,.T.);
#514=FACE_OUTER_BOUND('',#741,.T.);
#515=FACE_OUTER_BOUND('',#742,.T.);
#516=FACE_OUTER_BOUND('',#743,.T.);
#517=FACE_OUTER_BOUND('',#744,.T.);
#518=FACE_OUTER_BOUND('',#745,.T.);
#519=FACE_OUTER_BOUND('',#746,.T.);
#520=FACE_OUTER_BOUND('',#747,.T.);
#521=FACE_OUTER_BOUND('',#748,.T.);
#522=FACE_OUTER_BOUND('',#749,.T.);
#523=FACE_OUTER_BOUND('',#750,.T.);
#524=FACE_OUTER_BOUND('',#751,.T.);
#525=FACE_OUTER_BOUND('',#752,.T.);
#526=FACE_OUTER_BOUND('',#753,.T.);
#527=FACE_OUTER_BOUND('',#754,.T.);
#528=FACE_OUTER_BOUND('',#755,.T.);
#529=FACE_OUTER_BOUND('',#756,.T.);
#530=FACE_OUTER_BOUND('',#757,.T.);
#531=FACE_OUTER_BOUND('',#758,.T.);
#532=FACE_OUTER_BOUND('',#759,.T.);
#533=FACE_OUTER_BOUND('',#760,.T.);
#534=EDGE_LOOP('',(#2274,#2275,#2276,#2277,#2278,#2279));
#535=EDGE_LOOP('',(#2280,#2281));
#536=EDGE_LOOP('',(#2282,#2283,#2284,#2285));
#537=EDGE_LOOP('',(#2286,#2287,#2288,#2289,#2290));
#538=EDGE_LOOP('',(#2291,#2292,#2293,#2294));
#539=EDGE_LOOP('',(#2295,#2296,#2297,#2298));
#540=EDGE_LOOP('',(#2299,#2300,#2301,#2302,#2303,#2304));
#541=EDGE_LOOP('',(#2305,#2306,#2307,#2308));
#542=EDGE_LOOP('',(#2309,#2310,#2311,#2312));
#543=EDGE_LOOP('',(#2313,#2314,#2315,#2316,#2317,#2318));
#544=EDGE_LOOP('',(#2319,#2320));
#545=EDGE_LOOP('',(#2321,#2322,#2323,#2324));
#546=EDGE_LOOP('',(#2325,#2326,#2327,#2328,#2329));
#547=EDGE_LOOP('',(#2330,#2331,#2332,#2333));
#548=EDGE_LOOP('',(#2334,#2335,#2336,#2337));
#549=EDGE_LOOP('',(#2338,#2339,#2340,#2341,#2342,#2343,#2344,#2345,#2346,
#2347,#2348,#2349,#2350,#2351,#2352,#2353,#2354,#2355,#2356,#2357,#2358,
#2359,#2360,#2361));
#550=EDGE_LOOP('',(#2362,#2363,#2364,#2365));
#551=EDGE_LOOP('',(#2366,#2367,#2368,#2369));
#552=EDGE_LOOP('',(#2370,#2371,#2372,#2373));
#553=EDGE_LOOP('',(#2374,#2375,#2376,#2377));
#554=EDGE_LOOP('',(#2378,#2379,#2380,#2381));
#555=EDGE_LOOP('',(#2382,#2383,#2384,#2385));
#556=EDGE_LOOP('',(#2386,#2387,#2388,#2389));
#557=EDGE_LOOP('',(#2390,#2391,#2392,#2393));
#558=EDGE_LOOP('',(#2394,#2395,#2396,#2397));
#559=EDGE_LOOP('',(#2398,#2399,#2400,#2401));
#560=EDGE_LOOP('',(#2402,#2403,#2404,#2405));
#561=EDGE_LOOP('',(#2406,#2407,#2408,#2409));
#562=EDGE_LOOP('',(#2410,#2411,#2412,#2413));
#563=EDGE_LOOP('',(#2414,#2415,#2416,#2417));
#564=EDGE_LOOP('',(#2418,#2419,#2420,#2421));
#565=EDGE_LOOP('',(#2422,#2423,#2424,#2425));
#566=EDGE_LOOP('',(#2426,#2427,#2428,#2429));
#567=EDGE_LOOP('',(#2430,#2431,#2432,#2433));
#568=EDGE_LOOP('',(#2434,#2435,#2436,#2437));
#569=EDGE_LOOP('',(#2438,#2439,#2440,#2441));
#570=EDGE_LOOP('',(#2442,#2443,#2444,#2445));
#571=EDGE_LOOP('',(#2446,#2447,#2448,#2449,#2450,#2451,#2452,#2453,#2454,
#2455));
#572=EDGE_LOOP('',(#2456,#2457,#2458,#2459,#2460,#2461));
#573=EDGE_LOOP('',(#2462,#2463,#2464,#2465));
#574=EDGE_LOOP('',(#2466,#2467,#2468,#2469));
#575=EDGE_LOOP('',(#2470,#2471,#2472,#2473));
#576=EDGE_LOOP('',(#2474,#2475,#2476,#2477,#2478,#2479));
#577=EDGE_LOOP('',(#2480,#2481,#2482,#2483));
#578=EDGE_LOOP('',(#2484,#2485,#2486,#2487));
#579=EDGE_LOOP('',(#2488,#2489,#2490,#2491));
#580=EDGE_LOOP('',(#2492,#2493,#2494,#2495,#2496,#2497,#2498,#2499,#2500,
#2501,#2502,#2503,#2504,#2505,#2506,#2507,#2508,#2509,#2510,#2511,#2512,
#2513,#2514,#2515));
#581=EDGE_LOOP('',(#2516));
#582=EDGE_LOOP('',(#2517));
#583=EDGE_LOOP('',(#2518,#2519,#2520,#2521));
#584=EDGE_LOOP('',(#2522,#2523,#2524,#2525));
#585=EDGE_LOOP('',(#2526));
#586=EDGE_LOOP('',(#2527));
#587=EDGE_LOOP('',(#2528));
#588=EDGE_LOOP('',(#2529,#2530,#2531,#2532));
#589=EDGE_LOOP('',(#2533,#2534,#2535,#2536,#2537,#2538,#2539,#2540,#2541,
#2542,#2543,#2544,#2545,#2546,#2547,#2548,#2549,#2550,#2551,#2552));
#590=EDGE_LOOP('',(#2553));
#591=EDGE_LOOP('',(#2554));
#592=EDGE_LOOP('',(#2555));
#593=EDGE_LOOP('',(#2556));
#594=EDGE_LOOP('',(#2557,#2558,#2559,#2560));
#595=EDGE_LOOP('',(#2561,#2562,#2563,#2564));
#596=EDGE_LOOP('',(#2565,#2566,#2567,#2568));
#597=EDGE_LOOP('',(#2569,#2570,#2571,#2572));
#598=EDGE_LOOP('',(#2573,#2574,#2575,#2576));
#599=EDGE_LOOP('',(#2577));
#600=EDGE_LOOP('',(#2578));
#601=EDGE_LOOP('',(#2579));
#602=EDGE_LOOP('',(#2580,#2581,#2582,#2583));
#603=EDGE_LOOP('',(#2584,#2585,#2586,#2587));
#604=EDGE_LOOP('',(#2588,#2589,#2590,#2591));
#605=EDGE_LOOP('',(#2592,#2593,#2594,#2595));
#606=EDGE_LOOP('',(#2596,#2597,#2598,#2599));
#607=EDGE_LOOP('',(#2600,#2601,#2602,#2603));
#608=EDGE_LOOP('',(#2604,#2605,#2606,#2607));
#609=EDGE_LOOP('',(#2608,#2609,#2610,#2611));
#610=EDGE_LOOP('',(#2612,#2613,#2614,#2615));
#611=EDGE_LOOP('',(#2616,#2617,#2618,#2619));
#612=EDGE_LOOP('',(#2620));
#613=EDGE_LOOP('',(#2621));
#614=EDGE_LOOP('',(#2622));
#615=EDGE_LOOP('',(#2623,#2624,#2625,#2626));
#616=EDGE_LOOP('',(#2627,#2628,#2629,#2630));
#617=EDGE_LOOP('',(#2631,#2632,#2633,#2634));
#618=EDGE_LOOP('',(#2635));
#619=EDGE_LOOP('',(#2636));
#620=EDGE_LOOP('',(#2637));
#621=EDGE_LOOP('',(#2638));
#622=EDGE_LOOP('',(#2639,#2640,#2641,#2642));
#623=EDGE_LOOP('',(#2643,#2644,#2645,#2646));
#624=EDGE_LOOP('',(#2647,#2648,#2649,#2650));
#625=EDGE_LOOP('',(#2651,#2652,#2653,#2654));
#626=EDGE_LOOP('',(#2655,#2656,#2657,#2658));
#627=EDGE_LOOP('',(#2659,#2660,#2661,#2662));
#628=EDGE_LOOP('',(#2663,#2664,#2665,#2666));
#629=EDGE_LOOP('',(#2667,#2668,#2669,#2670));
#630=EDGE_LOOP('',(#2671,#2672,#2673,#2674));
#631=EDGE_LOOP('',(#2675,#2676,#2677,#2678));
#632=EDGE_LOOP('',(#2679,#2680,#2681,#2682));
#633=EDGE_LOOP('',(#2683,#2684,#2685,#2686,#2687,#2688,#2689,#2690));
#634=EDGE_LOOP('',(#2691));
#635=EDGE_LOOP('',(#2692));
#636=EDGE_LOOP('',(#2693));
#637=EDGE_LOOP('',(#2694));
#638=EDGE_LOOP('',(#2695));
#639=EDGE_LOOP('',(#2696));
#640=EDGE_LOOP('',(#2697));
#641=EDGE_LOOP('',(#2698));
#642=EDGE_LOOP('',(#2699));
#643=EDGE_LOOP('',(#2700,#2701,#2702,#2703));
#644=EDGE_LOOP('',(#2704,#2705,#2706,#2707));
#645=EDGE_LOOP('',(#2708));
#646=EDGE_LOOP('',(#2709));
#647=EDGE_LOOP('',(#2710,#2711,#2712,#2713));
#648=EDGE_LOOP('',(#2714,#2715,#2716,#2717));
#649=EDGE_LOOP('',(#2718));
#650=EDGE_LOOP('',(#2719));
#651=EDGE_LOOP('',(#2720,#2721,#2722,#2723));
#652=EDGE_LOOP('',(#2724,#2725,#2726,#2727));
#653=EDGE_LOOP('',(#2728));
#654=EDGE_LOOP('',(#2729));
#655=EDGE_LOOP('',(#2730,#2731,#2732,#2733));
#656=EDGE_LOOP('',(#2734,#2735,#2736,#2737));
#657=EDGE_LOOP('',(#2738));
#658=EDGE_LOOP('',(#2739));
#659=EDGE_LOOP('',(#2740));
#660=EDGE_LOOP('',(#2741));
#661=EDGE_LOOP('',(#2742,#2743,#2744,#2745,#2746,#2747,#2748,#2749));
#662=EDGE_LOOP('',(#2750));
#663=EDGE_LOOP('',(#2751));
#664=EDGE_LOOP('',(#2752,#2753,#2754,#2755,#2756,#2757));
#665=EDGE_LOOP('',(#2758,#2759,#2760,#2761));
#666=EDGE_LOOP('',(#2762,#2763,#2764,#2765));
#667=EDGE_LOOP('',(#2766,#2767,#2768,#2769));
#668=EDGE_LOOP('',(#2770,#2771,#2772,#2773));
#669=EDGE_LOOP('',(#2774,#2775,#2776,#2777));
#670=EDGE_LOOP('',(#2778,#2779,#2780,#2781));
#671=EDGE_LOOP('',(#2782,#2783,#2784,#2785));
#672=EDGE_LOOP('',(#2786,#2787,#2788,#2789));
#673=EDGE_LOOP('',(#2790,#2791,#2792,#2793));
#674=EDGE_LOOP('',(#2794,#2795,#2796,#2797));
#675=EDGE_LOOP('',(#2798,#2799,#2800,#2801));
#676=EDGE_LOOP('',(#2802,#2803,#2804,#2805));
#677=EDGE_LOOP('',(#2806,#2807,#2808,#2809));
#678=EDGE_LOOP('',(#2810,#2811,#2812,#2813));
#679=EDGE_LOOP('',(#2814,#2815,#2816,#2817));
#680=EDGE_LOOP('',(#2818,#2819,#2820,#2821));
#681=EDGE_LOOP('',(#2822,#2823,#2824,#2825));
#682=EDGE_LOOP('',(#2826,#2827,#2828,#2829));
#683=EDGE_LOOP('',(#2830,#2831,#2832,#2833));
#684=EDGE_LOOP('',(#2834,#2835,#2836,#2837));
#685=EDGE_LOOP('',(#2838,#2839,#2840,#2841));
#686=EDGE_LOOP('',(#2842,#2843,#2844,#2845));
#687=EDGE_LOOP('',(#2846,#2847,#2848,#2849));
#688=EDGE_LOOP('',(#2850,#2851,#2852,#2853));
#689=EDGE_LOOP('',(#2854,#2855,#2856,#2857));
#690=EDGE_LOOP('',(#2858,#2859,#2860,#2861));
#691=EDGE_LOOP('',(#2862,#2863,#2864,#2865));
#692=EDGE_LOOP('',(#2866,#2867,#2868,#2869));
#693=EDGE_LOOP('',(#2870,#2871,#2872,#2873));
#694=EDGE_LOOP('',(#2874,#2875,#2876,#2877));
#695=EDGE_LOOP('',(#2878,#2879,#2880,#2881,#2882,#2883));
#696=EDGE_LOOP('',(#2884,#2885,#2886,#2887,#2888,#2889,#2890,#2891,#2892,
#2893,#2894,#2895,#2896,#2897));
#697=EDGE_LOOP('',(#2898,#2899,#2900,#2901));
#698=EDGE_LOOP('',(#2902,#2903,#2904,#2905));
#699=EDGE_LOOP('',(#2906,#2907,#2908,#2909));
#700=EDGE_LOOP('',(#2910,#2911,#2912,#2913));
#701=EDGE_LOOP('',(#2914,#2915,#2916,#2917));
#702=EDGE_LOOP('',(#2918,#2919,#2920,#2921));
#703=EDGE_LOOP('',(#2922,#2923,#2924,#2925));
#704=EDGE_LOOP('',(#2926,#2927,#2928,#2929));
#705=EDGE_LOOP('',(#2930,#2931,#2932,#2933));
#706=EDGE_LOOP('',(#2934,#2935,#2936,#2937));
#707=EDGE_LOOP('',(#2938,#2939,#2940,#2941));
#708=EDGE_LOOP('',(#2942,#2943,#2944,#2945));
#709=EDGE_LOOP('',(#2946,#2947,#2948,#2949,#2950,#2951));
#710=EDGE_LOOP('',(#2952,#2953,#2954,#2955,#2956,#2957));
#711=EDGE_LOOP('',(#2958,#2959,#2960,#2961,#2962,#2963));
#712=EDGE_LOOP('',(#2964,#2965,#2966,#2967,#2968,#2969));
#713=EDGE_LOOP('',(#2970,#2971,#2972,#2973));
#714=EDGE_LOOP('',(#2974,#2975,#2976,#2977));
#715=EDGE_LOOP('',(#2978,#2979,#2980,#2981));
#716=EDGE_LOOP('',(#2982,#2983,#2984,#2985));
#717=EDGE_LOOP('',(#2986,#2987,#2988,#2989));
#718=EDGE_LOOP('',(#2990,#2991,#2992,#2993));
#719=EDGE_LOOP('',(#2994,#2995,#2996,#2997));
#720=EDGE_LOOP('',(#2998,#2999,#3000,#3001));
#721=EDGE_LOOP('',(#3002,#3003,#3004,#3005));
#722=EDGE_LOOP('',(#3006,#3007,#3008,#3009));
#723=EDGE_LOOP('',(#3010,#3011,#3012,#3013));
#724=EDGE_LOOP('',(#3014,#3015,#3016,#3017));
#725=EDGE_LOOP('',(#3018,#3019,#3020,#3021));
#726=EDGE_LOOP('',(#3022,#3023,#3024,#3025));
#727=EDGE_LOOP('',(#3026,#3027,#3028,#3029));
#728=EDGE_LOOP('',(#3030,#3031,#3032,#3033));
#729=EDGE_LOOP('',(#3034,#3035,#3036,#3037));
#730=EDGE_LOOP('',(#3038,#3039,#3040,#3041,#3042,#3043,#3044,#3045));
#731=EDGE_LOOP('',(#3046));
#732=EDGE_LOOP('',(#3047));
#733=EDGE_LOOP('',(#3048));
#734=EDGE_LOOP('',(#3049));
#735=EDGE_LOOP('',(#3050,#3051,#3052,#3053,#3054,#3055,#3056,#3057,#3058,
#3059,#3060,#3061,#3062,#3063,#3064,#3065,#3066,#3067,#3068,#3069,#3070,
#3071,#3072,#3073,#3074,#3075,#3076,#3077,#3078,#3079,#3080,#3081,#3082,
#3083,#3084,#3085));
#736=EDGE_LOOP('',(#3086,#3087,#3088,#3089,#3090,#3091,#3092,#3093,#3094,
#3095,#3096,#3097,#3098,#3099,#3100,#3101,#3102,#3103,#3104,#3105,#3106,
#3107,#3108,#3109,#3110,#3111,#3112,#3113,#3114,#3115,#3116,#3117,#3118,
#3119,#3120,#3121));
#737=EDGE_LOOP('',(#3122,#3123,#3124,#3125,#3126,#3127,#3128,#3129,#3130,
#3131,#3132,#3133,#3134,#3135));
#738=EDGE_LOOP('',(#3136,#3137,#3138,#3139));
#739=EDGE_LOOP('',(#3140,#3141,#3142,#3143));
#740=EDGE_LOOP('',(#3144,#3145,#3146,#3147));
#741=EDGE_LOOP('',(#3148,#3149,#3150,#3151));
#742=EDGE_LOOP('',(#3152,#3153,#3154,#3155));
#743=EDGE_LOOP('',(#3156,#3157,#3158,#3159));
#744=EDGE_LOOP('',(#3160,#3161,#3162,#3163));
#745=EDGE_LOOP('',(#3164,#3165,#3166,#3167));
#746=EDGE_LOOP('',(#3168,#3169,#3170,#3171));
#747=EDGE_LOOP('',(#3172,#3173,#3174,#3175));
#748=EDGE_LOOP('',(#3176,#3177,#3178,#3179));
#749=EDGE_LOOP('',(#3180,#3181,#3182,#3183));
#750=EDGE_LOOP('',(#3184,#3185,#3186,#3187));
#751=EDGE_LOOP('',(#3188,#3189,#3190,#3191));
#752=EDGE_LOOP('',(#3192,#3193,#3194,#3195));
#753=EDGE_LOOP('',(#3196,#3197,#3198,#3199));
#754=EDGE_LOOP('',(#3200,#3201,#3202,#3203));
#755=EDGE_LOOP('',(#3204,#3205,#3206,#3207));
#756=EDGE_LOOP('',(#3208,#3209,#3210,#3211));
#757=EDGE_LOOP('',(#3212,#3213,#3214,#3215));
#758=EDGE_LOOP('',(#3216,#3217,#3218,#3219));
#759=EDGE_LOOP('',(#3220,#3221,#3222,#3223));
#760=EDGE_LOOP('',(#3224,#3225,#3226,#3227));
#761=(
BOUNDED_CURVE()
B_SPLINE_CURVE(2,(#4653,#4654,#4655),.UNSPECIFIED.,.F.,.F.)
B_SPLINE_CURVE_WITH_KNOTS((3,3),(0.324283011706074,0.820775109801143),
 .UNSPECIFIED.)
CURVE()
GEOMETRIC_REPRESENTATION_ITEM()
RATIONAL_B_SPLINE_CURVE((1.16115498833348,1.25415229189035,1.25415229189034))
REPRESENTATION_ITEM('')
);
#762=(
BOUNDED_CURVE()
B_SPLINE_CURVE(2,(#4676,#4677,#4678),.UNSPECIFIED.,.F.,.F.)
B_SPLINE_CURVE_WITH_KNOTS((3,3),(0.820775740226252,1.31726868783134),
 .UNSPECIFIED.)
CURVE()
GEOMETRIC_REPRESENTATION_ITEM()
RATIONAL_B_SPLINE_CURVE((1.25415291339156,1.25415291339376,1.16115520704521))
REPRESENTATION_ITEM('')
);
#763=(
BOUNDED_CURVE()
B_SPLINE_CURVE(2,(#4786,#4787,#4788),.UNSPECIFIED.,.F.,.F.)
B_SPLINE_CURVE_WITH_KNOTS((3,3),(0.324283011706074,0.820775109801143),
 .UNSPECIFIED.)
CURVE()
GEOMETRIC_REPRESENTATION_ITEM()
RATIONAL_B_SPLINE_CURVE((1.16115498833348,1.25415229189035,1.25415229189034))
REPRESENTATION_ITEM('')
);
#764=(
BOUNDED_CURVE()
B_SPLINE_CURVE(2,(#4809,#4810,#4811),.UNSPECIFIED.,.F.,.F.)
B_SPLINE_CURVE_WITH_KNOTS((3,3),(0.820775740226252,1.31726868783134),
 .UNSPECIFIED.)
CURVE()
GEOMETRIC_REPRESENTATION_ITEM()
RATIONAL_B_SPLINE_CURVE((1.25415291339156,1.25415291339376,1.16115520704521))
REPRESENTATION_ITEM('')
);
#765=(
BOUNDED_CURVE()
B_SPLINE_CURVE(3,(#5512,#5513,#5514,#5515),.UNSPECIFIED.,.F.,.F.)
B_SPLINE_CURVE_WITH_KNOTS((4,4),(-1.,0.),.UNSPECIFIED.)
CURVE()
GEOMETRIC_REPRESENTATION_ITEM()
RATIONAL_B_SPLINE_CURVE((1.,1.,1.,1.))
REPRESENTATION_ITEM('')
);
#766=(
BOUNDED_CURVE()
B_SPLINE_CURVE(3,(#5519,#5520,#5521,#5522),.UNSPECIFIED.,.F.,.F.)
B_SPLINE_CURVE_WITH_KNOTS((4,4),(-1.,0.),.UNSPECIFIED.)
CURVE()
GEOMETRIC_REPRESENTATION_ITEM()
RATIONAL_B_SPLINE_CURVE((1.,1.,1.,1.))
REPRESENTATION_ITEM('')
);
#767=(
BOUNDED_CURVE()
B_SPLINE_CURVE(3,(#5539,#5540,#5541,#5542),.UNSPECIFIED.,.F.,.F.)
B_SPLINE_CURVE_WITH_KNOTS((4,4),(-1.,0.),.UNSPECIFIED.)
CURVE()
GEOMETRIC_REPRESENTATION_ITEM()
RATIONAL_B_SPLINE_CURVE((1.,1.,1.,1.))
REPRESENTATION_ITEM('')
);
#768=(
BOUNDED_CURVE()
B_SPLINE_CURVE(3,(#5545,#5546,#5547,#5548),.UNSPECIFIED.,.F.,.F.)
B_SPLINE_CURVE_WITH_KNOTS((4,4),(-1.,0.),.UNSPECIFIED.)
CURVE()
GEOMETRIC_REPRESENTATION_ITEM()
RATIONAL_B_SPLINE_CURVE((1.,1.,1.,1.))
REPRESENTATION_ITEM('')
);
#769=(
BOUNDED_CURVE()
B_SPLINE_CURVE(3,(#5564,#5565,#5566,#5567),.UNSPECIFIED.,.F.,.F.)
B_SPLINE_CURVE_WITH_KNOTS((4,4),(-1.,0.),.UNSPECIFIED.)
CURVE()
GEOMETRIC_REPRESENTATION_ITEM()
RATIONAL_B_SPLINE_CURVE((1.,1.,1.,1.))
REPRESENTATION_ITEM('')
);
#770=(
BOUNDED_CURVE()
B_SPLINE_CURVE(3,(#5570,#5571,#5572,#5573),.UNSPECIFIED.,.F.,.F.)
B_SPLINE_CURVE_WITH_KNOTS((4,4),(-1.,0.),.UNSPECIFIED.)
CURVE()
GEOMETRIC_REPRESENTATION_ITEM()
RATIONAL_B_SPLINE_CURVE((1.,1.,1.,1.))
REPRESENTATION_ITEM('')
);
#771=LINE('',#4651,#1118);
#772=LINE('',#4679,#1119);
#773=LINE('',#4726,#1120);
#774=LINE('',#4728,#1121);
#775=LINE('',#4729,#1122);
#776=LINE('',#4732,#1123);
#777=LINE('',#4737,#1124);
#778=LINE('',#4740,#1125);
#779=LINE('',#4741,#1126);
#780=LINE('',#4744,#1127);
#781=LINE('',#4746,#1128);
#782=LINE('',#4748,#1129);
#783=LINE('',#4749,#1130);
#784=LINE('',#4754,#1131);
#785=LINE('',#4757,#1132);
#786=LINE('',#4760,#1133);
#787=LINE('',#4764,#1134);
#788=LINE('',#4784,#1135);
#789=LINE('',#4812,#1136);
#790=LINE('',#4859,#1137);
#791=LINE('',#4861,#1138);
#792=LINE('',#4862,#1139);
#793=LINE('',#4865,#1140);
#794=LINE('',#4870,#1141);
#795=LINE('',#4873,#1142);
#796=LINE('',#4874,#1143);
#797=LINE('',#4877,#1144);
#798=LINE('',#4879,#1145);
#799=LINE('',#4881,#1146);
#800=LINE('',#4883,#1147);
#801=LINE('',#4885,#1148);
#802=LINE('',#4887,#1149);
#803=LINE('',#4889,#1150);
#804=LINE('',#4891,#1151);
#805=LINE('',#4893,#1152);
#806=LINE('',#4895,#1153);
#807=LINE('',#4897,#1154);
#808=LINE('',#4899,#1155);
#809=LINE('',#4901,#1156);
#810=LINE('',#4903,#1157);
#811=LINE('',#4905,#1158);
#812=LINE('',#4907,#1159);
#813=LINE('',#4909,#1160);
#814=LINE('',#4913,#1161);
#815=LINE('',#4917,#1162);
#816=LINE('',#4918,#1163);
#817=LINE('',#4921,#1164);
#818=LINE('',#4923,#1165);
#819=LINE('',#4924,#1166);
#820=LINE('',#4928,#1167);
#821=LINE('',#4931,#1168);
#822=LINE('',#4932,#1169);
#823=LINE('',#4937,#1170);
#824=LINE('',#4939,#1171);
#825=LINE('',#4940,#1172);
#826=LINE('',#4943,#1173);
#827=LINE('',#4947,#1174);
#828=LINE('',#4948,#1175);
#829=LINE('',#4954,#1176);
#830=LINE('',#4956,#1177);
#831=LINE('',#4958,#1178);
#832=LINE('',#4959,#1179);
#833=LINE('',#4964,#1180);
#834=LINE('',#4968,#1181);
#835=LINE('',#4970,#1182);
#836=LINE('',#4971,#1183);
#837=LINE('',#4978,#1184);
#838=LINE('',#4980,#1185);
#839=LINE('',#4982,#1186);
#840=LINE('',#4983,#1187);
#841=LINE('',#4987,#1188);
#842=LINE('',#4989,#1189);
#843=LINE('',#4991,#1190);
#844=LINE('',#4992,#1191);
#845=LINE('',#5003,#1192);
#846=LINE('',#5004,#1193);
#847=LINE('',#5007,#1194);
#848=LINE('',#5008,#1195);
#849=LINE('',#5013,#1196);
#850=LINE('',#5014,#1197);
#851=LINE('',#5016,#1198);
#852=LINE('',#5019,#1199);
#853=LINE('',#5020,#1200);
#854=LINE('',#5023,#1201);
#855=LINE('',#5025,#1202);
#856=LINE('',#5027,#1203);
#857=LINE('',#5029,#1204);
#858=LINE('',#5030,#1205);
#859=LINE('',#5033,#1206);
#860=LINE('',#5035,#1207);
#861=LINE('',#5037,#1208);
#862=LINE('',#5038,#1209);
#863=LINE('',#5044,#1210);
#864=LINE('',#5048,#1211);
#865=LINE('',#5050,#1212);
#866=LINE('',#5051,#1213);
#867=LINE('',#5061,#1214);
#868=LINE('',#5065,#1215);
#869=LINE('',#5069,#1216);
#870=LINE('',#5073,#1217);
#871=LINE('',#5075,#1218);
#872=LINE('',#5076,#1219);
#873=LINE('',#5079,#1220);
#874=LINE('',#5080,#1221);
#875=LINE('',#5089,#1222);
#876=LINE('',#5090,#1223);
#877=LINE('',#5092,#1224);
#878=LINE('',#5094,#1225);
#879=LINE('',#5096,#1226);
#880=LINE('',#5097,#1227);
#881=LINE('',#5099,#1228);
#882=LINE('',#5101,#1229);
#883=LINE('',#5102,#1230);
#884=LINE('',#5114,#1231);
#885=LINE('',#5115,#1232);
#886=LINE('',#5118,#1233);
#887=LINE('',#5119,#1234);
#888=LINE('',#5121,#1235);
#889=LINE('',#5131,#1236);
#890=LINE('',#5135,#1237);
#891=LINE('',#5139,#1238);
#892=LINE('',#5143,#1239);
#893=LINE('',#5147,#1240);
#894=LINE('',#5151,#1241);
#895=LINE('',#5155,#1242);
#896=LINE('',#5156,#1243);
#897=LINE('',#5159,#1244);
#898=LINE('',#5160,#1245);
#899=LINE('',#5162,#1246);
#900=LINE('',#5172,#1247);
#901=LINE('',#5176,#1248);
#902=LINE('',#5180,#1249);
#903=LINE('',#5196,#1250);
#904=LINE('',#5201,#1251);
#905=LINE('',#5204,#1252);
#906=LINE('',#5205,#1253);
#907=LINE('',#5209,#1254);
#908=LINE('',#5212,#1255);
#909=LINE('',#5213,#1256);
#910=LINE('',#5217,#1257);
#911=LINE('',#5219,#1258);
#912=LINE('',#5223,#1259);
#913=LINE('',#5227,#1260);
#914=LINE('',#5232,#1261);
#915=LINE('',#5236,#1262);
#916=LINE('',#5241,#1263);
#917=LINE('',#5245,#1264);
#918=LINE('',#5250,#1265);
#919=LINE('',#5254,#1266);
#920=LINE('',#5269,#1267);
#921=LINE('',#5273,#1268);
#922=LINE('',#5277,#1269);
#923=LINE('',#5280,#1270);
#924=LINE('',#5301,#1271);
#925=LINE('',#5314,#1272);
#926=LINE('',#5326,#1273);
#927=LINE('',#5329,#1274);
#928=LINE('',#5334,#1275);
#929=LINE('',#5337,#1276);
#930=LINE('',#5341,#1277);
#931=LINE('',#5346,#1278);
#932=LINE('',#5349,#1279);
#933=LINE('',#5354,#1280);
#934=LINE('',#5356,#1281);
#935=LINE('',#5358,#1282);
#936=LINE('',#5359,#1283);
#937=LINE('',#5363,#1284);
#938=LINE('',#5365,#1285);
#939=LINE('',#5367,#1286);
#940=LINE('',#5368,#1287);
#941=LINE('',#5371,#1288);
#942=LINE('',#5373,#1289);
#943=LINE('',#5374,#1290);
#944=LINE('',#5377,#1291);
#945=LINE('',#5379,#1292);
#946=LINE('',#5380,#1293);
#947=LINE('',#5384,#1294);
#948=LINE('',#5386,#1295);
#949=LINE('',#5388,#1296);
#950=LINE('',#5389,#1297);
#951=LINE('',#5392,#1298);
#952=LINE('',#5394,#1299);
#953=LINE('',#5395,#1300);
#954=LINE('',#5398,#1301);
#955=LINE('',#5400,#1302);
#956=LINE('',#5401,#1303);
#957=LINE('',#5404,#1304);
#958=LINE('',#5406,#1305);
#959=LINE('',#5407,#1306);
#960=LINE('',#5410,#1307);
#961=LINE('',#5412,#1308);
#962=LINE('',#5413,#1309);
#963=LINE('',#5416,#1310);
#964=LINE('',#5418,#1311);
#965=LINE('',#5419,#1312);
#966=LINE('',#5422,#1313);
#967=LINE('',#5424,#1314);
#968=LINE('',#5425,#1315);
#969=LINE('',#5428,#1316);
#970=LINE('',#5430,#1317);
#971=LINE('',#5431,#1318);
#972=LINE('',#5434,#1319);
#973=LINE('',#5436,#1320);
#974=LINE('',#5437,#1321);
#975=LINE('',#5440,#1322);
#976=LINE('',#5442,#1323);
#977=LINE('',#5443,#1324);
#978=LINE('',#5446,#1325);
#979=LINE('',#5448,#1326);
#980=LINE('',#5449,#1327);
#981=LINE('',#5452,#1328);
#982=LINE('',#5454,#1329);
#983=LINE('',#5455,#1330);
#984=LINE('',#5458,#1331);
#985=LINE('',#5460,#1332);
#986=LINE('',#5461,#1333);
#987=LINE('',#5463,#1334);
#988=LINE('',#5464,#1335);
#989=LINE('',#5468,#1336);
#990=LINE('',#5470,#1337);
#991=LINE('',#5472,#1338);
#992=LINE('',#5473,#1339);
#993=LINE('',#5476,#1340);
#994=LINE('',#5478,#1341);
#995=LINE('',#5479,#1342);
#996=LINE('',#5482,#1343);
#997=LINE('',#5484,#1344);
#998=LINE('',#5485,#1345);
#999=LINE('',#5488,#1346);
#1000=LINE('',#5490,#1347);
#1001=LINE('',#5491,#1348);
#1002=LINE('',#5494,#1349);
#1003=LINE('',#5496,#1350);
#1004=LINE('',#5497,#1351);
#1005=LINE('',#5499,#1352);
#1006=LINE('',#5500,#1353);
#1007=LINE('',#5517,#1354);
#1008=LINE('',#5523,#1355);
#1009=LINE('',#5526,#1356);
#1010=LINE('',#5528,#1357);
#1011=LINE('',#5529,#1358);
#1012=LINE('',#5544,#1359);
#1013=LINE('',#5551,#1360);
#1014=LINE('',#5553,#1361);
#1015=LINE('',#5554,#1362);
#1016=LINE('',#5569,#1363);
#1017=LINE('',#5575,#1364);
#1018=LINE('',#5576,#1365);
#1019=LINE('',#5604,#1366);
#1020=LINE('',#5619,#1367);
#1021=LINE('',#5622,#1368);
#1022=LINE('',#5623,#1369);
#1023=LINE('',#5645,#1370);
#1024=LINE('',#5658,#1371);
#1025=LINE('',#5659,#1372);
#1026=LINE('',#5681,#1373);
#1027=LINE('',#5693,#1374);
#1028=LINE('',#5699,#1375);
#1029=LINE('',#5701,#1376);
#1030=LINE('',#5703,#1377);
#1031=LINE('',#5704,#1378);
#1032=LINE('',#5710,#1379);
#1033=LINE('',#5713,#1380);
#1034=LINE('',#5715,#1381);
#1035=LINE('',#5716,#1382);
#1036=LINE('',#5720,#1383);
#1037=LINE('',#5722,#1384);
#1038=LINE('',#5724,#1385);
#1039=LINE('',#5725,#1386);
#1040=LINE('',#5731,#1387);
#1041=LINE('',#5734,#1388);
#1042=LINE('',#5736,#1389);
#1043=LINE('',#5737,#1390);
#1044=LINE('',#5740,#1391);
#1045=LINE('',#5742,#1392);
#1046=LINE('',#5743,#1393);
#1047=LINE('',#5749,#1394);
#1048=LINE('',#5752,#1395);
#1049=LINE('',#5755,#1396);
#1050=LINE('',#5757,#1397);
#1051=LINE('',#5758,#1398);
#1052=LINE('',#5762,#1399);
#1053=LINE('',#5764,#1400);
#1054=LINE('',#5766,#1401);
#1055=LINE('',#5767,#1402);
#1056=LINE('',#5770,#1403);
#1057=LINE('',#5772,#1404);
#1058=LINE('',#5773,#1405);
#1059=LINE('',#5778,#1406);
#1060=LINE('',#5782,#1407);
#1061=LINE('',#5784,#1408);
#1062=LINE('',#5785,#1409);
#1063=LINE('',#5787,#1410);
#1064=LINE('',#5788,#1411);
#1065=LINE('',#5791,#1412);
#1066=LINE('',#5793,#1413);
#1067=LINE('',#5794,#1414);
#1068=LINE('',#5796,#1415);
#1069=LINE('',#5797,#1416);
#1070=LINE('',#5800,#1417);
#1071=LINE('',#5802,#1418);
#1072=LINE('',#5803,#1419);
#1073=LINE('',#5809,#1420);
#1074=LINE('',#5813,#1421);
#1075=LINE('',#5817,#1422);
#1076=LINE('',#5820,#1423);
#1077=LINE('',#5822,#1424);
#1078=LINE('',#5826,#1425);
#1079=LINE('',#5827,#1426);
#1080=LINE('',#5829,#1427);
#1081=LINE('',#5831,#1428);
#1082=LINE('',#5835,#1429);
#1083=LINE('',#5836,#1430);
#1084=LINE('',#5838,#1431);
#1085=LINE('',#5841,#1432);
#1086=LINE('',#5843,#1433);
#1087=LINE('',#5846,#1434);
#1088=LINE('',#5849,#1435);
#1089=LINE('',#5851,#1436);
#1090=LINE('',#5854,#1437);
#1091=LINE('',#5856,#1438);
#1092=LINE('',#5859,#1439);
#1093=LINE('',#5861,#1440);
#1094=LINE('',#5864,#1441);
#1095=LINE('',#5866,#1442);
#1096=LINE('',#5868,#1443);
#1097=LINE('',#5872,#1444);
#1098=LINE('',#5873,#1445);
#1099=LINE('',#5876,#1446);
#1100=LINE('',#5877,#1447);
#1101=LINE('',#5880,#1448);
#1102=LINE('',#5882,#1449);
#1103=LINE('',#5886,#1450);
#1104=LINE('',#5887,#1451);
#1105=LINE('',#5889,#1452);
#1106=LINE('',#5892,#1453);
#1107=LINE('',#5894,#1454);
#1108=LINE('',#5896,#1455);
#1109=LINE('',#5899,#1456);
#1110=LINE('',#5902,#1457);
#1111=LINE('',#5903,#1458);
#1112=LINE('',#5905,#1459);
#1113=LINE('',#5907,#1460);
#1114=LINE('',#5909,#1461);
#1115=LINE('',#5911,#1462);
#1116=LINE('',#5913,#1463);
#1117=LINE('',#5915,#1464);
#1118=VECTOR('',#3724,10.);
#1119=VECTOR('',#3725,10.);
#1120=VECTOR('',#3728,10.);
#1121=VECTOR('',#3729,10.);
#1122=VECTOR('',#3730,10.);
#1123=VECTOR('',#3733,1.425);
#1124=VECTOR('',#3740,10.);
#1125=VECTOR('',#3743,10.);
#1126=VECTOR('',#3744,10.);
#1127=VECTOR('',#3747,10.);
#1128=VECTOR('',#3748,10.);
#1129=VECTOR('',#3749,10.);
#1130=VECTOR('',#3750,10.);
#1131=VECTOR('',#3753,10.);
#1132=VECTOR('',#3756,10.);
#1133=VECTOR('',#3757,10.);
#1134=VECTOR('',#3760,10.);
#1135=VECTOR('',#3765,10.);
#1136=VECTOR('',#3766,10.);
#1137=VECTOR('',#3769,10.);
#1138=VECTOR('',#3770,10.);
#1139=VECTOR('',#3771,10.);
#1140=VECTOR('',#3774,1.425);
#1141=VECTOR('',#3781,10.);
#1142=VECTOR('',#3784,10.);
#1143=VECTOR('',#3785,10.);
#1144=VECTOR('',#3788,10.);
#1145=VECTOR('',#3789,10.);
#1146=VECTOR('',#3790,10.);
#1147=VECTOR('',#3791,10.);
#1148=VECTOR('',#3792,10.);
#1149=VECTOR('',#3793,10.);
#1150=VECTOR('',#3794,10.);
#1151=VECTOR('',#3795,10.);
#1152=VECTOR('',#3796,10.);
#1153=VECTOR('',#3797,10.);
#1154=VECTOR('',#3798,10.);
#1155=VECTOR('',#3799,10.);
#1156=VECTOR('',#3800,10.);
#1157=VECTOR('',#3801,10.);
#1158=VECTOR('',#3802,10.);
#1159=VECTOR('',#3803,10.);
#1160=VECTOR('',#3804,10.);
#1161=VECTOR('',#3807,10.);
#1162=VECTOR('',#3810,10.);
#1163=VECTOR('',#3811,10.);
#1164=VECTOR('',#3814,10.);
#1165=VECTOR('',#3815,10.);
#1166=VECTOR('',#3816,10.);
#1167=VECTOR('',#3821,10.);
#1168=VECTOR('',#3824,10.);
#1169=VECTOR('',#3825,10.);
#1170=VECTOR('',#3832,10.);
#1171=VECTOR('',#3833,10.);
#1172=VECTOR('',#3834,10.);
#1173=VECTOR('',#3837,10.);
#1174=VECTOR('',#3842,10.);
#1175=VECTOR('',#3843,10.);
#1176=VECTOR('',#3850,10.);
#1177=VECTOR('',#3851,10.);
#1178=VECTOR('',#3852,10.);
#1179=VECTOR('',#3853,10.);
#1180=VECTOR('',#3858,10.);
#1181=VECTOR('',#3863,10.);
#1182=VECTOR('',#3864,10.);
#1183=VECTOR('',#3865,10.);
#1184=VECTOR('',#3874,10.);
#1185=VECTOR('',#3875,10.);
#1186=VECTOR('',#3876,10.);
#1187=VECTOR('',#3877,10.);
#1188=VECTOR('',#3880,10.);
#1189=VECTOR('',#3881,10.);
#1190=VECTOR('',#3882,10.);
#1191=VECTOR('',#3883,10.);
#1192=VECTOR('',#3900,10.);
#1193=VECTOR('',#3901,10.);
#1194=VECTOR('',#3904,10.);
#1195=VECTOR('',#3905,10.);
#1196=VECTOR('',#3910,10.);
#1197=VECTOR('',#3911,10.);
#1198=VECTOR('',#3914,10.);
#1199=VECTOR('',#3917,10.);
#1200=VECTOR('',#3918,10.);
#1201=VECTOR('',#3921,10.);
#1202=VECTOR('',#3922,10.);
#1203=VECTOR('',#3923,10.);
#1204=VECTOR('',#3924,10.);
#1205=VECTOR('',#3925,10.);
#1206=VECTOR('',#3928,10.);
#1207=VECTOR('',#3929,10.);
#1208=VECTOR('',#3930,10.);
#1209=VECTOR('',#3931,10.);
#1210=VECTOR('',#3940,10.);
#1211=VECTOR('',#3945,10.);
#1212=VECTOR('',#3946,10.);
#1213=VECTOR('',#3947,10.);
#1214=VECTOR('',#3962,10.);
#1215=VECTOR('',#3965,10.);
#1216=VECTOR('',#3968,10.);
#1217=VECTOR('',#3973,10.);
#1218=VECTOR('',#3974,10.);
#1219=VECTOR('',#3975,10.);
#1220=VECTOR('',#3978,10.);
#1221=VECTOR('',#3979,10.);
#1222=VECTOR('',#3988,10.);
#1223=VECTOR('',#3989,10.);
#1224=VECTOR('',#3992,10.);
#1225=VECTOR('',#3993,10.);
#1226=VECTOR('',#3994,10.);
#1227=VECTOR('',#3995,10.);
#1228=VECTOR('',#3996,10.);
#1229=VECTOR('',#3997,10.);
#1230=VECTOR('',#3998,10.);
#1231=VECTOR('',#4011,10.);
#1232=VECTOR('',#4012,10.);
#1233=VECTOR('',#4015,10.);
#1234=VECTOR('',#4016,10.);
#1235=VECTOR('',#4019,10.);
#1236=VECTOR('',#4030,1.75);
#1237=VECTOR('',#4035,1.75);
#1238=VECTOR('',#4040,1.75000000000001);
#1239=VECTOR('',#4045,1.75);
#1240=VECTOR('',#4050,1.75);
#1241=VECTOR('',#4055,1.75000000000001);
#1242=VECTOR('',#4060,10.);
#1243=VECTOR('',#4061,10.);
#1244=VECTOR('',#4064,10.);
#1245=VECTOR('',#4065,10.);
#1246=VECTOR('',#4068,10.);
#1247=VECTOR('',#4079,1.75);
#1248=VECTOR('',#4084,1.75000000000001);
#1249=VECTOR('',#4089,1.75);
#1250=VECTOR('',#4110,10.);
#1251=VECTOR('',#4117,10.);
#1252=VECTOR('',#4120,10.);
#1253=VECTOR('',#4121,10.);
#1254=VECTOR('',#4126,10.);
#1255=VECTOR('',#4129,10.);
#1256=VECTOR('',#4130,10.);
#1257=VECTOR('',#4135,10.);
#1258=VECTOR('',#4138,10.);
#1259=VECTOR('',#4143,1.425);
#1260=VECTOR('',#4148,4.);
#1261=VECTOR('',#4155,1.425);
#1262=VECTOR('',#4160,3.99999999999999);
#1263=VECTOR('',#4167,1.425);
#1264=VECTOR('',#4172,3.99999999999999);
#1265=VECTOR('',#4179,1.425);
#1266=VECTOR('',#4184,4.);
#1267=VECTOR('',#4203,10.);
#1268=VECTOR('',#4206,10.);
#1269=VECTOR('',#4209,10.);
#1270=VECTOR('',#4212,10.);
#1271=VECTOR('',#4217,10.);
#1272=VECTOR('',#4218,10.);
#1273=VECTOR('',#4219,10.);
#1274=VECTOR('',#4222,1.425);
#1275=VECTOR('',#4229,1.525);
#1276=VECTOR('',#4232,1.425);
#1277=VECTOR('',#4237,1.425);
#1278=VECTOR('',#4244,1.525);
#1279=VECTOR('',#4247,1.425);
#1280=VECTOR('',#4252,10.);
#1281=VECTOR('',#4253,10.);
#1282=VECTOR('',#4254,10.);
#1283=VECTOR('',#4255,10.);
#1284=VECTOR('',#4258,10.);
#1285=VECTOR('',#4259,10.);
#1286=VECTOR('',#4260,10.);
#1287=VECTOR('',#4261,10.);
#1288=VECTOR('',#4264,10.);
#1289=VECTOR('',#4265,10.);
#1290=VECTOR('',#4266,10.);
#1291=VECTOR('',#4269,10.);
#1292=VECTOR('',#4270,10.);
#1293=VECTOR('',#4271,10.);
#1294=VECTOR('',#4274,10.);
#1295=VECTOR('',#4275,10.);
#1296=VECTOR('',#4276,10.);
#1297=VECTOR('',#4277,10.);
#1298=VECTOR('',#4280,10.);
#1299=VECTOR('',#4281,10.);
#1300=VECTOR('',#4282,10.);
#1301=VECTOR('',#4285,10.);
#1302=VECTOR('',#4286,10.);
#1303=VECTOR('',#4287,10.);
#1304=VECTOR('',#4290,10.);
#1305=VECTOR('',#4291,10.);
#1306=VECTOR('',#4292,10.);
#1307=VECTOR('',#4295,10.);
#1308=VECTOR('',#4296,10.);
#1309=VECTOR('',#4297,10.);
#1310=VECTOR('',#4300,10.);
#1311=VECTOR('',#4301,10.);
#1312=VECTOR('',#4302,10.);
#1313=VECTOR('',#4305,10.);
#1314=VECTOR('',#4306,10.);
#1315=VECTOR('',#4307,10.);
#1316=VECTOR('',#4310,10.);
#1317=VECTOR('',#4311,10.);
#1318=VECTOR('',#4312,10.);
#1319=VECTOR('',#4315,10.);
#1320=VECTOR('',#4316,10.);
#1321=VECTOR('',#4317,10.);
#1322=VECTOR('',#4320,10.);
#1323=VECTOR('',#4321,10.);
#1324=VECTOR('',#4322,10.);
#1325=VECTOR('',#4325,10.);
#1326=VECTOR('',#4326,10.);
#1327=VECTOR('',#4327,10.);
#1328=VECTOR('',#4330,10.);
#1329=VECTOR('',#4331,10.);
#1330=VECTOR('',#4332,10.);
#1331=VECTOR('',#4335,10.);
#1332=VECTOR('',#4336,10.);
#1333=VECTOR('',#4337,10.);
#1334=VECTOR('',#4340,10.);
#1335=VECTOR('',#4341,10.);
#1336=VECTOR('',#4344,10.);
#1337=VECTOR('',#4345,10.);
#1338=VECTOR('',#4346,10.);
#1339=VECTOR('',#4347,10.);
#1340=VECTOR('',#4350,10.);
#1341=VECTOR('',#4351,10.);
#1342=VECTOR('',#4352,10.);
#1343=VECTOR('',#4355,10.);
#1344=VECTOR('',#4356,10.);
#1345=VECTOR('',#4357,10.);
#1346=VECTOR('',#4360,10.);
#1347=VECTOR('',#4361,10.);
#1348=VECTOR('',#4362,10.);
#1349=VECTOR('',#4365,10.);
#1350=VECTOR('',#4366,10.);
#1351=VECTOR('',#4367,10.);
#1352=VECTOR('',#4370,10.);
#1353=VECTOR('',#4371,10.);
#1354=VECTOR('',#4374,10.);
#1355=VECTOR('',#4375,10.);
#1356=VECTOR('',#4378,10.);
#1357=VECTOR('',#4379,10.);
#1358=VECTOR('',#4380,10.);
#1359=VECTOR('',#4381,10.);
#1360=VECTOR('',#4384,10.);
#1361=VECTOR('',#4385,10.);
#1362=VECTOR('',#4386,10.);
#1363=VECTOR('',#4387,10.);
#1364=VECTOR('',#4390,10.);
#1365=VECTOR('',#4391,10.);
#1366=VECTOR('',#4392,10.);
#1367=VECTOR('',#4393,10.);
#1368=VECTOR('',#4396,10.);
#1369=VECTOR('',#4397,10.);
#1370=VECTOR('',#4398,10.);
#1371=VECTOR('',#4401,10.);
#1372=VECTOR('',#4402,10.);
#1373=VECTOR('',#4403,10.);
#1374=VECTOR('',#4406,10.);
#1375=VECTOR('',#4413,10.);
#1376=VECTOR('',#4414,10.);
#1377=VECTOR('',#4415,10.);
#1378=VECTOR('',#4416,10.);
#1379=VECTOR('',#4421,10.);
#1380=VECTOR('',#4424,10.);
#1381=VECTOR('',#4427,10.);
#1382=VECTOR('',#4428,10.);
#1383=VECTOR('',#4431,10.);
#1384=VECTOR('',#4432,10.);
#1385=VECTOR('',#4433,10.);
#1386=VECTOR('',#4434,10.);
#1387=VECTOR('',#4441,10.);
#1388=VECTOR('',#4444,10.);
#1389=VECTOR('',#4445,10.);
#1390=VECTOR('',#4446,10.);
#1391=VECTOR('',#4449,10.);
#1392=VECTOR('',#4450,10.);
#1393=VECTOR('',#4451,10.);
#1394=VECTOR('',#4456,10.);
#1395=VECTOR('',#4459,10.);
#1396=VECTOR('',#4462,10.);
#1397=VECTOR('',#4463,10.);
#1398=VECTOR('',#4464,10.);
#1399=VECTOR('',#4467,10.);
#1400=VECTOR('',#4468,10.);
#1401=VECTOR('',#4469,10.);
#1402=VECTOR('',#4470,10.);
#1403=VECTOR('',#4473,10.);
#1404=VECTOR('',#4474,10.);
#1405=VECTOR('',#4475,10.);
#1406=VECTOR('',#4480,10.);
#1407=VECTOR('',#4485,10.);
#1408=VECTOR('',#4486,10.);
#1409=VECTOR('',#4487,10.);
#1410=VECTOR('',#4490,10.);
#1411=VECTOR('',#4491,10.);
#1412=VECTOR('',#4494,10.);
#1413=VECTOR('',#4495,10.);
#1414=VECTOR('',#4496,10.);
#1415=VECTOR('',#4499,10.);
#1416=VECTOR('',#4500,10.);
#1417=VECTOR('',#4503,10.);
#1418=VECTOR('',#4504,10.);
#1419=VECTOR('',#4505,10.);
#1420=VECTOR('',#4510,10.);
#1421=VECTOR('',#4513,10.);
#1422=VECTOR('',#4516,10.);
#1423=VECTOR('',#4519,10.);
#1424=VECTOR('',#4520,10.);
#1425=VECTOR('',#4523,10.);
#1426=VECTOR('',#4524,10.);
#1427=VECTOR('',#4525,10.);
#1428=VECTOR('',#4526,10.);
#1429=VECTOR('',#4529,10.);
#1430=VECTOR('',#4530,10.);
#1431=VECTOR('',#4531,10.);
#1432=VECTOR('',#4534,10.);
#1433=VECTOR('',#4535,10.);
#1434=VECTOR('',#4538,10.);
#1435=VECTOR('',#4541,10.);
#1436=VECTOR('',#4542,10.);
#1437=VECTOR('',#4545,10.);
#1438=VECTOR('',#4546,10.);
#1439=VECTOR('',#4549,10.);
#1440=VECTOR('',#4550,10.);
#1441=VECTOR('',#4553,10.);
#1442=VECTOR('',#4554,10.);
#1443=VECTOR('',#4555,10.);
#1444=VECTOR('',#4558,10.);
#1445=VECTOR('',#4559,10.);
#1446=VECTOR('',#4564,10.);
#1447=VECTOR('',#4565,10.);
#1448=VECTOR('',#4570,10.);
#1449=VECTOR('',#4573,10.);
#1450=VECTOR('',#4580,10.);
#1451=VECTOR('',#4581,10.);
#1452=VECTOR('',#4584,10.);
#1453=VECTOR('',#4589,10.);
#1454=VECTOR('',#4592,10.);
#1455=VECTOR('',#4595,10.);
#1456=VECTOR('',#4600,10.);
#1457=VECTOR('',#4605,10.);
#1458=VECTOR('',#4606,10.);
#1459=VECTOR('',#4609,10.);
#1460=VECTOR('',#4612,10.);
#1461=VECTOR('',#4615,10.);
#1462=VECTOR('',#4618,10.);
#1463=VECTOR('',#4621,10.);
#1464=VECTOR('',#4624,10.);
#1465=B_SPLINE_CURVE_WITH_KNOTS('',3,(#4636,#4637,#4638,#4639,#4640,#4641,
#4642,#4643,#4644,#4645,#4646,#4647,#4648,#4649),.UNSPECIFIED.,.F.,.F.,
(4,2,2,2,2,2,4),(0.,0.214133100751508,0.321199651127262,0.428266201503016,
0.535332751878771,0.642399302254525,0.856532403006034),.UNSPECIFIED.);
#1466=B_SPLINE_CURVE_WITH_KNOTS('',3,(#4657,#4658,#4659,#4660,#4661,#4662,
#4663,#4664,#4665,#4666,#4667,#4668,#4669,#4670,#4671,#4672,#4673,#4674),
 .UNSPECIFIED.,.F.,.F.,(4,2,2,2,2,2,2,2,4),(0.426946746594094,0.427759239974218,
0.505023861121584,0.573454681863895,0.641885502606207,0.71031632334852,
0.778747144090833,0.856011765238197,0.856824652798042),.UNSPECIFIED.);
#1467=B_SPLINE_CURVE_WITH_KNOTS('',3,(#4682,#4683,#4684,#4685,#4686,#4687,
#4688,#4689,#4690,#4691,#4692,#4693,#4694,#4695,#4696,#4697),
 .UNSPECIFIED.,.F.,.F.,(4,2,2,2,2,2,2,4),(0.,0.0606559077299959,0.121311815459992,
0.165148766055689,0.208985716651385,0.252822667247083,0.296659617842781,
0.326676027641419),.UNSPECIFIED.);
#1468=B_SPLINE_CURVE_WITH_KNOTS('',3,(#4698,#4699,#4700,#4701,#4702,#4703,
#4704,#4705,#4706,#4707,#4708,#4709,#4710,#4711,#4712,#4713,#4714,#4715,
#4716,#4717,#4718,#4719,#4720,#4721,#4722,#4723),.UNSPECIFIED.,.F.,.F.,
(4,2,2,2,2,2,2,2,2,2,2,2,4),(0.326676027641419,0.357315525572777,0.417971433302773,
0.495734298983157,0.573497164663541,0.640314727656374,0.673723509152791,
0.707132290649208,0.740541072145625,0.773949853642042,0.840767416634877,
0.918530282315259,0.996293147995642),.UNSPECIFIED.);
#1469=B_SPLINE_CURVE_WITH_KNOTS('',3,(#4769,#4770,#4771,#4772,#4773,#4774,
#4775,#4776,#4777,#4778,#4779,#4780,#4781,#4782),.UNSPECIFIED.,.F.,.F.,
(4,2,2,2,2,2,4),(0.,0.214133118413802,0.321199677620703,0.428266236827603,
0.535332796034504,0.642399355241404,0.856532473655204),.UNSPECIFIED.);
#1470=B_SPLINE_CURVE_WITH_KNOTS('',3,(#4790,#4791,#4792,#4793,#4794,#4795,
#4796,#4797,#4798,#4799,#4800,#4801,#4802,#4803,#4804,#4805,#4806,#4807),
 .UNSPECIFIED.,.F.,.F.,(4,2,2,2,2,2,2,2,4),(0.426946746594094,0.427759239974218,
0.505023861121584,0.573454681863895,0.641885502606207,0.71031632334852,
0.778747144090833,0.856011765238197,0.856824652798042),.UNSPECIFIED.);
#1471=B_SPLINE_CURVE_WITH_KNOTS('',3,(#4815,#4816,#4817,#4818,#4819,#4820,
#4821,#4822,#4823,#4824,#4825,#4826,#4827,#4828,#4829,#4830),
 .UNSPECIFIED.,.F.,.F.,(4,2,2,2,2,2,2,4),(0.,0.0606559077299959,0.121311815459992,
0.165148766055689,0.208985716651385,0.252822667247083,0.296659617842781,
0.326676027641417),.UNSPECIFIED.);
#1472=B_SPLINE_CURVE_WITH_KNOTS('',3,(#4831,#4832,#4833,#4834,#4835,#4836,
#4837,#4838,#4839,#4840,#4841,#4842,#4843,#4844,#4845,#4846,#4847,#4848,
#4849,#4850,#4851,#4852,#4853,#4854,#4855,#4856),.UNSPECIFIED.,.F.,.F.,
(4,2,2,2,2,2,2,2,2,2,2,2,4),(0.326676027641417,0.357315525572777,0.417971433302773,
0.495734298983157,0.573497164663541,0.640314727656374,0.673723509152791,
0.707132290649208,0.740541072145625,0.773949853642042,0.840767416634877,
0.918530282315259,0.996293147995642),.UNSPECIFIED.);
#1473=B_SPLINE_CURVE_WITH_KNOTS('',3,(#5287,#5288,#5289,#5290,#5291,#5292,
#5293,#5294,#5295,#5296,#5297,#5298,#5299),.UNSPECIFIED.,.F.,.F.,(4,3,3,
3,4),(-0.00148933085019974,0.,0.471694724308845,0.934943287832974,0.998853109750064),
 .UNSPECIFIED.);
#1474=B_SPLINE_CURVE_WITH_KNOTS('',3,(#5303,#5304,#5305,#5306,#5307,#5308,
#5309,#5310,#5311,#5312),.UNSPECIFIED.,.F.,.F.,(4,3,3,4),(0.00646767611574345,
0.449832530052855,0.850147967026191,0.998520535640081),.UNSPECIFIED.);
#1475=B_SPLINE_CURVE_WITH_KNOTS('',3,(#5316,#5317,#5318,#5319,#5320,#5321,
#5322,#5323,#5324,#5325),.UNSPECIFIED.,.F.,.F.,(4,3,3,4),(7.91112044468134E-6,
0.393969157430844,0.859544851740189,1.),.UNSPECIFIED.);
#1476=B_SPLINE_CURVE_WITH_KNOTS('',3,(#5606,#5607,#5608,#5609,#5610,#5611,
#5612,#5613,#5614,#5615,#5616,#5617,#5618),.UNSPECIFIED.,.F.,.F.,(4,3,3,
3,4),(-0.00148933085019974,0.,0.471694724308845,0.934943287832974,0.998853109750064),
 .UNSPECIFIED.);
#1477=B_SPLINE_CURVE_WITH_KNOTS('',3,(#5646,#5647,#5648,#5649,#5650,#5651,
#5652,#5653,#5654,#5655),.UNSPECIFIED.,.F.,.F.,(4,3,3,4),(7.91112044468891E-6,
0.393969157430844,0.859544851740189,1.),.UNSPECIFIED.);
#1478=B_SPLINE_CURVE_WITH_KNOTS('',3,(#5682,#5683,#5684,#5685,#5686,#5687,
#5688,#5689,#5690,#5691),.UNSPECIFIED.,.F.,.F.,(4,3,3,4),(0.00646767611574345,
0.449832530052855,0.850147967026191,0.998520535640081),.UNSPECIFIED.);
#1479=VERTEX_POINT('',#4634);
#1480=VERTEX_POINT('',#4635);
#1481=VERTEX_POINT('',#4650);
#1482=VERTEX_POINT('',#4652);
#1483=VERTEX_POINT('',#4656);
#1484=VERTEX_POINT('',#4675);
#1485=VERTEX_POINT('',#4680);
#1486=VERTEX_POINT('',#4681);
#1487=VERTEX_POINT('',#4725);
#1488=VERTEX_POINT('',#4727);
#1489=VERTEX_POINT('',#4731);
#1490=VERTEX_POINT('',#4735);
#1491=VERTEX_POINT('',#4739);
#1492=VERTEX_POINT('',#4743);
#1493=VERTEX_POINT('',#4745);
#1494=VERTEX_POINT('',#4747);
#1495=VERTEX_POINT('',#4750);
#1496=VERTEX_POINT('',#4751);
#1497=VERTEX_POINT('',#4753);
#1498=VERTEX_POINT('',#4755);
#1499=VERTEX_POINT('',#4758);
#1500=VERTEX_POINT('',#4759);
#1501=VERTEX_POINT('',#4761);
#1502=VERTEX_POINT('',#4763);
#1503=VERTEX_POINT('',#4767);
#1504=VERTEX_POINT('',#4768);
#1505=VERTEX_POINT('',#4783);
#1506=VERTEX_POINT('',#4785);
#1507=VERTEX_POINT('',#4789);
#1508=VERTEX_POINT('',#4808);
#1509=VERTEX_POINT('',#4813);
#1510=VERTEX_POINT('',#4814);
#1511=VERTEX_POINT('',#4858);
#1512=VERTEX_POINT('',#4860);
#1513=VERTEX_POINT('',#4864);
#1514=VERTEX_POINT('',#4868);
#1515=VERTEX_POINT('',#4872);
#1516=VERTEX_POINT('',#4876);
#1517=VERTEX_POINT('',#4878);
#1518=VERTEX_POINT('',#4880);
#1519=VERTEX_POINT('',#4882);
#1520=VERTEX_POINT('',#4884);
#1521=VERTEX_POINT('',#4886);
#1522=VERTEX_POINT('',#4888);
#1523=VERTEX_POINT('',#4890);
#1524=VERTEX_POINT('',#4892);
#1525=VERTEX_POINT('',#4894);
#1526=VERTEX_POINT('',#4896);
#1527=VERTEX_POINT('',#4898);
#1528=VERTEX_POINT('',#4900);
#1529=VERTEX_POINT('',#4902);
#1530=VERTEX_POINT('',#4904);
#1531=VERTEX_POINT('',#4906);
#1532=VERTEX_POINT('',#4908);
#1533=VERTEX_POINT('',#4910);
#1534=VERTEX_POINT('',#4912);
#1535=VERTEX_POINT('',#4914);
#1536=VERTEX_POINT('',#4916);
#1537=VERTEX_POINT('',#4920);
#1538=VERTEX_POINT('',#4922);
#1539=VERTEX_POINT('',#4926);
#1540=VERTEX_POINT('',#4930);
#1541=VERTEX_POINT('',#4936);
#1542=VERTEX_POINT('',#4938);
#1543=VERTEX_POINT('',#4942);
#1544=VERTEX_POINT('',#4946);
#1545=VERTEX_POINT('',#4952);
#1546=VERTEX_POINT('',#4953);
#1547=VERTEX_POINT('',#4955);
#1548=VERTEX_POINT('',#4957);
#1549=VERTEX_POINT('',#4961);
#1550=VERTEX_POINT('',#4963);
#1551=VERTEX_POINT('',#4967);
#1552=VERTEX_POINT('',#4969);
#1553=VERTEX_POINT('',#4976);
#1554=VERTEX_POINT('',#4977);
#1555=VERTEX_POINT('',#4979);
#1556=VERTEX_POINT('',#4981);
#1557=VERTEX_POINT('',#4985);
#1558=VERTEX_POINT('',#4986);
#1559=VERTEX_POINT('',#4988);
#1560=VERTEX_POINT('',#4990);
#1561=VERTEX_POINT('',#5000);
#1562=VERTEX_POINT('',#5001);
#1563=VERTEX_POINT('',#5006);
#1564=VERTEX_POINT('',#5010);
#1565=VERTEX_POINT('',#5011);
#1566=VERTEX_POINT('',#5018);
#1567=VERTEX_POINT('',#5022);
#1568=VERTEX_POINT('',#5024);
#1569=VERTEX_POINT('',#5026);
#1570=VERTEX_POINT('',#5028);
#1571=VERTEX_POINT('',#5032);
#1572=VERTEX_POINT('',#5034);
#1573=VERTEX_POINT('',#5036);
#1574=VERTEX_POINT('',#5043);
#1575=VERTEX_POINT('',#5047);
#1576=VERTEX_POINT('',#5049);
#1577=VERTEX_POINT('',#5058);
#1578=VERTEX_POINT('',#5060);
#1579=VERTEX_POINT('',#5062);
#1580=VERTEX_POINT('',#5064);
#1581=VERTEX_POINT('',#5066);
#1582=VERTEX_POINT('',#5068);
#1583=VERTEX_POINT('',#5072);
#1584=VERTEX_POINT('',#5074);
#1585=VERTEX_POINT('',#5078);
#1586=VERTEX_POINT('',#5081);
#1587=VERTEX_POINT('',#5083);
#1588=VERTEX_POINT('',#5085);
#1589=VERTEX_POINT('',#5088);
#1590=VERTEX_POINT('',#5093);
#1591=VERTEX_POINT('',#5095);
#1592=VERTEX_POINT('',#5098);
#1593=VERTEX_POINT('',#5100);
#1594=VERTEX_POINT('',#5103);
#1595=VERTEX_POINT('',#5105);
#1596=VERTEX_POINT('',#5107);
#1597=VERTEX_POINT('',#5109);
#1598=VERTEX_POINT('',#5113);
#1599=VERTEX_POINT('',#5117);
#1600=VERTEX_POINT('',#5123);
#1601=VERTEX_POINT('',#5125);
#1602=VERTEX_POINT('',#5127);
#1603=VERTEX_POINT('',#5130);
#1604=VERTEX_POINT('',#5134);
#1605=VERTEX_POINT('',#5138);
#1606=VERTEX_POINT('',#5142);
#1607=VERTEX_POINT('',#5146);
#1608=VERTEX_POINT('',#5150);
#1609=VERTEX_POINT('',#5154);
#1610=VERTEX_POINT('',#5158);
#1611=VERTEX_POINT('',#5164);
#1612=VERTEX_POINT('',#5166);
#1613=VERTEX_POINT('',#5168);
#1614=VERTEX_POINT('',#5171);
#1615=VERTEX_POINT('',#5175);
#1616=VERTEX_POINT('',#5179);
#1617=VERTEX_POINT('',#5183);
#1618=VERTEX_POINT('',#5186);
#1619=VERTEX_POINT('',#5189);
#1620=VERTEX_POINT('',#5192);
#1621=VERTEX_POINT('',#5195);
#1622=VERTEX_POINT('',#5199);
#1623=VERTEX_POINT('',#5203);
#1624=VERTEX_POINT('',#5207);
#1625=VERTEX_POINT('',#5211);
#1626=VERTEX_POINT('',#5215);
#1627=VERTEX_POINT('',#5222);
#1628=VERTEX_POINT('',#5226);
#1629=VERTEX_POINT('',#5231);
#1630=VERTEX_POINT('',#5235);
#1631=VERTEX_POINT('',#5240);
#1632=VERTEX_POINT('',#5244);
#1633=VERTEX_POINT('',#5249);
#1634=VERTEX_POINT('',#5253);
#1635=VERTEX_POINT('',#5259);
#1636=VERTEX_POINT('',#5262);
#1637=VERTEX_POINT('',#5265);
#1638=VERTEX_POINT('',#5266);
#1639=VERTEX_POINT('',#5268);
#1640=VERTEX_POINT('',#5270);
#1641=VERTEX_POINT('',#5272);
#1642=VERTEX_POINT('',#5274);
#1643=VERTEX_POINT('',#5276);
#1644=VERTEX_POINT('',#5278);
#1645=VERTEX_POINT('',#5281);
#1646=VERTEX_POINT('',#5283);
#1647=VERTEX_POINT('',#5285);
#1648=VERTEX_POINT('',#5286);
#1649=VERTEX_POINT('',#5300);
#1650=VERTEX_POINT('',#5302);
#1651=VERTEX_POINT('',#5313);
#1652=VERTEX_POINT('',#5315);
#1653=VERTEX_POINT('',#5328);
#1654=VERTEX_POINT('',#5332);
#1655=VERTEX_POINT('',#5336);
#1656=VERTEX_POINT('',#5340);
#1657=VERTEX_POINT('',#5344);
#1658=VERTEX_POINT('',#5348);
#1659=VERTEX_POINT('',#5352);
#1660=VERTEX_POINT('',#5353);
#1661=VERTEX_POINT('',#5355);
#1662=VERTEX_POINT('',#5357);
#1663=VERTEX_POINT('',#5361);
#1664=VERTEX_POINT('',#5362);
#1665=VERTEX_POINT('',#5364);
#1666=VERTEX_POINT('',#5366);
#1667=VERTEX_POINT('',#5370);
#1668=VERTEX_POINT('',#5372);
#1669=VERTEX_POINT('',#5376);
#1670=VERTEX_POINT('',#5378);
#1671=VERTEX_POINT('',#5382);
#1672=VERTEX_POINT('',#5383);
#1673=VERTEX_POINT('',#5385);
#1674=VERTEX_POINT('',#5387);
#1675=VERTEX_POINT('',#5391);
#1676=VERTEX_POINT('',#5393);
#1677=VERTEX_POINT('',#5397);
#1678=VERTEX_POINT('',#5399);
#1679=VERTEX_POINT('',#5403);
#1680=VERTEX_POINT('',#5405);
#1681=VERTEX_POINT('',#5409);
#1682=VERTEX_POINT('',#5411);
#1683=VERTEX_POINT('',#5415);
#1684=VERTEX_POINT('',#5417);
#1685=VERTEX_POINT('',#5421);
#1686=VERTEX_POINT('',#5423);
#1687=VERTEX_POINT('',#5427);
#1688=VERTEX_POINT('',#5429);
#1689=VERTEX_POINT('',#5433);
#1690=VERTEX_POINT('',#5435);
#1691=VERTEX_POINT('',#5439);
#1692=VERTEX_POINT('',#5441);
#1693=VERTEX_POINT('',#5445);
#1694=VERTEX_POINT('',#5447);
#1695=VERTEX_POINT('',#5451);
#1696=VERTEX_POINT('',#5453);
#1697=VERTEX_POINT('',#5457);
#1698=VERTEX_POINT('',#5459);
#1699=VERTEX_POINT('',#5466);
#1700=VERTEX_POINT('',#5467);
#1701=VERTEX_POINT('',#5469);
#1702=VERTEX_POINT('',#5471);
#1703=VERTEX_POINT('',#5475);
#1704=VERTEX_POINT('',#5477);
#1705=VERTEX_POINT('',#5481);
#1706=VERTEX_POINT('',#5483);
#1707=VERTEX_POINT('',#5487);
#1708=VERTEX_POINT('',#5489);
#1709=VERTEX_POINT('',#5493);
#1710=VERTEX_POINT('',#5495);
#1711=VERTEX_POINT('',#5510);
#1712=VERTEX_POINT('',#5511);
#1713=VERTEX_POINT('',#5516);
#1714=VERTEX_POINT('',#5518);
#1715=VERTEX_POINT('',#5525);
#1716=VERTEX_POINT('',#5527);
#1717=VERTEX_POINT('',#5538);
#1718=VERTEX_POINT('',#5543);
#1719=VERTEX_POINT('',#5550);
#1720=VERTEX_POINT('',#5552);
#1721=VERTEX_POINT('',#5563);
#1722=VERTEX_POINT('',#5568);
#1723=VERTEX_POINT('',#5603);
#1724=VERTEX_POINT('',#5605);
#1725=VERTEX_POINT('',#5621);
#1726=VERTEX_POINT('',#5644);
#1727=VERTEX_POINT('',#5657);
#1728=VERTEX_POINT('',#5680);
#1729=VERTEX_POINT('',#5697);
#1730=VERTEX_POINT('',#5698);
#1731=VERTEX_POINT('',#5700);
#1732=VERTEX_POINT('',#5702);
#1733=VERTEX_POINT('',#5706);
#1734=VERTEX_POINT('',#5707);
#1735=VERTEX_POINT('',#5709);
#1736=VERTEX_POINT('',#5711);
#1737=VERTEX_POINT('',#5718);
#1738=VERTEX_POINT('',#5719);
#1739=VERTEX_POINT('',#5721);
#1740=VERTEX_POINT('',#5723);
#1741=VERTEX_POINT('',#5727);
#1742=VERTEX_POINT('',#5729);
#1743=VERTEX_POINT('',#5733);
#1744=VERTEX_POINT('',#5735);
#1745=VERTEX_POINT('',#5739);
#1746=VERTEX_POINT('',#5741);
#1747=VERTEX_POINT('',#5745);
#1748=VERTEX_POINT('',#5746);
#1749=VERTEX_POINT('',#5748);
#1750=VERTEX_POINT('',#5750);
#1751=VERTEX_POINT('',#5754);
#1752=VERTEX_POINT('',#5756);
#1753=VERTEX_POINT('',#5760);
#1754=VERTEX_POINT('',#5761);
#1755=VERTEX_POINT('',#5763);
#1756=VERTEX_POINT('',#5765);
#1757=VERTEX_POINT('',#5769);
#1758=VERTEX_POINT('',#5771);
#1759=VERTEX_POINT('',#5775);
#1760=VERTEX_POINT('',#5777);
#1761=VERTEX_POINT('',#5781);
#1762=VERTEX_POINT('',#5783);
#1763=VERTEX_POINT('',#5790);
#1764=VERTEX_POINT('',#5792);
#1765=VERTEX_POINT('',#5799);
#1766=VERTEX_POINT('',#5801);
#1767=VERTEX_POINT('',#5805);
#1768=VERTEX_POINT('',#5806);
#1769=VERTEX_POINT('',#5808);
#1770=VERTEX_POINT('',#5810);
#1771=VERTEX_POINT('',#5812);
#1772=VERTEX_POINT('',#5814);
#1773=VERTEX_POINT('',#5816);
#1774=VERTEX_POINT('',#5818);
#1775=VERTEX_POINT('',#5821);
#1776=VERTEX_POINT('',#5823);
#1777=VERTEX_POINT('',#5825);
#1778=VERTEX_POINT('',#5828);
#1779=VERTEX_POINT('',#5830);
#1780=VERTEX_POINT('',#5832);
#1781=VERTEX_POINT('',#5834);
#1782=VERTEX_POINT('',#5837);
#1783=VERTEX_POINT('',#5839);
#1784=VERTEX_POINT('',#5842);
#1785=VERTEX_POINT('',#5844);
#1786=VERTEX_POINT('',#5848);
#1787=VERTEX_POINT('',#5850);
#1788=VERTEX_POINT('',#5852);
#1789=VERTEX_POINT('',#5855);
#1790=VERTEX_POINT('',#5857);
#1791=VERTEX_POINT('',#5860);
#1792=VERTEX_POINT('',#5862);
#1793=VERTEX_POINT('',#5865);
#1794=VERTEX_POINT('',#5867);
#1795=VERTEX_POINT('',#5869);
#1796=VERTEX_POINT('',#5871);
#1797=EDGE_CURVE('',#1479,#1480,#1465,.T.);
#1798=EDGE_CURVE('',#1481,#1480,#771,.T.);
#1799=EDGE_CURVE('',#1482,#1481,#761,.T.);
#1800=EDGE_CURVE('',#1482,#1483,#1466,.T.);
#1801=EDGE_CURVE('',#1484,#1483,#762,.T.);
#1802=EDGE_CURVE('',#1479,#1484,#772,.T.);
#1803=EDGE_CURVE('',#1485,#1486,#1467,.T.);
#1804=EDGE_CURVE('',#1486,#1485,#1468,.T.);
#1805=EDGE_CURVE('',#1487,#1481,#773,.T.);
#1806=EDGE_CURVE('',#1488,#1487,#774,.T.);
#1807=EDGE_CURVE('',#1488,#1482,#775,.T.);
#1808=EDGE_CURVE('',#1486,#1489,#776,.T.);
#1809=EDGE_CURVE('',#1489,#1489,#33,.T.);
#1810=EDGE_CURVE('',#1490,#1488,#34,.T.);
#1811=EDGE_CURVE('',#1490,#1483,#777,.T.);
#1812=EDGE_CURVE('',#1490,#1491,#778,.T.);
#1813=EDGE_CURVE('',#1484,#1491,#779,.T.);
#1814=EDGE_CURVE('',#1492,#1480,#780,.T.);
#1815=EDGE_CURVE('',#1493,#1492,#781,.T.);
#1816=EDGE_CURVE('',#1493,#1494,#782,.T.);
#1817=EDGE_CURVE('',#1487,#1494,#783,.T.);
#1818=EDGE_CURVE('',#1495,#1496,#35,.T.);
#1819=EDGE_CURVE('',#1495,#1497,#784,.T.);
#1820=EDGE_CURVE('',#1498,#1497,#36,.T.);
#1821=EDGE_CURVE('',#1498,#1496,#785,.T.);
#1822=EDGE_CURVE('',#1499,#1500,#786,.T.);
#1823=EDGE_CURVE('',#1501,#1500,#37,.T.);
#1824=EDGE_CURVE('',#1501,#1502,#787,.T.);
#1825=EDGE_CURVE('',#1499,#1502,#38,.T.);
#1826=EDGE_CURVE('',#1503,#1504,#1469,.T.);
#1827=EDGE_CURVE('',#1505,#1504,#788,.T.);
#1828=EDGE_CURVE('',#1506,#1505,#763,.T.);
#1829=EDGE_CURVE('',#1506,#1507,#1470,.T.);
#1830=EDGE_CURVE('',#1508,#1507,#764,.T.);
#1831=EDGE_CURVE('',#1503,#1508,#789,.T.);
#1832=EDGE_CURVE('',#1509,#1510,#1471,.T.);
#1833=EDGE_CURVE('',#1510,#1509,#1472,.T.);
#1834=EDGE_CURVE('',#1511,#1505,#790,.T.);
#1835=EDGE_CURVE('',#1512,#1511,#791,.T.);
#1836=EDGE_CURVE('',#1512,#1506,#792,.T.);
#1837=EDGE_CURVE('',#1510,#1513,#793,.T.);
#1838=EDGE_CURVE('',#1513,#1513,#39,.T.);
#1839=EDGE_CURVE('',#1514,#1512,#40,.T.);
#1840=EDGE_CURVE('',#1514,#1507,#794,.T.);
#1841=EDGE_CURVE('',#1514,#1515,#795,.T.);
#1842=EDGE_CURVE('',#1508,#1515,#796,.T.);
#1843=EDGE_CURVE('',#1516,#1504,#797,.T.);
#1844=EDGE_CURVE('',#1517,#1516,#798,.T.);
#1845=EDGE_CURVE('',#1518,#1517,#799,.T.);
#1846=EDGE_CURVE('',#1519,#1518,#800,.T.);
#1847=EDGE_CURVE('',#1520,#1519,#801,.T.);
#1848=EDGE_CURVE('',#1521,#1520,#802,.T.);
#1849=EDGE_CURVE('',#1522,#1521,#803,.T.);
#1850=EDGE_CURVE('',#1523,#1522,#804,.T.);
#1851=EDGE_CURVE('',#1524,#1523,#805,.T.);
#1852=EDGE_CURVE('',#1525,#1524,#806,.T.);
#1853=EDGE_CURVE('',#1526,#1525,#807,.T.);
#1854=EDGE_CURVE('',#1527,#1526,#808,.T.);
#1855=EDGE_CURVE('',#1528,#1527,#809,.T.);
#1856=EDGE_CURVE('',#1529,#1528,#810,.T.);
#1857=EDGE_CURVE('',#1529,#1530,#811,.T.);
#1858=EDGE_CURVE('',#1531,#1530,#812,.T.);
#1859=EDGE_CURVE('',#1531,#1532,#813,.T.);
#1860=EDGE_CURVE('',#1533,#1532,#41,.T.);
#1861=EDGE_CURVE('',#1533,#1534,#814,.T.);
#1862=EDGE_CURVE('',#1535,#1534,#42,.T.);
#1863=EDGE_CURVE('',#1535,#1536,#815,.T.);
#1864=EDGE_CURVE('',#1511,#1536,#816,.T.);
#1865=EDGE_CURVE('',#1497,#1537,#817,.T.);
#1866=EDGE_CURVE('',#1538,#1495,#818,.T.);
#1867=EDGE_CURVE('',#1537,#1538,#819,.T.);
#1868=EDGE_CURVE('',#1537,#1539,#43,.T.);
#1869=EDGE_CURVE('',#1539,#1498,#820,.T.);
#1870=EDGE_CURVE('',#1540,#1539,#821,.T.);
#1871=EDGE_CURVE('',#1496,#1540,#822,.T.);
#1872=EDGE_CURVE('',#1540,#1538,#44,.T.);
#1873=EDGE_CURVE('',#1541,#1501,#823,.T.);
#1874=EDGE_CURVE('',#1542,#1541,#824,.T.);
#1875=EDGE_CURVE('',#1502,#1542,#825,.T.);
#1876=EDGE_CURVE('',#1500,#1543,#826,.T.);
#1877=EDGE_CURVE('',#1543,#1541,#45,.T.);
#1878=EDGE_CURVE('',#1544,#1499,#827,.T.);
#1879=EDGE_CURVE('',#1543,#1544,#828,.T.);
#1880=EDGE_CURVE('',#1542,#1544,#46,.T.);
#1881=EDGE_CURVE('',#1545,#1546,#829,.T.);
#1882=EDGE_CURVE('',#1547,#1545,#830,.T.);
#1883=EDGE_CURVE('',#1548,#1547,#831,.T.);
#1884=EDGE_CURVE('',#1546,#1548,#832,.T.);
#1885=EDGE_CURVE('',#1546,#1549,#47,.T.);
#1886=EDGE_CURVE('',#1549,#1550,#833,.T.);
#1887=EDGE_CURVE('',#1550,#1545,#48,.T.);
#1888=EDGE_CURVE('',#1551,#1549,#834,.T.);
#1889=EDGE_CURVE('',#1552,#1551,#835,.T.);
#1890=EDGE_CURVE('',#1550,#1552,#836,.T.);
#1891=EDGE_CURVE('',#1551,#1548,#49,.T.);
#1892=EDGE_CURVE('',#1547,#1552,#50,.T.);
#1893=EDGE_CURVE('',#1553,#1554,#837,.T.);
#1894=EDGE_CURVE('',#1555,#1553,#838,.T.);
#1895=EDGE_CURVE('',#1556,#1555,#839,.T.);
#1896=EDGE_CURVE('',#1554,#1556,#840,.T.);
#1897=EDGE_CURVE('',#1557,#1558,#841,.T.);
#1898=EDGE_CURVE('',#1559,#1557,#842,.T.);
#1899=EDGE_CURVE('',#1560,#1559,#843,.T.);
#1900=EDGE_CURVE('',#1558,#1560,#844,.T.);
#1901=EDGE_CURVE('',#1558,#1556,#51,.T.);
#1902=EDGE_CURVE('',#1555,#1557,#52,.T.);
#1903=EDGE_CURVE('',#1554,#1560,#53,.T.);
#1904=EDGE_CURVE('',#1559,#1553,#54,.T.);
#1905=EDGE_CURVE('',#1561,#1562,#55,.T.);
#1906=EDGE_CURVE('',#1562,#1535,#845,.T.);
#1907=EDGE_CURVE('',#1534,#1561,#846,.T.);
#1908=EDGE_CURVE('',#1563,#1562,#847,.T.);
#1909=EDGE_CURVE('',#1536,#1563,#848,.T.);
#1910=EDGE_CURVE('',#1564,#1565,#56,.T.);
#1911=EDGE_CURVE('',#1565,#1533,#849,.T.);
#1912=EDGE_CURVE('',#1532,#1564,#850,.T.);
#1913=EDGE_CURVE('',#1561,#1565,#851,.T.);
#1914=EDGE_CURVE('',#1566,#1531,#852,.T.);
#1915=EDGE_CURVE('',#1564,#1566,#853,.T.);
#1916=EDGE_CURVE('',#1567,#1566,#854,.T.);
#1917=EDGE_CURVE('',#1567,#1568,#855,.T.);
#1918=EDGE_CURVE('',#1569,#1568,#856,.T.);
#1919=EDGE_CURVE('',#1570,#1569,#857,.T.);
#1920=EDGE_CURVE('',#1563,#1570,#858,.T.);
#1921=EDGE_CURVE('',#1571,#1491,#859,.T.);
#1922=EDGE_CURVE('',#1572,#1571,#860,.T.);
#1923=EDGE_CURVE('',#1573,#1572,#861,.T.);
#1924=EDGE_CURVE('',#1479,#1573,#862,.T.);
#1925=EDGE_CURVE('',#1530,#1571,#57,.T.);
#1926=EDGE_CURVE('',#1572,#1529,#58,.T.);
#1927=EDGE_CURVE('',#1574,#1503,#863,.T.);
#1928=EDGE_CURVE('',#1516,#1574,#59,.T.);
#1929=EDGE_CURVE('',#1575,#1515,#864,.T.);
#1930=EDGE_CURVE('',#1576,#1575,#865,.T.);
#1931=EDGE_CURVE('',#1574,#1576,#866,.T.);
#1932=EDGE_CURVE('',#1494,#1575,#60,.T.);
#1933=EDGE_CURVE('',#1576,#1493,#61,.T.);
#1934=EDGE_CURVE('',#1492,#1573,#62,.T.);
#1935=EDGE_CURVE('',#1570,#1577,#63,.T.);
#1936=EDGE_CURVE('',#1577,#1578,#867,.T.);
#1937=EDGE_CURVE('',#1578,#1579,#64,.T.);
#1938=EDGE_CURVE('',#1579,#1580,#868,.T.);
#1939=EDGE_CURVE('',#1580,#1581,#65,.T.);
#1940=EDGE_CURVE('',#1581,#1582,#869,.T.);
#1941=EDGE_CURVE('',#1582,#1567,#66,.T.);
#1942=EDGE_CURVE('',#1583,#1519,#870,.T.);
#1943=EDGE_CURVE('',#1584,#1583,#871,.T.);
#1944=EDGE_CURVE('',#1520,#1584,#872,.T.);
#1945=EDGE_CURVE('',#1518,#1585,#873,.T.);
#1946=EDGE_CURVE('',#1585,#1583,#874,.T.);
#1947=EDGE_CURVE('',#1586,#1586,#67,.T.);
#1948=EDGE_CURVE('',#1587,#1587,#68,.T.);
#1949=EDGE_CURVE('',#1588,#1588,#69,.T.);
#1950=EDGE_CURVE('',#1589,#1517,#875,.T.);
#1951=EDGE_CURVE('',#1589,#1585,#876,.T.);
#1952=EDGE_CURVE('',#1584,#1589,#877,.T.);
#1953=EDGE_CURVE('',#1528,#1590,#878,.T.);
#1954=EDGE_CURVE('',#1590,#1591,#879,.T.);
#1955=EDGE_CURVE('',#1591,#1525,#880,.T.);
#1956=EDGE_CURVE('',#1524,#1592,#881,.T.);
#1957=EDGE_CURVE('',#1592,#1593,#882,.T.);
#1958=EDGE_CURVE('',#1593,#1521,#883,.T.);
#1959=EDGE_CURVE('',#1594,#1594,#70,.T.);
#1960=EDGE_CURVE('',#1595,#1595,#71,.T.);
#1961=EDGE_CURVE('',#1596,#1596,#72,.T.);
#1962=EDGE_CURVE('',#1597,#1597,#73,.T.);
#1963=EDGE_CURVE('',#1598,#1523,#884,.T.);
#1964=EDGE_CURVE('',#1592,#1598,#885,.T.);
#1965=EDGE_CURVE('',#1599,#1598,#886,.T.);
#1966=EDGE_CURVE('',#1593,#1599,#887,.T.);
#1967=EDGE_CURVE('',#1522,#1599,#888,.T.);
#1968=EDGE_CURVE('',#1600,#1600,#74,.T.);
#1969=EDGE_CURVE('',#1601,#1601,#75,.T.);
#1970=EDGE_CURVE('',#1602,#1602,#76,.T.);
#1971=EDGE_CURVE('',#1586,#1603,#889,.T.);
#1972=EDGE_CURVE('',#1603,#1603,#77,.T.);
#1973=EDGE_CURVE('',#1587,#1604,#890,.T.);
#1974=EDGE_CURVE('',#1604,#1604,#78,.T.);
#1975=EDGE_CURVE('',#1588,#1605,#891,.T.);
#1976=EDGE_CURVE('',#1605,#1605,#79,.T.);
#1977=EDGE_CURVE('',#1602,#1606,#892,.T.);
#1978=EDGE_CURVE('',#1606,#1606,#80,.T.);
#1979=EDGE_CURVE('',#1601,#1607,#893,.T.);
#1980=EDGE_CURVE('',#1607,#1607,#81,.T.);
#1981=EDGE_CURVE('',#1600,#1608,#894,.T.);
#1982=EDGE_CURVE('',#1608,#1608,#82,.T.);
#1983=EDGE_CURVE('',#1609,#1527,#895,.T.);
#1984=EDGE_CURVE('',#1590,#1609,#896,.T.);
#1985=EDGE_CURVE('',#1610,#1609,#897,.T.);
#1986=EDGE_CURVE('',#1591,#1610,#898,.T.);
#1987=EDGE_CURVE('',#1526,#1610,#899,.T.);
#1988=EDGE_CURVE('',#1611,#1611,#83,.T.);
#1989=EDGE_CURVE('',#1612,#1612,#84,.T.);
#1990=EDGE_CURVE('',#1613,#1613,#85,.T.);
#1991=EDGE_CURVE('',#1612,#1614,#900,.T.);
#1992=EDGE_CURVE('',#1614,#1614,#86,.T.);
#1993=EDGE_CURVE('',#1611,#1615,#901,.T.);
#1994=EDGE_CURVE('',#1615,#1615,#87,.T.);
#1995=EDGE_CURVE('',#1613,#1616,#902,.T.);
#1996=EDGE_CURVE('',#1616,#1616,#88,.T.);
#1997=EDGE_CURVE('',#1617,#1617,#89,.T.);
#1998=EDGE_CURVE('',#1618,#1618,#90,.T.);
#1999=EDGE_CURVE('',#1619,#1619,#91,.T.);
#2000=EDGE_CURVE('',#1620,#1620,#92,.T.);
#2001=EDGE_CURVE('',#1621,#1582,#903,.T.);
#2002=EDGE_CURVE('',#1568,#1621,#93,.T.);
#2003=EDGE_CURVE('',#1622,#1569,#94,.T.);
#2004=EDGE_CURVE('',#1577,#1622,#904,.T.);
#2005=EDGE_CURVE('',#1623,#1622,#905,.T.);
#2006=EDGE_CURVE('',#1578,#1623,#906,.T.);
#2007=EDGE_CURVE('',#1624,#1623,#95,.T.);
#2008=EDGE_CURVE('',#1579,#1624,#907,.T.);
#2009=EDGE_CURVE('',#1625,#1624,#908,.T.);
#2010=EDGE_CURVE('',#1580,#1625,#909,.T.);
#2011=EDGE_CURVE('',#1626,#1625,#96,.T.);
#2012=EDGE_CURVE('',#1581,#1626,#910,.T.);
#2013=EDGE_CURVE('',#1621,#1626,#911,.T.);
#2014=EDGE_CURVE('',#1617,#1627,#912,.T.);
#2015=EDGE_CURVE('',#1627,#1627,#97,.T.);
#2016=EDGE_CURVE('',#1594,#1628,#913,.T.);
#2017=EDGE_CURVE('',#1628,#1628,#98,.T.);
#2018=EDGE_CURVE('',#1618,#1629,#914,.T.);
#2019=EDGE_CURVE('',#1629,#1629,#99,.T.);
#2020=EDGE_CURVE('',#1595,#1630,#915,.T.);
#2021=EDGE_CURVE('',#1630,#1630,#100,.T.);
#2022=EDGE_CURVE('',#1619,#1631,#916,.T.);
#2023=EDGE_CURVE('',#1631,#1631,#101,.T.);
#2024=EDGE_CURVE('',#1596,#1632,#917,.T.);
#2025=EDGE_CURVE('',#1632,#1632,#102,.T.);
#2026=EDGE_CURVE('',#1620,#1633,#918,.T.);
#2027=EDGE_CURVE('',#1633,#1633,#103,.T.);
#2028=EDGE_CURVE('',#1597,#1634,#919,.T.);
#2029=EDGE_CURVE('',#1634,#1634,#104,.T.);
#2030=EDGE_CURVE('',#1635,#1635,#105,.T.);
#2031=EDGE_CURVE('',#1636,#1636,#106,.T.);
#2032=EDGE_CURVE('',#1637,#1638,#107,.T.);
#2033=EDGE_CURVE('',#1638,#1639,#920,.T.);
#2034=EDGE_CURVE('',#1639,#1640,#108,.T.);
#2035=EDGE_CURVE('',#1640,#1641,#921,.T.);
#2036=EDGE_CURVE('',#1641,#1642,#109,.T.);
#2037=EDGE_CURVE('',#1642,#1643,#922,.T.);
#2038=EDGE_CURVE('',#1643,#1644,#110,.T.);
#2039=EDGE_CURVE('',#1644,#1637,#923,.T.);
#2040=EDGE_CURVE('',#1645,#1645,#111,.T.);
#2041=EDGE_CURVE('',#1646,#1646,#112,.T.);
#2042=EDGE_CURVE('',#1647,#1648,#1473,.T.);
#2043=EDGE_CURVE('',#1648,#1649,#924,.T.);
#2044=EDGE_CURVE('',#1649,#1650,#1474,.T.);
#2045=EDGE_CURVE('',#1650,#1651,#925,.T.);
#2046=EDGE_CURVE('',#1651,#1652,#1475,.T.);
#2047=EDGE_CURVE('',#1652,#1647,#926,.T.);
#2048=EDGE_CURVE('',#1635,#1653,#927,.T.);
#2049=EDGE_CURVE('',#1653,#1653,#113,.T.);
#2050=EDGE_CURVE('',#1654,#1654,#114,.T.);
#2051=EDGE_CURVE('',#1654,#1645,#928,.T.);
#2052=EDGE_CURVE('',#1654,#1655,#929,.T.);
#2053=EDGE_CURVE('',#1655,#1655,#115,.T.);
#2054=EDGE_CURVE('',#1636,#1656,#930,.T.);
#2055=EDGE_CURVE('',#1656,#1656,#116,.T.);
#2056=EDGE_CURVE('',#1657,#1657,#117,.T.);
#2057=EDGE_CURVE('',#1657,#1646,#931,.T.);
#2058=EDGE_CURVE('',#1657,#1658,#932,.T.);
#2059=EDGE_CURVE('',#1658,#1658,#118,.T.);
#2060=EDGE_CURVE('',#1659,#1660,#933,.T.);
#2061=EDGE_CURVE('',#1661,#1659,#934,.T.);
#2062=EDGE_CURVE('',#1662,#1661,#935,.T.);
#2063=EDGE_CURVE('',#1662,#1660,#936,.T.);
#2064=EDGE_CURVE('',#1663,#1664,#937,.T.);
#2065=EDGE_CURVE('',#1663,#1665,#938,.T.);
#2066=EDGE_CURVE('',#1666,#1665,#939,.T.);
#2067=EDGE_CURVE('',#1664,#1666,#940,.T.);
#2068=EDGE_CURVE('',#1661,#1667,#941,.T.);
#2069=EDGE_CURVE('',#1668,#1667,#942,.T.);
#2070=EDGE_CURVE('',#1662,#1668,#943,.T.);
#2071=EDGE_CURVE('',#1669,#1660,#944,.T.);
#2072=EDGE_CURVE('',#1669,#1670,#945,.T.);
#2073=EDGE_CURVE('',#1659,#1670,#946,.T.);
#2074=EDGE_CURVE('',#1671,#1672,#947,.T.);
#2075=EDGE_CURVE('',#1671,#1673,#948,.T.);
#2076=EDGE_CURVE('',#1673,#1674,#949,.T.);
#2077=EDGE_CURVE('',#1672,#1674,#950,.T.);
#2078=EDGE_CURVE('',#1675,#1671,#951,.T.);
#2079=EDGE_CURVE('',#1675,#1676,#952,.T.);
#2080=EDGE_CURVE('',#1676,#1673,#953,.T.);
#2081=EDGE_CURVE('',#1677,#1675,#954,.T.);
#2082=EDGE_CURVE('',#1677,#1678,#955,.T.);
#2083=EDGE_CURVE('',#1678,#1676,#956,.T.);
#2084=EDGE_CURVE('',#1679,#1677,#957,.T.);
#2085=EDGE_CURVE('',#1679,#1680,#958,.T.);
#2086=EDGE_CURVE('',#1680,#1678,#959,.T.);
#2087=EDGE_CURVE('',#1681,#1679,#960,.T.);
#2088=EDGE_CURVE('',#1681,#1682,#961,.T.);
#2089=EDGE_CURVE('',#1682,#1680,#962,.T.);
#2090=EDGE_CURVE('',#1683,#1681,#963,.T.);
#2091=EDGE_CURVE('',#1683,#1684,#964,.T.);
#2092=EDGE_CURVE('',#1684,#1682,#965,.T.);
#2093=EDGE_CURVE('',#1685,#1683,#966,.T.);
#2094=EDGE_CURVE('',#1685,#1686,#967,.T.);
#2095=EDGE_CURVE('',#1686,#1684,#968,.T.);
#2096=EDGE_CURVE('',#1687,#1685,#969,.T.);
#2097=EDGE_CURVE('',#1687,#1688,#970,.T.);
#2098=EDGE_CURVE('',#1688,#1686,#971,.T.);
#2099=EDGE_CURVE('',#1689,#1687,#972,.T.);
#2100=EDGE_CURVE('',#1689,#1690,#973,.T.);
#2101=EDGE_CURVE('',#1690,#1688,#974,.T.);
#2102=EDGE_CURVE('',#1691,#1689,#975,.T.);
#2103=EDGE_CURVE('',#1691,#1692,#976,.T.);
#2104=EDGE_CURVE('',#1692,#1690,#977,.T.);
#2105=EDGE_CURVE('',#1693,#1691,#978,.T.);
#2106=EDGE_CURVE('',#1693,#1694,#979,.T.);
#2107=EDGE_CURVE('',#1694,#1692,#980,.T.);
#2108=EDGE_CURVE('',#1695,#1693,#981,.T.);
#2109=EDGE_CURVE('',#1695,#1696,#982,.T.);
#2110=EDGE_CURVE('',#1696,#1694,#983,.T.);
#2111=EDGE_CURVE('',#1697,#1695,#984,.T.);
#2112=EDGE_CURVE('',#1697,#1698,#985,.T.);
#2113=EDGE_CURVE('',#1698,#1696,#986,.T.);
#2114=EDGE_CURVE('',#1672,#1697,#987,.T.);
#2115=EDGE_CURVE('',#1674,#1698,#988,.T.);
#2116=EDGE_CURVE('',#1699,#1700,#989,.T.);
#2117=EDGE_CURVE('',#1699,#1701,#990,.T.);
#2118=EDGE_CURVE('',#1701,#1702,#991,.T.);
#2119=EDGE_CURVE('',#1700,#1702,#992,.T.);
#2120=EDGE_CURVE('',#1703,#1699,#993,.T.);
#2121=EDGE_CURVE('',#1703,#1704,#994,.T.);
#2122=EDGE_CURVE('',#1704,#1701,#995,.T.);
#2123=EDGE_CURVE('',#1705,#1703,#996,.T.);
#2124=EDGE_CURVE('',#1705,#1706,#997,.T.);
#2125=EDGE_CURVE('',#1706,#1704,#998,.T.);
#2126=EDGE_CURVE('',#1707,#1705,#999,.T.);
#2127=EDGE_CURVE('',#1707,#1708,#1000,.T.);
#2128=EDGE_CURVE('',#1708,#1706,#1001,.T.);
#2129=EDGE_CURVE('',#1709,#1707,#1002,.T.);
#2130=EDGE_CURVE('',#1709,#1710,#1003,.T.);
#2131=EDGE_CURVE('',#1710,#1708,#1004,.T.);
#2132=EDGE_CURVE('',#1700,#1709,#1005,.T.);
#2133=EDGE_CURVE('',#1702,#1710,#1006,.T.);
#2134=EDGE_CURVE('',#1711,#1712,#765,.T.);
#2135=EDGE_CURVE('',#1711,#1713,#1007,.T.);
#2136=EDGE_CURVE('',#1713,#1714,#766,.T.);
#2137=EDGE_CURVE('',#1712,#1714,#1008,.T.);
#2138=EDGE_CURVE('',#1715,#1711,#1009,.T.);
#2139=EDGE_CURVE('',#1715,#1716,#1010,.T.);
#2140=EDGE_CURVE('',#1716,#1713,#1011,.T.);
#2141=EDGE_CURVE('',#1717,#1715,#767,.T.);
#2142=EDGE_CURVE('',#1717,#1718,#1012,.T.);
#2143=EDGE_CURVE('',#1718,#1716,#768,.T.);
#2144=EDGE_CURVE('',#1719,#1717,#1013,.T.);
#2145=EDGE_CURVE('',#1719,#1720,#1014,.T.);
#2146=EDGE_CURVE('',#1720,#1718,#1015,.T.);
#2147=EDGE_CURVE('',#1721,#1719,#769,.T.);
#2148=EDGE_CURVE('',#1721,#1722,#1016,.T.);
#2149=EDGE_CURVE('',#1722,#1720,#770,.T.);
#2150=EDGE_CURVE('',#1712,#1721,#1017,.T.);
#2151=EDGE_CURVE('',#1714,#1722,#1018,.T.);
#2152=EDGE_CURVE('',#1647,#1723,#1019,.T.);
#2153=EDGE_CURVE('',#1723,#1724,#1476,.T.);
#2154=EDGE_CURVE('',#1648,#1724,#1020,.T.);
#2155=EDGE_CURVE('',#1652,#1725,#1021,.T.);
#2156=EDGE_CURVE('',#1725,#1723,#1022,.T.);
#2157=EDGE_CURVE('',#1651,#1726,#1023,.T.);
#2158=EDGE_CURVE('',#1726,#1725,#1477,.T.);
#2159=EDGE_CURVE('',#1650,#1727,#1024,.T.);
#2160=EDGE_CURVE('',#1727,#1726,#1025,.T.);
#2161=EDGE_CURVE('',#1649,#1728,#1026,.T.);
#2162=EDGE_CURVE('',#1728,#1727,#1478,.T.);
#2163=EDGE_CURVE('',#1724,#1728,#1027,.T.);
#2164=EDGE_CURVE('',#1729,#1730,#1028,.T.);
#2165=EDGE_CURVE('',#1729,#1731,#1029,.T.);
#2166=EDGE_CURVE('',#1731,#1732,#1030,.T.);
#2167=EDGE_CURVE('',#1730,#1732,#1031,.T.);
#2168=EDGE_CURVE('',#1733,#1734,#119,.T.);
#2169=EDGE_CURVE('',#1733,#1735,#1032,.T.);
#2170=EDGE_CURVE('',#1736,#1735,#120,.T.);
#2171=EDGE_CURVE('',#1734,#1736,#1033,.T.);
#2172=EDGE_CURVE('',#1734,#1729,#1034,.T.);
#2173=EDGE_CURVE('',#1731,#1736,#1035,.T.);
#2174=EDGE_CURVE('',#1737,#1738,#1036,.T.);
#2175=EDGE_CURVE('',#1737,#1739,#1037,.T.);
#2176=EDGE_CURVE('',#1740,#1739,#1038,.T.);
#2177=EDGE_CURVE('',#1738,#1740,#1039,.T.);
#2178=EDGE_CURVE('',#1738,#1741,#121,.T.);
#2179=EDGE_CURVE('',#1742,#1740,#122,.T.);
#2180=EDGE_CURVE('',#1741,#1742,#1040,.T.);
#2181=EDGE_CURVE('',#1741,#1743,#1041,.T.);
#2182=EDGE_CURVE('',#1744,#1742,#1042,.T.);
#2183=EDGE_CURVE('',#1743,#1744,#1043,.T.);
#2184=EDGE_CURVE('',#1745,#1733,#1044,.T.);
#2185=EDGE_CURVE('',#1745,#1746,#1045,.T.);
#2186=EDGE_CURVE('',#1735,#1746,#1046,.T.);
#2187=EDGE_CURVE('',#1747,#1748,#123,.T.);
#2188=EDGE_CURVE('',#1747,#1749,#1047,.T.);
#2189=EDGE_CURVE('',#1749,#1750,#124,.T.);
#2190=EDGE_CURVE('',#1748,#1750,#1048,.T.);
#2191=EDGE_CURVE('',#1751,#1747,#1049,.T.);
#2192=EDGE_CURVE('',#1751,#1752,#1050,.T.);
#2193=EDGE_CURVE('',#1752,#1749,#1051,.T.);
#2194=EDGE_CURVE('',#1753,#1754,#1052,.T.);
#2195=EDGE_CURVE('',#1753,#1755,#1053,.T.);
#2196=EDGE_CURVE('',#1756,#1755,#1054,.T.);
#2197=EDGE_CURVE('',#1754,#1756,#1055,.T.);
#2198=EDGE_CURVE('',#1757,#1753,#1056,.T.);
#2199=EDGE_CURVE('',#1757,#1758,#1057,.T.);
#2200=EDGE_CURVE('',#1758,#1755,#1058,.T.);
#2201=EDGE_CURVE('',#1759,#1757,#125,.T.);
#2202=EDGE_CURVE('',#1759,#1760,#1059,.T.);
#2203=EDGE_CURVE('',#1760,#1758,#126,.T.);
#2204=EDGE_CURVE('',#1761,#1759,#1060,.T.);
#2205=EDGE_CURVE('',#1761,#1762,#1061,.T.);
#2206=EDGE_CURVE('',#1762,#1760,#1062,.T.);
#2207=EDGE_CURVE('',#1743,#1761,#1063,.T.);
#2208=EDGE_CURVE('',#1762,#1744,#1064,.T.);
#2209=EDGE_CURVE('',#1763,#1745,#1065,.T.);
#2210=EDGE_CURVE('',#1763,#1764,#1066,.T.);
#2211=EDGE_CURVE('',#1764,#1746,#1067,.T.);
#2212=EDGE_CURVE('',#1748,#1763,#1068,.T.);
#2213=EDGE_CURVE('',#1750,#1764,#1069,.T.);
#2214=EDGE_CURVE('',#1739,#1765,#1070,.T.);
#2215=EDGE_CURVE('',#1766,#1737,#1071,.T.);
#2216=EDGE_CURVE('',#1766,#1765,#1072,.T.);
#2217=EDGE_CURVE('',#1767,#1768,#127,.T.);
#2218=EDGE_CURVE('',#1769,#1767,#1073,.T.);
#2219=EDGE_CURVE('',#1770,#1769,#128,.T.);
#2220=EDGE_CURVE('',#1771,#1770,#1074,.T.);
#2221=EDGE_CURVE('',#1772,#1771,#129,.T.);
#2222=EDGE_CURVE('',#1773,#1772,#1075,.T.);
#2223=EDGE_CURVE('',#1774,#1773,#130,.T.);
#2224=EDGE_CURVE('',#1768,#1774,#1076,.T.);
#2225=EDGE_CURVE('',#1754,#1775,#1077,.T.);
#2226=EDGE_CURVE('',#1775,#1776,#131,.T.);
#2227=EDGE_CURVE('',#1776,#1777,#1078,.T.);
#2228=EDGE_CURVE('',#1777,#1665,#1079,.T.);
#2229=EDGE_CURVE('',#1663,#1778,#1080,.T.);
#2230=EDGE_CURVE('',#1778,#1779,#1081,.T.);
#2231=EDGE_CURVE('',#1779,#1780,#132,.T.);
#2232=EDGE_CURVE('',#1780,#1781,#1082,.T.);
#2233=EDGE_CURVE('',#1781,#1751,#1083,.T.);
#2234=EDGE_CURVE('',#1730,#1782,#1084,.T.);
#2235=EDGE_CURVE('',#1782,#1783,#133,.T.);
#2236=EDGE_CURVE('',#1783,#1669,#1085,.T.);
#2237=EDGE_CURVE('',#1668,#1784,#1086,.T.);
#2238=EDGE_CURVE('',#1784,#1785,#134,.T.);
#2239=EDGE_CURVE('',#1785,#1766,#1087,.T.);
#2240=EDGE_CURVE('',#1786,#1666,#1088,.T.);
#2241=EDGE_CURVE('',#1786,#1787,#1089,.T.);
#2242=EDGE_CURVE('',#1787,#1788,#135,.T.);
#2243=EDGE_CURVE('',#1788,#1756,#1090,.T.);
#2244=EDGE_CURVE('',#1789,#1765,#1091,.T.);
#2245=EDGE_CURVE('',#1790,#1789,#136,.T.);
#2246=EDGE_CURVE('',#1667,#1790,#1092,.T.);
#2247=EDGE_CURVE('',#1791,#1670,#1093,.T.);
#2248=EDGE_CURVE('',#1792,#1791,#137,.T.);
#2249=EDGE_CURVE('',#1732,#1792,#1094,.T.);
#2250=EDGE_CURVE('',#1752,#1793,#1095,.T.);
#2251=EDGE_CURVE('',#1793,#1794,#1096,.T.);
#2252=EDGE_CURVE('',#1794,#1795,#138,.T.);
#2253=EDGE_CURVE('',#1795,#1796,#1097,.T.);
#2254=EDGE_CURVE('',#1796,#1664,#1098,.T.);
#2255=EDGE_CURVE('',#1782,#1792,#1099,.T.);
#2256=EDGE_CURVE('',#1783,#1791,#1100,.T.);
#2257=EDGE_CURVE('',#1785,#1789,#1101,.T.);
#2258=EDGE_CURVE('',#1784,#1790,#1102,.T.);
#2259=EDGE_CURVE('',#1779,#1795,#1103,.T.);
#2260=EDGE_CURVE('',#1780,#1794,#1104,.T.);
#2261=EDGE_CURVE('',#1781,#1793,#1105,.T.);
#2262=EDGE_CURVE('',#1775,#1788,#1106,.T.);
#2263=EDGE_CURVE('',#1776,#1787,#1107,.T.);
#2264=EDGE_CURVE('',#1777,#1786,#1108,.T.);
#2265=EDGE_CURVE('',#1778,#1796,#1109,.T.);
#2266=EDGE_CURVE('',#1767,#1637,#1110,.T.);
#2267=EDGE_CURVE('',#1769,#1644,#1111,.T.);
#2268=EDGE_CURVE('',#1770,#1643,#1112,.T.);
#2269=EDGE_CURVE('',#1771,#1642,#1113,.T.);
#2270=EDGE_CURVE('',#1772,#1641,#1114,.T.);
#2271=EDGE_CURVE('',#1773,#1640,#1115,.T.);
#2272=EDGE_CURVE('',#1774,#1639,#1116,.T.);
#2273=EDGE_CURVE('',#1768,#1638,#1117,.T.);
#2274=ORIENTED_EDGE('',*,*,#1797,.T.);
#2275=ORIENTED_EDGE('',*,*,#1798,.F.);
#2276=ORIENTED_EDGE('',*,*,#1799,.F.);
#2277=ORIENTED_EDGE('',*,*,#1800,.T.);
#2278=ORIENTED_EDGE('',*,*,#1801,.F.);
#2279=ORIENTED_EDGE('',*,*,#1802,.F.);
#2280=ORIENTED_EDGE('',*,*,#1803,.T.);
#2281=ORIENTED_EDGE('',*,*,#1804,.T.);
#2282=ORIENTED_EDGE('',*,*,#1799,.T.);
#2283=ORIENTED_EDGE('',*,*,#1805,.F.);
#2284=ORIENTED_EDGE('',*,*,#1806,.F.);
#2285=ORIENTED_EDGE('',*,*,#1807,.T.);
#2286=ORIENTED_EDGE('',*,*,#1803,.F.);
#2287=ORIENTED_EDGE('',*,*,#1804,.F.);
#2288=ORIENTED_EDGE('',*,*,#1808,.T.);
#2289=ORIENTED_EDGE('',*,*,#1809,.F.);
#2290=ORIENTED_EDGE('',*,*,#1808,.F.);
#2291=ORIENTED_EDGE('',*,*,#1800,.F.);
#2292=ORIENTED_EDGE('',*,*,#1807,.F.);
#2293=ORIENTED_EDGE('',*,*,#1810,.F.);
#2294=ORIENTED_EDGE('',*,*,#1811,.T.);
#2295=ORIENTED_EDGE('',*,*,#1801,.T.);
#2296=ORIENTED_EDGE('',*,*,#1811,.F.);
#2297=ORIENTED_EDGE('',*,*,#1812,.T.);
#2298=ORIENTED_EDGE('',*,*,#1813,.F.);
#2299=ORIENTED_EDGE('',*,*,#1805,.T.);
#2300=ORIENTED_EDGE('',*,*,#1798,.T.);
#2301=ORIENTED_EDGE('',*,*,#1814,.F.);
#2302=ORIENTED_EDGE('',*,*,#1815,.F.);
#2303=ORIENTED_EDGE('',*,*,#1816,.T.);
#2304=ORIENTED_EDGE('',*,*,#1817,.F.);
#2305=ORIENTED_EDGE('',*,*,#1818,.F.);
#2306=ORIENTED_EDGE('',*,*,#1819,.T.);
#2307=ORIENTED_EDGE('',*,*,#1820,.F.);
#2308=ORIENTED_EDGE('',*,*,#1821,.T.);
#2309=ORIENTED_EDGE('',*,*,#1822,.T.);
#2310=ORIENTED_EDGE('',*,*,#1823,.F.);
#2311=ORIENTED_EDGE('',*,*,#1824,.T.);
#2312=ORIENTED_EDGE('',*,*,#1825,.F.);
#2313=ORIENTED_EDGE('',*,*,#1826,.T.);
#2314=ORIENTED_EDGE('',*,*,#1827,.F.);
#2315=ORIENTED_EDGE('',*,*,#1828,.F.);
#2316=ORIENTED_EDGE('',*,*,#1829,.T.);
#2317=ORIENTED_EDGE('',*,*,#1830,.F.);
#2318=ORIENTED_EDGE('',*,*,#1831,.F.);
#2319=ORIENTED_EDGE('',*,*,#1832,.T.);
#2320=ORIENTED_EDGE('',*,*,#1833,.T.);
#2321=ORIENTED_EDGE('',*,*,#1828,.T.);
#2322=ORIENTED_EDGE('',*,*,#1834,.F.);
#2323=ORIENTED_EDGE('',*,*,#1835,.F.);
#2324=ORIENTED_EDGE('',*,*,#1836,.T.);
#2325=ORIENTED_EDGE('',*,*,#1832,.F.);
#2326=ORIENTED_EDGE('',*,*,#1833,.F.);
#2327=ORIENTED_EDGE('',*,*,#1837,.T.);
#2328=ORIENTED_EDGE('',*,*,#1838,.F.);
#2329=ORIENTED_EDGE('',*,*,#1837,.F.);
#2330=ORIENTED_EDGE('',*,*,#1829,.F.);
#2331=ORIENTED_EDGE('',*,*,#1836,.F.);
#2332=ORIENTED_EDGE('',*,*,#1839,.F.);
#2333=ORIENTED_EDGE('',*,*,#1840,.T.);
#2334=ORIENTED_EDGE('',*,*,#1830,.T.);
#2335=ORIENTED_EDGE('',*,*,#1840,.F.);
#2336=ORIENTED_EDGE('',*,*,#1841,.T.);
#2337=ORIENTED_EDGE('',*,*,#1842,.F.);
#2338=ORIENTED_EDGE('',*,*,#1834,.T.);
#2339=ORIENTED_EDGE('',*,*,#1827,.T.);
#2340=ORIENTED_EDGE('',*,*,#1843,.F.);
#2341=ORIENTED_EDGE('',*,*,#1844,.F.);
#2342=ORIENTED_EDGE('',*,*,#1845,.F.);
#2343=ORIENTED_EDGE('',*,*,#1846,.F.);
#2344=ORIENTED_EDGE('',*,*,#1847,.F.);
#2345=ORIENTED_EDGE('',*,*,#1848,.F.);
#2346=ORIENTED_EDGE('',*,*,#1849,.F.);
#2347=ORIENTED_EDGE('',*,*,#1850,.F.);
#2348=ORIENTED_EDGE('',*,*,#1851,.F.);
#2349=ORIENTED_EDGE('',*,*,#1852,.F.);
#2350=ORIENTED_EDGE('',*,*,#1853,.F.);
#2351=ORIENTED_EDGE('',*,*,#1854,.F.);
#2352=ORIENTED_EDGE('',*,*,#1855,.F.);
#2353=ORIENTED_EDGE('',*,*,#1856,.F.);
#2354=ORIENTED_EDGE('',*,*,#1857,.T.);
#2355=ORIENTED_EDGE('',*,*,#1858,.F.);
#2356=ORIENTED_EDGE('',*,*,#1859,.T.);
#2357=ORIENTED_EDGE('',*,*,#1860,.F.);
#2358=ORIENTED_EDGE('',*,*,#1861,.T.);
#2359=ORIENTED_EDGE('',*,*,#1862,.F.);
#2360=ORIENTED_EDGE('',*,*,#1863,.T.);
#2361=ORIENTED_EDGE('',*,*,#1864,.F.);
#2362=ORIENTED_EDGE('',*,*,#1865,.F.);
#2363=ORIENTED_EDGE('',*,*,#1819,.F.);
#2364=ORIENTED_EDGE('',*,*,#1866,.F.);
#2365=ORIENTED_EDGE('',*,*,#1867,.F.);
#2366=ORIENTED_EDGE('',*,*,#1868,.T.);
#2367=ORIENTED_EDGE('',*,*,#1869,.T.);
#2368=ORIENTED_EDGE('',*,*,#1820,.T.);
#2369=ORIENTED_EDGE('',*,*,#1865,.T.);
#2370=ORIENTED_EDGE('',*,*,#1869,.F.);
#2371=ORIENTED_EDGE('',*,*,#1870,.F.);
#2372=ORIENTED_EDGE('',*,*,#1871,.F.);
#2373=ORIENTED_EDGE('',*,*,#1821,.F.);
#2374=ORIENTED_EDGE('',*,*,#1872,.T.);
#2375=ORIENTED_EDGE('',*,*,#1866,.T.);
#2376=ORIENTED_EDGE('',*,*,#1818,.T.);
#2377=ORIENTED_EDGE('',*,*,#1871,.T.);
#2378=ORIENTED_EDGE('',*,*,#1873,.F.);
#2379=ORIENTED_EDGE('',*,*,#1874,.F.);
#2380=ORIENTED_EDGE('',*,*,#1875,.F.);
#2381=ORIENTED_EDGE('',*,*,#1824,.F.);
#2382=ORIENTED_EDGE('',*,*,#1823,.T.);
#2383=ORIENTED_EDGE('',*,*,#1876,.T.);
#2384=ORIENTED_EDGE('',*,*,#1877,.T.);
#2385=ORIENTED_EDGE('',*,*,#1873,.T.);
#2386=ORIENTED_EDGE('',*,*,#1876,.F.);
#2387=ORIENTED_EDGE('',*,*,#1822,.F.);
#2388=ORIENTED_EDGE('',*,*,#1878,.F.);
#2389=ORIENTED_EDGE('',*,*,#1879,.F.);
#2390=ORIENTED_EDGE('',*,*,#1825,.T.);
#2391=ORIENTED_EDGE('',*,*,#1875,.T.);
#2392=ORIENTED_EDGE('',*,*,#1880,.T.);
#2393=ORIENTED_EDGE('',*,*,#1878,.T.);
#2394=ORIENTED_EDGE('',*,*,#1881,.F.);
#2395=ORIENTED_EDGE('',*,*,#1882,.F.);
#2396=ORIENTED_EDGE('',*,*,#1883,.F.);
#2397=ORIENTED_EDGE('',*,*,#1884,.F.);
#2398=ORIENTED_EDGE('',*,*,#1885,.T.);
#2399=ORIENTED_EDGE('',*,*,#1886,.T.);
#2400=ORIENTED_EDGE('',*,*,#1887,.T.);
#2401=ORIENTED_EDGE('',*,*,#1881,.T.);
#2402=ORIENTED_EDGE('',*,*,#1886,.F.);
#2403=ORIENTED_EDGE('',*,*,#1888,.F.);
#2404=ORIENTED_EDGE('',*,*,#1889,.F.);
#2405=ORIENTED_EDGE('',*,*,#1890,.F.);
#2406=ORIENTED_EDGE('',*,*,#1891,.T.);
#2407=ORIENTED_EDGE('',*,*,#1883,.T.);
#2408=ORIENTED_EDGE('',*,*,#1892,.T.);
#2409=ORIENTED_EDGE('',*,*,#1889,.T.);
#2410=ORIENTED_EDGE('',*,*,#1893,.F.);
#2411=ORIENTED_EDGE('',*,*,#1894,.F.);
#2412=ORIENTED_EDGE('',*,*,#1895,.F.);
#2413=ORIENTED_EDGE('',*,*,#1896,.F.);
#2414=ORIENTED_EDGE('',*,*,#1897,.F.);
#2415=ORIENTED_EDGE('',*,*,#1898,.F.);
#2416=ORIENTED_EDGE('',*,*,#1899,.F.);
#2417=ORIENTED_EDGE('',*,*,#1900,.F.);
#2418=ORIENTED_EDGE('',*,*,#1901,.T.);
#2419=ORIENTED_EDGE('',*,*,#1895,.T.);
#2420=ORIENTED_EDGE('',*,*,#1902,.T.);
#2421=ORIENTED_EDGE('',*,*,#1897,.T.);
#2422=ORIENTED_EDGE('',*,*,#1903,.T.);
#2423=ORIENTED_EDGE('',*,*,#1899,.T.);
#2424=ORIENTED_EDGE('',*,*,#1904,.T.);
#2425=ORIENTED_EDGE('',*,*,#1893,.T.);
#2426=ORIENTED_EDGE('',*,*,#1905,.T.);
#2427=ORIENTED_EDGE('',*,*,#1906,.T.);
#2428=ORIENTED_EDGE('',*,*,#1862,.T.);
#2429=ORIENTED_EDGE('',*,*,#1907,.T.);
#2430=ORIENTED_EDGE('',*,*,#1906,.F.);
#2431=ORIENTED_EDGE('',*,*,#1908,.F.);
#2432=ORIENTED_EDGE('',*,*,#1909,.F.);
#2433=ORIENTED_EDGE('',*,*,#1863,.F.);
#2434=ORIENTED_EDGE('',*,*,#1910,.T.);
#2435=ORIENTED_EDGE('',*,*,#1911,.T.);
#2436=ORIENTED_EDGE('',*,*,#1860,.T.);
#2437=ORIENTED_EDGE('',*,*,#1912,.T.);
#2438=ORIENTED_EDGE('',*,*,#1907,.F.);
#2439=ORIENTED_EDGE('',*,*,#1861,.F.);
#2440=ORIENTED_EDGE('',*,*,#1911,.F.);
#2441=ORIENTED_EDGE('',*,*,#1913,.F.);
#2442=ORIENTED_EDGE('',*,*,#1912,.F.);
#2443=ORIENTED_EDGE('',*,*,#1859,.F.);
#2444=ORIENTED_EDGE('',*,*,#1914,.F.);
#2445=ORIENTED_EDGE('',*,*,#1915,.F.);
#2446=ORIENTED_EDGE('',*,*,#1908,.T.);
#2447=ORIENTED_EDGE('',*,*,#1905,.F.);
#2448=ORIENTED_EDGE('',*,*,#1913,.T.);
#2449=ORIENTED_EDGE('',*,*,#1910,.F.);
#2450=ORIENTED_EDGE('',*,*,#1915,.T.);
#2451=ORIENTED_EDGE('',*,*,#1916,.F.);
#2452=ORIENTED_EDGE('',*,*,#1917,.T.);
#2453=ORIENTED_EDGE('',*,*,#1918,.F.);
#2454=ORIENTED_EDGE('',*,*,#1919,.F.);
#2455=ORIENTED_EDGE('',*,*,#1920,.F.);
#2456=ORIENTED_EDGE('',*,*,#1813,.T.);
#2457=ORIENTED_EDGE('',*,*,#1921,.F.);
#2458=ORIENTED_EDGE('',*,*,#1922,.F.);
#2459=ORIENTED_EDGE('',*,*,#1923,.F.);
#2460=ORIENTED_EDGE('',*,*,#1924,.F.);
#2461=ORIENTED_EDGE('',*,*,#1802,.T.);
#2462=ORIENTED_EDGE('',*,*,#1887,.F.);
#2463=ORIENTED_EDGE('',*,*,#1890,.T.);
#2464=ORIENTED_EDGE('',*,*,#1892,.F.);
#2465=ORIENTED_EDGE('',*,*,#1882,.T.);
#2466=ORIENTED_EDGE('',*,*,#1922,.T.);
#2467=ORIENTED_EDGE('',*,*,#1925,.F.);
#2468=ORIENTED_EDGE('',*,*,#1857,.F.);
#2469=ORIENTED_EDGE('',*,*,#1926,.F.);
#2470=ORIENTED_EDGE('',*,*,#1826,.F.);
#2471=ORIENTED_EDGE('',*,*,#1927,.F.);
#2472=ORIENTED_EDGE('',*,*,#1928,.F.);
#2473=ORIENTED_EDGE('',*,*,#1843,.T.);
#2474=ORIENTED_EDGE('',*,*,#1842,.T.);
#2475=ORIENTED_EDGE('',*,*,#1929,.F.);
#2476=ORIENTED_EDGE('',*,*,#1930,.F.);
#2477=ORIENTED_EDGE('',*,*,#1931,.F.);
#2478=ORIENTED_EDGE('',*,*,#1927,.T.);
#2479=ORIENTED_EDGE('',*,*,#1831,.T.);
#2480=ORIENTED_EDGE('',*,*,#1903,.F.);
#2481=ORIENTED_EDGE('',*,*,#1896,.T.);
#2482=ORIENTED_EDGE('',*,*,#1901,.F.);
#2483=ORIENTED_EDGE('',*,*,#1900,.T.);
#2484=ORIENTED_EDGE('',*,*,#1930,.T.);
#2485=ORIENTED_EDGE('',*,*,#1932,.F.);
#2486=ORIENTED_EDGE('',*,*,#1816,.F.);
#2487=ORIENTED_EDGE('',*,*,#1933,.F.);
#2488=ORIENTED_EDGE('',*,*,#1797,.F.);
#2489=ORIENTED_EDGE('',*,*,#1924,.T.);
#2490=ORIENTED_EDGE('',*,*,#1934,.F.);
#2491=ORIENTED_EDGE('',*,*,#1814,.T.);
#2492=ORIENTED_EDGE('',*,*,#1909,.T.);
#2493=ORIENTED_EDGE('',*,*,#1920,.T.);
#2494=ORIENTED_EDGE('',*,*,#1935,.T.);
#2495=ORIENTED_EDGE('',*,*,#1936,.T.);
#2496=ORIENTED_EDGE('',*,*,#1937,.T.);
#2497=ORIENTED_EDGE('',*,*,#1938,.T.);
#2498=ORIENTED_EDGE('',*,*,#1939,.T.);
#2499=ORIENTED_EDGE('',*,*,#1940,.T.);
#2500=ORIENTED_EDGE('',*,*,#1941,.T.);
#2501=ORIENTED_EDGE('',*,*,#1916,.T.);
#2502=ORIENTED_EDGE('',*,*,#1914,.T.);
#2503=ORIENTED_EDGE('',*,*,#1858,.T.);
#2504=ORIENTED_EDGE('',*,*,#1925,.T.);
#2505=ORIENTED_EDGE('',*,*,#1921,.T.);
#2506=ORIENTED_EDGE('',*,*,#1812,.F.);
#2507=ORIENTED_EDGE('',*,*,#1810,.T.);
#2508=ORIENTED_EDGE('',*,*,#1806,.T.);
#2509=ORIENTED_EDGE('',*,*,#1817,.T.);
#2510=ORIENTED_EDGE('',*,*,#1932,.T.);
#2511=ORIENTED_EDGE('',*,*,#1929,.T.);
#2512=ORIENTED_EDGE('',*,*,#1841,.F.);
#2513=ORIENTED_EDGE('',*,*,#1839,.T.);
#2514=ORIENTED_EDGE('',*,*,#1835,.T.);
#2515=ORIENTED_EDGE('',*,*,#1864,.T.);
#2516=ORIENTED_EDGE('',*,*,#1809,.T.);
#2517=ORIENTED_EDGE('',*,*,#1838,.T.);
#2518=ORIENTED_EDGE('',*,*,#1847,.T.);
#2519=ORIENTED_EDGE('',*,*,#1942,.F.);
#2520=ORIENTED_EDGE('',*,*,#1943,.F.);
#2521=ORIENTED_EDGE('',*,*,#1944,.F.);
#2522=ORIENTED_EDGE('',*,*,#1846,.T.);
#2523=ORIENTED_EDGE('',*,*,#1945,.T.);
#2524=ORIENTED_EDGE('',*,*,#1946,.T.);
#2525=ORIENTED_EDGE('',*,*,#1942,.T.);
#2526=ORIENTED_EDGE('',*,*,#1947,.T.);
#2527=ORIENTED_EDGE('',*,*,#1948,.T.);
#2528=ORIENTED_EDGE('',*,*,#1949,.T.);
#2529=ORIENTED_EDGE('',*,*,#1845,.T.);
#2530=ORIENTED_EDGE('',*,*,#1950,.F.);
#2531=ORIENTED_EDGE('',*,*,#1951,.T.);
#2532=ORIENTED_EDGE('',*,*,#1945,.F.);
#2533=ORIENTED_EDGE('',*,*,#1848,.T.);
#2534=ORIENTED_EDGE('',*,*,#1944,.T.);
#2535=ORIENTED_EDGE('',*,*,#1952,.T.);
#2536=ORIENTED_EDGE('',*,*,#1950,.T.);
#2537=ORIENTED_EDGE('',*,*,#1844,.T.);
#2538=ORIENTED_EDGE('',*,*,#1928,.T.);
#2539=ORIENTED_EDGE('',*,*,#1931,.T.);
#2540=ORIENTED_EDGE('',*,*,#1933,.T.);
#2541=ORIENTED_EDGE('',*,*,#1815,.T.);
#2542=ORIENTED_EDGE('',*,*,#1934,.T.);
#2543=ORIENTED_EDGE('',*,*,#1923,.T.);
#2544=ORIENTED_EDGE('',*,*,#1926,.T.);
#2545=ORIENTED_EDGE('',*,*,#1856,.T.);
#2546=ORIENTED_EDGE('',*,*,#1953,.T.);
#2547=ORIENTED_EDGE('',*,*,#1954,.T.);
#2548=ORIENTED_EDGE('',*,*,#1955,.T.);
#2549=ORIENTED_EDGE('',*,*,#1852,.T.);
#2550=ORIENTED_EDGE('',*,*,#1956,.T.);
#2551=ORIENTED_EDGE('',*,*,#1957,.T.);
#2552=ORIENTED_EDGE('',*,*,#1958,.T.);
#2553=ORIENTED_EDGE('',*,*,#1959,.T.);
#2554=ORIENTED_EDGE('',*,*,#1960,.T.);
#2555=ORIENTED_EDGE('',*,*,#1961,.T.);
#2556=ORIENTED_EDGE('',*,*,#1962,.T.);
#2557=ORIENTED_EDGE('',*,*,#1952,.F.);
#2558=ORIENTED_EDGE('',*,*,#1943,.T.);
#2559=ORIENTED_EDGE('',*,*,#1946,.F.);
#2560=ORIENTED_EDGE('',*,*,#1951,.F.);
#2561=ORIENTED_EDGE('',*,*,#1851,.T.);
#2562=ORIENTED_EDGE('',*,*,#1963,.F.);
#2563=ORIENTED_EDGE('',*,*,#1964,.F.);
#2564=ORIENTED_EDGE('',*,*,#1956,.F.);
#2565=ORIENTED_EDGE('',*,*,#1957,.F.);
#2566=ORIENTED_EDGE('',*,*,#1964,.T.);
#2567=ORIENTED_EDGE('',*,*,#1965,.F.);
#2568=ORIENTED_EDGE('',*,*,#1966,.F.);
#2569=ORIENTED_EDGE('',*,*,#1849,.T.);
#2570=ORIENTED_EDGE('',*,*,#1958,.F.);
#2571=ORIENTED_EDGE('',*,*,#1966,.T.);
#2572=ORIENTED_EDGE('',*,*,#1967,.F.);
#2573=ORIENTED_EDGE('',*,*,#1850,.T.);
#2574=ORIENTED_EDGE('',*,*,#1967,.T.);
#2575=ORIENTED_EDGE('',*,*,#1965,.T.);
#2576=ORIENTED_EDGE('',*,*,#1963,.T.);
#2577=ORIENTED_EDGE('',*,*,#1968,.T.);
#2578=ORIENTED_EDGE('',*,*,#1969,.T.);
#2579=ORIENTED_EDGE('',*,*,#1970,.T.);
#2580=ORIENTED_EDGE('',*,*,#1947,.F.);
#2581=ORIENTED_EDGE('',*,*,#1971,.T.);
#2582=ORIENTED_EDGE('',*,*,#1972,.F.);
#2583=ORIENTED_EDGE('',*,*,#1971,.F.);
#2584=ORIENTED_EDGE('',*,*,#1948,.F.);
#2585=ORIENTED_EDGE('',*,*,#1973,.T.);
#2586=ORIENTED_EDGE('',*,*,#1974,.F.);
#2587=ORIENTED_EDGE('',*,*,#1973,.F.);
#2588=ORIENTED_EDGE('',*,*,#1949,.F.);
#2589=ORIENTED_EDGE('',*,*,#1975,.T.);
#2590=ORIENTED_EDGE('',*,*,#1976,.F.);
#2591=ORIENTED_EDGE('',*,*,#1975,.F.);
#2592=ORIENTED_EDGE('',*,*,#1970,.F.);
#2593=ORIENTED_EDGE('',*,*,#1977,.T.);
#2594=ORIENTED_EDGE('',*,*,#1978,.F.);
#2595=ORIENTED_EDGE('',*,*,#1977,.F.);
#2596=ORIENTED_EDGE('',*,*,#1969,.F.);
#2597=ORIENTED_EDGE('',*,*,#1979,.T.);
#2598=ORIENTED_EDGE('',*,*,#1980,.F.);
#2599=ORIENTED_EDGE('',*,*,#1979,.F.);
#2600=ORIENTED_EDGE('',*,*,#1968,.F.);
#2601=ORIENTED_EDGE('',*,*,#1981,.T.);
#2602=ORIENTED_EDGE('',*,*,#1982,.F.);
#2603=ORIENTED_EDGE('',*,*,#1981,.F.);
#2604=ORIENTED_EDGE('',*,*,#1855,.T.);
#2605=ORIENTED_EDGE('',*,*,#1983,.F.);
#2606=ORIENTED_EDGE('',*,*,#1984,.F.);
#2607=ORIENTED_EDGE('',*,*,#1953,.F.);
#2608=ORIENTED_EDGE('',*,*,#1954,.F.);
#2609=ORIENTED_EDGE('',*,*,#1984,.T.);
#2610=ORIENTED_EDGE('',*,*,#1985,.F.);
#2611=ORIENTED_EDGE('',*,*,#1986,.F.);
#2612=ORIENTED_EDGE('',*,*,#1853,.T.);
#2613=ORIENTED_EDGE('',*,*,#1955,.F.);
#2614=ORIENTED_EDGE('',*,*,#1986,.T.);
#2615=ORIENTED_EDGE('',*,*,#1987,.F.);
#2616=ORIENTED_EDGE('',*,*,#1854,.T.);
#2617=ORIENTED_EDGE('',*,*,#1987,.T.);
#2618=ORIENTED_EDGE('',*,*,#1985,.T.);
#2619=ORIENTED_EDGE('',*,*,#1983,.T.);
#2620=ORIENTED_EDGE('',*,*,#1988,.T.);
#2621=ORIENTED_EDGE('',*,*,#1989,.T.);
#2622=ORIENTED_EDGE('',*,*,#1990,.T.);
#2623=ORIENTED_EDGE('',*,*,#1989,.F.);
#2624=ORIENTED_EDGE('',*,*,#1991,.T.);
#2625=ORIENTED_EDGE('',*,*,#1992,.F.);
#2626=ORIENTED_EDGE('',*,*,#1991,.F.);
#2627=ORIENTED_EDGE('',*,*,#1988,.F.);
#2628=ORIENTED_EDGE('',*,*,#1993,.T.);
#2629=ORIENTED_EDGE('',*,*,#1994,.F.);
#2630=ORIENTED_EDGE('',*,*,#1993,.F.);
#2631=ORIENTED_EDGE('',*,*,#1990,.F.);
#2632=ORIENTED_EDGE('',*,*,#1995,.T.);
#2633=ORIENTED_EDGE('',*,*,#1996,.F.);
#2634=ORIENTED_EDGE('',*,*,#1995,.F.);
#2635=ORIENTED_EDGE('',*,*,#1997,.T.);
#2636=ORIENTED_EDGE('',*,*,#1998,.T.);
#2637=ORIENTED_EDGE('',*,*,#1999,.T.);
#2638=ORIENTED_EDGE('',*,*,#2000,.T.);
#2639=ORIENTED_EDGE('',*,*,#2001,.F.);
#2640=ORIENTED_EDGE('',*,*,#2002,.F.);
#2641=ORIENTED_EDGE('',*,*,#1917,.F.);
#2642=ORIENTED_EDGE('',*,*,#1941,.F.);
#2643=ORIENTED_EDGE('',*,*,#1919,.T.);
#2644=ORIENTED_EDGE('',*,*,#2003,.F.);
#2645=ORIENTED_EDGE('',*,*,#2004,.F.);
#2646=ORIENTED_EDGE('',*,*,#1935,.F.);
#2647=ORIENTED_EDGE('',*,*,#2004,.T.);
#2648=ORIENTED_EDGE('',*,*,#2005,.F.);
#2649=ORIENTED_EDGE('',*,*,#2006,.F.);
#2650=ORIENTED_EDGE('',*,*,#1936,.F.);
#2651=ORIENTED_EDGE('',*,*,#1904,.F.);
#2652=ORIENTED_EDGE('',*,*,#1898,.T.);
#2653=ORIENTED_EDGE('',*,*,#1902,.F.);
#2654=ORIENTED_EDGE('',*,*,#1894,.T.);
#2655=ORIENTED_EDGE('',*,*,#2006,.T.);
#2656=ORIENTED_EDGE('',*,*,#2007,.F.);
#2657=ORIENTED_EDGE('',*,*,#2008,.F.);
#2658=ORIENTED_EDGE('',*,*,#1937,.F.);
#2659=ORIENTED_EDGE('',*,*,#2008,.T.);
#2660=ORIENTED_EDGE('',*,*,#2009,.F.);
#2661=ORIENTED_EDGE('',*,*,#2010,.F.);
#2662=ORIENTED_EDGE('',*,*,#1938,.F.);
#2663=ORIENTED_EDGE('',*,*,#1880,.F.);
#2664=ORIENTED_EDGE('',*,*,#1874,.T.);
#2665=ORIENTED_EDGE('',*,*,#1877,.F.);
#2666=ORIENTED_EDGE('',*,*,#1879,.T.);
#2667=ORIENTED_EDGE('',*,*,#1872,.F.);
#2668=ORIENTED_EDGE('',*,*,#1870,.T.);
#2669=ORIENTED_EDGE('',*,*,#1868,.F.);
#2670=ORIENTED_EDGE('',*,*,#1867,.T.);
#2671=ORIENTED_EDGE('',*,*,#2010,.T.);
#2672=ORIENTED_EDGE('',*,*,#2011,.F.);
#2673=ORIENTED_EDGE('',*,*,#2012,.F.);
#2674=ORIENTED_EDGE('',*,*,#1939,.F.);
#2675=ORIENTED_EDGE('',*,*,#2012,.T.);
#2676=ORIENTED_EDGE('',*,*,#2013,.F.);
#2677=ORIENTED_EDGE('',*,*,#2001,.T.);
#2678=ORIENTED_EDGE('',*,*,#1940,.F.);
#2679=ORIENTED_EDGE('',*,*,#1885,.F.);
#2680=ORIENTED_EDGE('',*,*,#1884,.T.);
#2681=ORIENTED_EDGE('',*,*,#1891,.F.);
#2682=ORIENTED_EDGE('',*,*,#1888,.T.);
#2683=ORIENTED_EDGE('',*,*,#2013,.T.);
#2684=ORIENTED_EDGE('',*,*,#2011,.T.);
#2685=ORIENTED_EDGE('',*,*,#2009,.T.);
#2686=ORIENTED_EDGE('',*,*,#2007,.T.);
#2687=ORIENTED_EDGE('',*,*,#2005,.T.);
#2688=ORIENTED_EDGE('',*,*,#2003,.T.);
#2689=ORIENTED_EDGE('',*,*,#1918,.T.);
#2690=ORIENTED_EDGE('',*,*,#2002,.T.);
#2691=ORIENTED_EDGE('',*,*,#1972,.T.);
#2692=ORIENTED_EDGE('',*,*,#1974,.T.);
#2693=ORIENTED_EDGE('',*,*,#1976,.T.);
#2694=ORIENTED_EDGE('',*,*,#1978,.T.);
#2695=ORIENTED_EDGE('',*,*,#1980,.T.);
#2696=ORIENTED_EDGE('',*,*,#1982,.T.);
#2697=ORIENTED_EDGE('',*,*,#1992,.T.);
#2698=ORIENTED_EDGE('',*,*,#1994,.T.);
#2699=ORIENTED_EDGE('',*,*,#1996,.T.);
#2700=ORIENTED_EDGE('',*,*,#1997,.F.);
#2701=ORIENTED_EDGE('',*,*,#2014,.T.);
#2702=ORIENTED_EDGE('',*,*,#2015,.F.);
#2703=ORIENTED_EDGE('',*,*,#2014,.F.);
#2704=ORIENTED_EDGE('',*,*,#1959,.F.);
#2705=ORIENTED_EDGE('',*,*,#2016,.T.);
#2706=ORIENTED_EDGE('',*,*,#2017,.F.);
#2707=ORIENTED_EDGE('',*,*,#2016,.F.);
#2708=ORIENTED_EDGE('',*,*,#2017,.T.);
#2709=ORIENTED_EDGE('',*,*,#2015,.T.);
#2710=ORIENTED_EDGE('',*,*,#1998,.F.);
#2711=ORIENTED_EDGE('',*,*,#2018,.T.);
#2712=ORIENTED_EDGE('',*,*,#2019,.F.);
#2713=ORIENTED_EDGE('',*,*,#2018,.F.);
#2714=ORIENTED_EDGE('',*,*,#1960,.F.);
#2715=ORIENTED_EDGE('',*,*,#2020,.T.);
#2716=ORIENTED_EDGE('',*,*,#2021,.F.);
#2717=ORIENTED_EDGE('',*,*,#2020,.F.);
#2718=ORIENTED_EDGE('',*,*,#2021,.T.);
#2719=ORIENTED_EDGE('',*,*,#2019,.T.);
#2720=ORIENTED_EDGE('',*,*,#1999,.F.);
#2721=ORIENTED_EDGE('',*,*,#2022,.T.);
#2722=ORIENTED_EDGE('',*,*,#2023,.F.);
#2723=ORIENTED_EDGE('',*,*,#2022,.F.);
#2724=ORIENTED_EDGE('',*,*,#1961,.F.);
#2725=ORIENTED_EDGE('',*,*,#2024,.T.);
#2726=ORIENTED_EDGE('',*,*,#2025,.F.);
#2727=ORIENTED_EDGE('',*,*,#2024,.F.);
#2728=ORIENTED_EDGE('',*,*,#2025,.T.);
#2729=ORIENTED_EDGE('',*,*,#2023,.T.);
#2730=ORIENTED_EDGE('',*,*,#2000,.F.);
#2731=ORIENTED_EDGE('',*,*,#2026,.T.);
#2732=ORIENTED_EDGE('',*,*,#2027,.F.);
#2733=ORIENTED_EDGE('',*,*,#2026,.F.);
#2734=ORIENTED_EDGE('',*,*,#1962,.F.);
#2735=ORIENTED_EDGE('',*,*,#2028,.T.);
#2736=ORIENTED_EDGE('',*,*,#2029,.F.);
#2737=ORIENTED_EDGE('',*,*,#2028,.F.);
#2738=ORIENTED_EDGE('',*,*,#2029,.T.);
#2739=ORIENTED_EDGE('',*,*,#2027,.T.);
#2740=ORIENTED_EDGE('',*,*,#2030,.F.);
#2741=ORIENTED_EDGE('',*,*,#2031,.F.);
#2742=ORIENTED_EDGE('',*,*,#2032,.T.);
#2743=ORIENTED_EDGE('',*,*,#2033,.T.);
#2744=ORIENTED_EDGE('',*,*,#2034,.T.);
#2745=ORIENTED_EDGE('',*,*,#2035,.T.);
#2746=ORIENTED_EDGE('',*,*,#2036,.T.);
#2747=ORIENTED_EDGE('',*,*,#2037,.T.);
#2748=ORIENTED_EDGE('',*,*,#2038,.T.);
#2749=ORIENTED_EDGE('',*,*,#2039,.T.);
#2750=ORIENTED_EDGE('',*,*,#2040,.F.);
#2751=ORIENTED_EDGE('',*,*,#2041,.F.);
#2752=ORIENTED_EDGE('',*,*,#2042,.T.);
#2753=ORIENTED_EDGE('',*,*,#2043,.T.);
#2754=ORIENTED_EDGE('',*,*,#2044,.T.);
#2755=ORIENTED_EDGE('',*,*,#2045,.T.);
#2756=ORIENTED_EDGE('',*,*,#2046,.T.);
#2757=ORIENTED_EDGE('',*,*,#2047,.T.);
#2758=ORIENTED_EDGE('',*,*,#2030,.T.);
#2759=ORIENTED_EDGE('',*,*,#2048,.T.);
#2760=ORIENTED_EDGE('',*,*,#2049,.T.);
#2761=ORIENTED_EDGE('',*,*,#2048,.F.);
#2762=ORIENTED_EDGE('',*,*,#2050,.T.);
#2763=ORIENTED_EDGE('',*,*,#2051,.T.);
#2764=ORIENTED_EDGE('',*,*,#2040,.T.);
#2765=ORIENTED_EDGE('',*,*,#2051,.F.);
#2766=ORIENTED_EDGE('',*,*,#2050,.F.);
#2767=ORIENTED_EDGE('',*,*,#2052,.T.);
#2768=ORIENTED_EDGE('',*,*,#2053,.F.);
#2769=ORIENTED_EDGE('',*,*,#2052,.F.);
#2770=ORIENTED_EDGE('',*,*,#2031,.T.);
#2771=ORIENTED_EDGE('',*,*,#2054,.T.);
#2772=ORIENTED_EDGE('',*,*,#2055,.T.);
#2773=ORIENTED_EDGE('',*,*,#2054,.F.);
#2774=ORIENTED_EDGE('',*,*,#2056,.T.);
#2775=ORIENTED_EDGE('',*,*,#2057,.T.);
#2776=ORIENTED_EDGE('',*,*,#2041,.T.);
#2777=ORIENTED_EDGE('',*,*,#2057,.F.);
#2778=ORIENTED_EDGE('',*,*,#2056,.F.);
#2779=ORIENTED_EDGE('',*,*,#2058,.T.);
#2780=ORIENTED_EDGE('',*,*,#2059,.F.);
#2781=ORIENTED_EDGE('',*,*,#2058,.F.);
#2782=ORIENTED_EDGE('',*,*,#2060,.F.);
#2783=ORIENTED_EDGE('',*,*,#2061,.F.);
#2784=ORIENTED_EDGE('',*,*,#2062,.F.);
#2785=ORIENTED_EDGE('',*,*,#2063,.T.);
#2786=ORIENTED_EDGE('',*,*,#2064,.F.);
#2787=ORIENTED_EDGE('',*,*,#2065,.T.);
#2788=ORIENTED_EDGE('',*,*,#2066,.F.);
#2789=ORIENTED_EDGE('',*,*,#2067,.F.);
#2790=ORIENTED_EDGE('',*,*,#2062,.T.);
#2791=ORIENTED_EDGE('',*,*,#2068,.T.);
#2792=ORIENTED_EDGE('',*,*,#2069,.F.);
#2793=ORIENTED_EDGE('',*,*,#2070,.F.);
#2794=ORIENTED_EDGE('',*,*,#2060,.T.);
#2795=ORIENTED_EDGE('',*,*,#2071,.F.);
#2796=ORIENTED_EDGE('',*,*,#2072,.T.);
#2797=ORIENTED_EDGE('',*,*,#2073,.F.);
#2798=ORIENTED_EDGE('',*,*,#2074,.F.);
#2799=ORIENTED_EDGE('',*,*,#2075,.T.);
#2800=ORIENTED_EDGE('',*,*,#2076,.T.);
#2801=ORIENTED_EDGE('',*,*,#2077,.F.);
#2802=ORIENTED_EDGE('',*,*,#2078,.F.);
#2803=ORIENTED_EDGE('',*,*,#2079,.T.);
#2804=ORIENTED_EDGE('',*,*,#2080,.T.);
#2805=ORIENTED_EDGE('',*,*,#2075,.F.);
#2806=ORIENTED_EDGE('',*,*,#2081,.F.);
#2807=ORIENTED_EDGE('',*,*,#2082,.T.);
#2808=ORIENTED_EDGE('',*,*,#2083,.T.);
#2809=ORIENTED_EDGE('',*,*,#2079,.F.);
#2810=ORIENTED_EDGE('',*,*,#2084,.F.);
#2811=ORIENTED_EDGE('',*,*,#2085,.T.);
#2812=ORIENTED_EDGE('',*,*,#2086,.T.);
#2813=ORIENTED_EDGE('',*,*,#2082,.F.);
#2814=ORIENTED_EDGE('',*,*,#2087,.F.);
#2815=ORIENTED_EDGE('',*,*,#2088,.T.);
#2816=ORIENTED_EDGE('',*,*,#2089,.T.);
#2817=ORIENTED_EDGE('',*,*,#2085,.F.);
#2818=ORIENTED_EDGE('',*,*,#2090,.F.);
#2819=ORIENTED_EDGE('',*,*,#2091,.T.);
#2820=ORIENTED_EDGE('',*,*,#2092,.T.);
#2821=ORIENTED_EDGE('',*,*,#2088,.F.);
#2822=ORIENTED_EDGE('',*,*,#2093,.F.);
#2823=ORIENTED_EDGE('',*,*,#2094,.T.);
#2824=ORIENTED_EDGE('',*,*,#2095,.T.);
#2825=ORIENTED_EDGE('',*,*,#2091,.F.);
#2826=ORIENTED_EDGE('',*,*,#2096,.F.);
#2827=ORIENTED_EDGE('',*,*,#2097,.T.);
#2828=ORIENTED_EDGE('',*,*,#2098,.T.);
#2829=ORIENTED_EDGE('',*,*,#2094,.F.);
#2830=ORIENTED_EDGE('',*,*,#2099,.F.);
#2831=ORIENTED_EDGE('',*,*,#2100,.T.);
#2832=ORIENTED_EDGE('',*,*,#2101,.T.);
#2833=ORIENTED_EDGE('',*,*,#2097,.F.);
#2834=ORIENTED_EDGE('',*,*,#2102,.F.);
#2835=ORIENTED_EDGE('',*,*,#2103,.T.);
#2836=ORIENTED_EDGE('',*,*,#2104,.T.);
#2837=ORIENTED_EDGE('',*,*,#2100,.F.);
#2838=ORIENTED_EDGE('',*,*,#2105,.F.);
#2839=ORIENTED_EDGE('',*,*,#2106,.T.);
#2840=ORIENTED_EDGE('',*,*,#2107,.T.);
#2841=ORIENTED_EDGE('',*,*,#2103,.F.);
#2842=ORIENTED_EDGE('',*,*,#2108,.F.);
#2843=ORIENTED_EDGE('',*,*,#2109,.T.);
#2844=ORIENTED_EDGE('',*,*,#2110,.T.);
#2845=ORIENTED_EDGE('',*,*,#2106,.F.);
#2846=ORIENTED_EDGE('',*,*,#2111,.F.);
#2847=ORIENTED_EDGE('',*,*,#2112,.T.);
#2848=ORIENTED_EDGE('',*,*,#2113,.T.);
#2849=ORIENTED_EDGE('',*,*,#2109,.F.);
#2850=ORIENTED_EDGE('',*,*,#2114,.F.);
#2851=ORIENTED_EDGE('',*,*,#2077,.T.);
#2852=ORIENTED_EDGE('',*,*,#2115,.T.);
#2853=ORIENTED_EDGE('',*,*,#2112,.F.);
#2854=ORIENTED_EDGE('',*,*,#2116,.F.);
#2855=ORIENTED_EDGE('',*,*,#2117,.T.);
#2856=ORIENTED_EDGE('',*,*,#2118,.T.);
#2857=ORIENTED_EDGE('',*,*,#2119,.F.);
#2858=ORIENTED_EDGE('',*,*,#2120,.F.);
#2859=ORIENTED_EDGE('',*,*,#2121,.T.);
#2860=ORIENTED_EDGE('',*,*,#2122,.T.);
#2861=ORIENTED_EDGE('',*,*,#2117,.F.);
#2862=ORIENTED_EDGE('',*,*,#2123,.F.);
#2863=ORIENTED_EDGE('',*,*,#2124,.T.);
#2864=ORIENTED_EDGE('',*,*,#2125,.T.);
#2865=ORIENTED_EDGE('',*,*,#2121,.F.);
#2866=ORIENTED_EDGE('',*,*,#2126,.F.);
#2867=ORIENTED_EDGE('',*,*,#2127,.T.);
#2868=ORIENTED_EDGE('',*,*,#2128,.T.);
#2869=ORIENTED_EDGE('',*,*,#2124,.F.);
#2870=ORIENTED_EDGE('',*,*,#2129,.F.);
#2871=ORIENTED_EDGE('',*,*,#2130,.T.);
#2872=ORIENTED_EDGE('',*,*,#2131,.T.);
#2873=ORIENTED_EDGE('',*,*,#2127,.F.);
#2874=ORIENTED_EDGE('',*,*,#2132,.F.);
#2875=ORIENTED_EDGE('',*,*,#2119,.T.);
#2876=ORIENTED_EDGE('',*,*,#2133,.T.);
#2877=ORIENTED_EDGE('',*,*,#2130,.F.);
#2878=ORIENTED_EDGE('',*,*,#2133,.F.);
#2879=ORIENTED_EDGE('',*,*,#2118,.F.);
#2880=ORIENTED_EDGE('',*,*,#2122,.F.);
#2881=ORIENTED_EDGE('',*,*,#2125,.F.);
#2882=ORIENTED_EDGE('',*,*,#2128,.F.);
#2883=ORIENTED_EDGE('',*,*,#2131,.F.);
#2884=ORIENTED_EDGE('',*,*,#2115,.F.);
#2885=ORIENTED_EDGE('',*,*,#2076,.F.);
#2886=ORIENTED_EDGE('',*,*,#2080,.F.);
#2887=ORIENTED_EDGE('',*,*,#2083,.F.);
#2888=ORIENTED_EDGE('',*,*,#2086,.F.);
#2889=ORIENTED_EDGE('',*,*,#2089,.F.);
#2890=ORIENTED_EDGE('',*,*,#2092,.F.);
#2891=ORIENTED_EDGE('',*,*,#2095,.F.);
#2892=ORIENTED_EDGE('',*,*,#2098,.F.);
#2893=ORIENTED_EDGE('',*,*,#2101,.F.);
#2894=ORIENTED_EDGE('',*,*,#2104,.F.);
#2895=ORIENTED_EDGE('',*,*,#2107,.F.);
#2896=ORIENTED_EDGE('',*,*,#2110,.F.);
#2897=ORIENTED_EDGE('',*,*,#2113,.F.);
#2898=ORIENTED_EDGE('',*,*,#2134,.F.);
#2899=ORIENTED_EDGE('',*,*,#2135,.T.);
#2900=ORIENTED_EDGE('',*,*,#2136,.T.);
#2901=ORIENTED_EDGE('',*,*,#2137,.F.);
#2902=ORIENTED_EDGE('',*,*,#2138,.F.);
#2903=ORIENTED_EDGE('',*,*,#2139,.T.);
#2904=ORIENTED_EDGE('',*,*,#2140,.T.);
#2905=ORIENTED_EDGE('',*,*,#2135,.F.);
#2906=ORIENTED_EDGE('',*,*,#2141,.F.);
#2907=ORIENTED_EDGE('',*,*,#2142,.T.);
#2908=ORIENTED_EDGE('',*,*,#2143,.T.);
#2909=ORIENTED_EDGE('',*,*,#2139,.F.);
#2910=ORIENTED_EDGE('',*,*,#2144,.F.);
#2911=ORIENTED_EDGE('',*,*,#2145,.T.);
#2912=ORIENTED_EDGE('',*,*,#2146,.T.);
#2913=ORIENTED_EDGE('',*,*,#2142,.F.);
#2914=ORIENTED_EDGE('',*,*,#2147,.F.);
#2915=ORIENTED_EDGE('',*,*,#2148,.T.);
#2916=ORIENTED_EDGE('',*,*,#2149,.T.);
#2917=ORIENTED_EDGE('',*,*,#2145,.F.);
#2918=ORIENTED_EDGE('',*,*,#2150,.F.);
#2919=ORIENTED_EDGE('',*,*,#2137,.T.);
#2920=ORIENTED_EDGE('',*,*,#2151,.T.);
#2921=ORIENTED_EDGE('',*,*,#2148,.F.);
#2922=ORIENTED_EDGE('',*,*,#2042,.F.);
#2923=ORIENTED_EDGE('',*,*,#2152,.T.);
#2924=ORIENTED_EDGE('',*,*,#2153,.T.);
#2925=ORIENTED_EDGE('',*,*,#2154,.F.);
#2926=ORIENTED_EDGE('',*,*,#2047,.F.);
#2927=ORIENTED_EDGE('',*,*,#2155,.T.);
#2928=ORIENTED_EDGE('',*,*,#2156,.T.);
#2929=ORIENTED_EDGE('',*,*,#2152,.F.);
#2930=ORIENTED_EDGE('',*,*,#2046,.F.);
#2931=ORIENTED_EDGE('',*,*,#2157,.T.);
#2932=ORIENTED_EDGE('',*,*,#2158,.T.);
#2933=ORIENTED_EDGE('',*,*,#2155,.F.);
#2934=ORIENTED_EDGE('',*,*,#2045,.F.);
#2935=ORIENTED_EDGE('',*,*,#2159,.T.);
#2936=ORIENTED_EDGE('',*,*,#2160,.T.);
#2937=ORIENTED_EDGE('',*,*,#2157,.F.);
#2938=ORIENTED_EDGE('',*,*,#2044,.F.);
#2939=ORIENTED_EDGE('',*,*,#2161,.T.);
#2940=ORIENTED_EDGE('',*,*,#2162,.T.);
#2941=ORIENTED_EDGE('',*,*,#2159,.F.);
#2942=ORIENTED_EDGE('',*,*,#2043,.F.);
#2943=ORIENTED_EDGE('',*,*,#2154,.T.);
#2944=ORIENTED_EDGE('',*,*,#2163,.T.);
#2945=ORIENTED_EDGE('',*,*,#2161,.F.);
#2946=ORIENTED_EDGE('',*,*,#2163,.F.);
#2947=ORIENTED_EDGE('',*,*,#2153,.F.);
#2948=ORIENTED_EDGE('',*,*,#2156,.F.);
#2949=ORIENTED_EDGE('',*,*,#2158,.F.);
#2950=ORIENTED_EDGE('',*,*,#2160,.F.);
#2951=ORIENTED_EDGE('',*,*,#2162,.F.);
#2952=ORIENTED_EDGE('',*,*,#2151,.F.);
#2953=ORIENTED_EDGE('',*,*,#2136,.F.);
#2954=ORIENTED_EDGE('',*,*,#2140,.F.);
#2955=ORIENTED_EDGE('',*,*,#2143,.F.);
#2956=ORIENTED_EDGE('',*,*,#2146,.F.);
#2957=ORIENTED_EDGE('',*,*,#2149,.F.);
#2958=ORIENTED_EDGE('',*,*,#2134,.T.);
#2959=ORIENTED_EDGE('',*,*,#2150,.T.);
#2960=ORIENTED_EDGE('',*,*,#2147,.T.);
#2961=ORIENTED_EDGE('',*,*,#2144,.T.);
#2962=ORIENTED_EDGE('',*,*,#2141,.T.);
#2963=ORIENTED_EDGE('',*,*,#2138,.T.);
#2964=ORIENTED_EDGE('',*,*,#2116,.T.);
#2965=ORIENTED_EDGE('',*,*,#2132,.T.);
#2966=ORIENTED_EDGE('',*,*,#2129,.T.);
#2967=ORIENTED_EDGE('',*,*,#2126,.T.);
#2968=ORIENTED_EDGE('',*,*,#2123,.T.);
#2969=ORIENTED_EDGE('',*,*,#2120,.T.);
#2970=ORIENTED_EDGE('',*,*,#2164,.F.);
#2971=ORIENTED_EDGE('',*,*,#2165,.T.);
#2972=ORIENTED_EDGE('',*,*,#2166,.T.);
#2973=ORIENTED_EDGE('',*,*,#2167,.F.);
#2974=ORIENTED_EDGE('',*,*,#2168,.F.);
#2975=ORIENTED_EDGE('',*,*,#2169,.T.);
#2976=ORIENTED_EDGE('',*,*,#2170,.F.);
#2977=ORIENTED_EDGE('',*,*,#2171,.F.);
#2978=ORIENTED_EDGE('',*,*,#2172,.F.);
#2979=ORIENTED_EDGE('',*,*,#2171,.T.);
#2980=ORIENTED_EDGE('',*,*,#2173,.F.);
#2981=ORIENTED_EDGE('',*,*,#2165,.F.);
#2982=ORIENTED_EDGE('',*,*,#2174,.F.);
#2983=ORIENTED_EDGE('',*,*,#2175,.T.);
#2984=ORIENTED_EDGE('',*,*,#2176,.F.);
#2985=ORIENTED_EDGE('',*,*,#2177,.F.);
#2986=ORIENTED_EDGE('',*,*,#2178,.F.);
#2987=ORIENTED_EDGE('',*,*,#2177,.T.);
#2988=ORIENTED_EDGE('',*,*,#2179,.F.);
#2989=ORIENTED_EDGE('',*,*,#2180,.F.);
#2990=ORIENTED_EDGE('',*,*,#2181,.F.);
#2991=ORIENTED_EDGE('',*,*,#2180,.T.);
#2992=ORIENTED_EDGE('',*,*,#2182,.F.);
#2993=ORIENTED_EDGE('',*,*,#2183,.F.);
#2994=ORIENTED_EDGE('',*,*,#2184,.F.);
#2995=ORIENTED_EDGE('',*,*,#2185,.T.);
#2996=ORIENTED_EDGE('',*,*,#2186,.F.);
#2997=ORIENTED_EDGE('',*,*,#2169,.F.);
#2998=ORIENTED_EDGE('',*,*,#2187,.F.);
#2999=ORIENTED_EDGE('',*,*,#2188,.T.);
#3000=ORIENTED_EDGE('',*,*,#2189,.T.);
#3001=ORIENTED_EDGE('',*,*,#2190,.F.);
#3002=ORIENTED_EDGE('',*,*,#2191,.F.);
#3003=ORIENTED_EDGE('',*,*,#2192,.T.);
#3004=ORIENTED_EDGE('',*,*,#2193,.T.);
#3005=ORIENTED_EDGE('',*,*,#2188,.F.);
#3006=ORIENTED_EDGE('',*,*,#2194,.F.);
#3007=ORIENTED_EDGE('',*,*,#2195,.T.);
#3008=ORIENTED_EDGE('',*,*,#2196,.F.);
#3009=ORIENTED_EDGE('',*,*,#2197,.F.);
#3010=ORIENTED_EDGE('',*,*,#2198,.F.);
#3011=ORIENTED_EDGE('',*,*,#2199,.T.);
#3012=ORIENTED_EDGE('',*,*,#2200,.T.);
#3013=ORIENTED_EDGE('',*,*,#2195,.F.);
#3014=ORIENTED_EDGE('',*,*,#2201,.F.);
#3015=ORIENTED_EDGE('',*,*,#2202,.T.);
#3016=ORIENTED_EDGE('',*,*,#2203,.T.);
#3017=ORIENTED_EDGE('',*,*,#2199,.F.);
#3018=ORIENTED_EDGE('',*,*,#2204,.F.);
#3019=ORIENTED_EDGE('',*,*,#2205,.T.);
#3020=ORIENTED_EDGE('',*,*,#2206,.T.);
#3021=ORIENTED_EDGE('',*,*,#2202,.F.);
#3022=ORIENTED_EDGE('',*,*,#2207,.F.);
#3023=ORIENTED_EDGE('',*,*,#2183,.T.);
#3024=ORIENTED_EDGE('',*,*,#2208,.F.);
#3025=ORIENTED_EDGE('',*,*,#2205,.F.);
#3026=ORIENTED_EDGE('',*,*,#2209,.F.);
#3027=ORIENTED_EDGE('',*,*,#2210,.T.);
#3028=ORIENTED_EDGE('',*,*,#2211,.T.);
#3029=ORIENTED_EDGE('',*,*,#2185,.F.);
#3030=ORIENTED_EDGE('',*,*,#2212,.F.);
#3031=ORIENTED_EDGE('',*,*,#2190,.T.);
#3032=ORIENTED_EDGE('',*,*,#2213,.T.);
#3033=ORIENTED_EDGE('',*,*,#2210,.F.);
#3034=ORIENTED_EDGE('',*,*,#2214,.F.);
#3035=ORIENTED_EDGE('',*,*,#2175,.F.);
#3036=ORIENTED_EDGE('',*,*,#2215,.F.);
#3037=ORIENTED_EDGE('',*,*,#2216,.T.);
#3038=ORIENTED_EDGE('',*,*,#2217,.F.);
#3039=ORIENTED_EDGE('',*,*,#2218,.F.);
#3040=ORIENTED_EDGE('',*,*,#2219,.F.);
#3041=ORIENTED_EDGE('',*,*,#2220,.F.);
#3042=ORIENTED_EDGE('',*,*,#2221,.F.);
#3043=ORIENTED_EDGE('',*,*,#2222,.F.);
#3044=ORIENTED_EDGE('',*,*,#2223,.F.);
#3045=ORIENTED_EDGE('',*,*,#2224,.F.);
#3046=ORIENTED_EDGE('',*,*,#2049,.F.);
#3047=ORIENTED_EDGE('',*,*,#2059,.T.);
#3048=ORIENTED_EDGE('',*,*,#2053,.T.);
#3049=ORIENTED_EDGE('',*,*,#2055,.F.);
#3050=ORIENTED_EDGE('',*,*,#2215,.T.);
#3051=ORIENTED_EDGE('',*,*,#2174,.T.);
#3052=ORIENTED_EDGE('',*,*,#2178,.T.);
#3053=ORIENTED_EDGE('',*,*,#2181,.T.);
#3054=ORIENTED_EDGE('',*,*,#2207,.T.);
#3055=ORIENTED_EDGE('',*,*,#2204,.T.);
#3056=ORIENTED_EDGE('',*,*,#2201,.T.);
#3057=ORIENTED_EDGE('',*,*,#2198,.T.);
#3058=ORIENTED_EDGE('',*,*,#2194,.T.);
#3059=ORIENTED_EDGE('',*,*,#2225,.T.);
#3060=ORIENTED_EDGE('',*,*,#2226,.T.);
#3061=ORIENTED_EDGE('',*,*,#2227,.T.);
#3062=ORIENTED_EDGE('',*,*,#2228,.T.);
#3063=ORIENTED_EDGE('',*,*,#2065,.F.);
#3064=ORIENTED_EDGE('',*,*,#2229,.T.);
#3065=ORIENTED_EDGE('',*,*,#2230,.T.);
#3066=ORIENTED_EDGE('',*,*,#2231,.T.);
#3067=ORIENTED_EDGE('',*,*,#2232,.T.);
#3068=ORIENTED_EDGE('',*,*,#2233,.T.);
#3069=ORIENTED_EDGE('',*,*,#2191,.T.);
#3070=ORIENTED_EDGE('',*,*,#2187,.T.);
#3071=ORIENTED_EDGE('',*,*,#2212,.T.);
#3072=ORIENTED_EDGE('',*,*,#2209,.T.);
#3073=ORIENTED_EDGE('',*,*,#2184,.T.);
#3074=ORIENTED_EDGE('',*,*,#2168,.T.);
#3075=ORIENTED_EDGE('',*,*,#2172,.T.);
#3076=ORIENTED_EDGE('',*,*,#2164,.T.);
#3077=ORIENTED_EDGE('',*,*,#2234,.T.);
#3078=ORIENTED_EDGE('',*,*,#2235,.T.);
#3079=ORIENTED_EDGE('',*,*,#2236,.T.);
#3080=ORIENTED_EDGE('',*,*,#2071,.T.);
#3081=ORIENTED_EDGE('',*,*,#2063,.F.);
#3082=ORIENTED_EDGE('',*,*,#2070,.T.);
#3083=ORIENTED_EDGE('',*,*,#2237,.T.);
#3084=ORIENTED_EDGE('',*,*,#2238,.T.);
#3085=ORIENTED_EDGE('',*,*,#2239,.T.);
#3086=ORIENTED_EDGE('',*,*,#2067,.T.);
#3087=ORIENTED_EDGE('',*,*,#2240,.F.);
#3088=ORIENTED_EDGE('',*,*,#2241,.T.);
#3089=ORIENTED_EDGE('',*,*,#2242,.T.);
#3090=ORIENTED_EDGE('',*,*,#2243,.T.);
#3091=ORIENTED_EDGE('',*,*,#2196,.T.);
#3092=ORIENTED_EDGE('',*,*,#2200,.F.);
#3093=ORIENTED_EDGE('',*,*,#2203,.F.);
#3094=ORIENTED_EDGE('',*,*,#2206,.F.);
#3095=ORIENTED_EDGE('',*,*,#2208,.T.);
#3096=ORIENTED_EDGE('',*,*,#2182,.T.);
#3097=ORIENTED_EDGE('',*,*,#2179,.T.);
#3098=ORIENTED_EDGE('',*,*,#2176,.T.);
#3099=ORIENTED_EDGE('',*,*,#2214,.T.);
#3100=ORIENTED_EDGE('',*,*,#2244,.F.);
#3101=ORIENTED_EDGE('',*,*,#2245,.F.);
#3102=ORIENTED_EDGE('',*,*,#2246,.F.);
#3103=ORIENTED_EDGE('',*,*,#2068,.F.);
#3104=ORIENTED_EDGE('',*,*,#2061,.T.);
#3105=ORIENTED_EDGE('',*,*,#2073,.T.);
#3106=ORIENTED_EDGE('',*,*,#2247,.F.);
#3107=ORIENTED_EDGE('',*,*,#2248,.F.);
#3108=ORIENTED_EDGE('',*,*,#2249,.F.);
#3109=ORIENTED_EDGE('',*,*,#2166,.F.);
#3110=ORIENTED_EDGE('',*,*,#2173,.T.);
#3111=ORIENTED_EDGE('',*,*,#2170,.T.);
#3112=ORIENTED_EDGE('',*,*,#2186,.T.);
#3113=ORIENTED_EDGE('',*,*,#2211,.F.);
#3114=ORIENTED_EDGE('',*,*,#2213,.F.);
#3115=ORIENTED_EDGE('',*,*,#2189,.F.);
#3116=ORIENTED_EDGE('',*,*,#2193,.F.);
#3117=ORIENTED_EDGE('',*,*,#2250,.T.);
#3118=ORIENTED_EDGE('',*,*,#2251,.T.);
#3119=ORIENTED_EDGE('',*,*,#2252,.T.);
#3120=ORIENTED_EDGE('',*,*,#2253,.T.);
#3121=ORIENTED_EDGE('',*,*,#2254,.T.);
#3122=ORIENTED_EDGE('',*,*,#2074,.T.);
#3123=ORIENTED_EDGE('',*,*,#2114,.T.);
#3124=ORIENTED_EDGE('',*,*,#2111,.T.);
#3125=ORIENTED_EDGE('',*,*,#2108,.T.);
#3126=ORIENTED_EDGE('',*,*,#2105,.T.);
#3127=ORIENTED_EDGE('',*,*,#2102,.T.);
#3128=ORIENTED_EDGE('',*,*,#2099,.T.);
#3129=ORIENTED_EDGE('',*,*,#2096,.T.);
#3130=ORIENTED_EDGE('',*,*,#2093,.T.);
#3131=ORIENTED_EDGE('',*,*,#2090,.T.);
#3132=ORIENTED_EDGE('',*,*,#2087,.T.);
#3133=ORIENTED_EDGE('',*,*,#2084,.T.);
#3134=ORIENTED_EDGE('',*,*,#2081,.T.);
#3135=ORIENTED_EDGE('',*,*,#2078,.T.);
#3136=ORIENTED_EDGE('',*,*,#2235,.F.);
#3137=ORIENTED_EDGE('',*,*,#2255,.T.);
#3138=ORIENTED_EDGE('',*,*,#2248,.T.);
#3139=ORIENTED_EDGE('',*,*,#2256,.F.);
#3140=ORIENTED_EDGE('',*,*,#2234,.F.);
#3141=ORIENTED_EDGE('',*,*,#2167,.T.);
#3142=ORIENTED_EDGE('',*,*,#2249,.T.);
#3143=ORIENTED_EDGE('',*,*,#2255,.F.);
#3144=ORIENTED_EDGE('',*,*,#2239,.F.);
#3145=ORIENTED_EDGE('',*,*,#2257,.T.);
#3146=ORIENTED_EDGE('',*,*,#2244,.T.);
#3147=ORIENTED_EDGE('',*,*,#2216,.F.);
#3148=ORIENTED_EDGE('',*,*,#2238,.F.);
#3149=ORIENTED_EDGE('',*,*,#2258,.T.);
#3150=ORIENTED_EDGE('',*,*,#2245,.T.);
#3151=ORIENTED_EDGE('',*,*,#2257,.F.);
#3152=ORIENTED_EDGE('',*,*,#2237,.F.);
#3153=ORIENTED_EDGE('',*,*,#2069,.T.);
#3154=ORIENTED_EDGE('',*,*,#2246,.T.);
#3155=ORIENTED_EDGE('',*,*,#2258,.F.);
#3156=ORIENTED_EDGE('',*,*,#2236,.F.);
#3157=ORIENTED_EDGE('',*,*,#2256,.T.);
#3158=ORIENTED_EDGE('',*,*,#2247,.T.);
#3159=ORIENTED_EDGE('',*,*,#2072,.F.);
#3160=ORIENTED_EDGE('',*,*,#2231,.F.);
#3161=ORIENTED_EDGE('',*,*,#2259,.T.);
#3162=ORIENTED_EDGE('',*,*,#2252,.F.);
#3163=ORIENTED_EDGE('',*,*,#2260,.F.);
#3164=ORIENTED_EDGE('',*,*,#2232,.F.);
#3165=ORIENTED_EDGE('',*,*,#2260,.T.);
#3166=ORIENTED_EDGE('',*,*,#2251,.F.);
#3167=ORIENTED_EDGE('',*,*,#2261,.F.);
#3168=ORIENTED_EDGE('',*,*,#2250,.F.);
#3169=ORIENTED_EDGE('',*,*,#2192,.F.);
#3170=ORIENTED_EDGE('',*,*,#2233,.F.);
#3171=ORIENTED_EDGE('',*,*,#2261,.T.);
#3172=ORIENTED_EDGE('',*,*,#2225,.F.);
#3173=ORIENTED_EDGE('',*,*,#2197,.T.);
#3174=ORIENTED_EDGE('',*,*,#2243,.F.);
#3175=ORIENTED_EDGE('',*,*,#2262,.F.);
#3176=ORIENTED_EDGE('',*,*,#2226,.F.);
#3177=ORIENTED_EDGE('',*,*,#2262,.T.);
#3178=ORIENTED_EDGE('',*,*,#2242,.F.);
#3179=ORIENTED_EDGE('',*,*,#2263,.F.);
#3180=ORIENTED_EDGE('',*,*,#2227,.F.);
#3181=ORIENTED_EDGE('',*,*,#2263,.T.);
#3182=ORIENTED_EDGE('',*,*,#2241,.F.);
#3183=ORIENTED_EDGE('',*,*,#2264,.F.);
#3184=ORIENTED_EDGE('',*,*,#2066,.T.);
#3185=ORIENTED_EDGE('',*,*,#2228,.F.);
#3186=ORIENTED_EDGE('',*,*,#2264,.T.);
#3187=ORIENTED_EDGE('',*,*,#2240,.T.);
#3188=ORIENTED_EDGE('',*,*,#2064,.T.);
#3189=ORIENTED_EDGE('',*,*,#2254,.F.);
#3190=ORIENTED_EDGE('',*,*,#2265,.F.);
#3191=ORIENTED_EDGE('',*,*,#2229,.F.);
#3192=ORIENTED_EDGE('',*,*,#2230,.F.);
#3193=ORIENTED_EDGE('',*,*,#2265,.T.);
#3194=ORIENTED_EDGE('',*,*,#2253,.F.);
#3195=ORIENTED_EDGE('',*,*,#2259,.F.);
#3196=ORIENTED_EDGE('',*,*,#2218,.T.);
#3197=ORIENTED_EDGE('',*,*,#2266,.T.);
#3198=ORIENTED_EDGE('',*,*,#2039,.F.);
#3199=ORIENTED_EDGE('',*,*,#2267,.F.);
#3200=ORIENTED_EDGE('',*,*,#2219,.T.);
#3201=ORIENTED_EDGE('',*,*,#2267,.T.);
#3202=ORIENTED_EDGE('',*,*,#2038,.F.);
#3203=ORIENTED_EDGE('',*,*,#2268,.F.);
#3204=ORIENTED_EDGE('',*,*,#2220,.T.);
#3205=ORIENTED_EDGE('',*,*,#2268,.T.);
#3206=ORIENTED_EDGE('',*,*,#2037,.F.);
#3207=ORIENTED_EDGE('',*,*,#2269,.F.);
#3208=ORIENTED_EDGE('',*,*,#2221,.T.);
#3209=ORIENTED_EDGE('',*,*,#2269,.T.);
#3210=ORIENTED_EDGE('',*,*,#2036,.F.);
#3211=ORIENTED_EDGE('',*,*,#2270,.F.);
#3212=ORIENTED_EDGE('',*,*,#2222,.T.);
#3213=ORIENTED_EDGE('',*,*,#2270,.T.);
#3214=ORIENTED_EDGE('',*,*,#2035,.F.);
#3215=ORIENTED_EDGE('',*,*,#2271,.F.);
#3216=ORIENTED_EDGE('',*,*,#2223,.T.);
#3217=ORIENTED_EDGE('',*,*,#2271,.T.);
#3218=ORIENTED_EDGE('',*,*,#2034,.F.);
#3219=ORIENTED_EDGE('',*,*,#2272,.F.);
#3220=ORIENTED_EDGE('',*,*,#2224,.T.);
#3221=ORIENTED_EDGE('',*,*,#2272,.T.);
#3222=ORIENTED_EDGE('',*,*,#2033,.F.);
#3223=ORIENTED_EDGE('',*,*,#2273,.F.);
#3224=ORIENTED_EDGE('',*,*,#2217,.T.);
#3225=ORIENTED_EDGE('',*,*,#2273,.T.);
#3226=ORIENTED_EDGE('',*,*,#2032,.F.);
#3227=ORIENTED_EDGE('',*,*,#2266,.F.);
#3228=CONICAL_SURFACE('',#3437,10.2564787639444,0.872664625997166);
#3229=CONICAL_SURFACE('',#3449,10.2564787639444,0.872664625997166);
#3230=CONICAL_SURFACE('',#3610,1.525,0.785398163397437);
#3231=CONICAL_SURFACE('',#3616,1.525,0.785398163397448);
#3232=ADVANCED_FACE('',(#356,#307),#3228,.T.);
#3233=ADVANCED_FACE('',(#357),#194,.T.);
#3234=ADVANCED_FACE('',(#358),#139,.F.);
#3235=ADVANCED_FACE('',(#359),#140,.T.);
#3236=ADVANCED_FACE('',(#360),#195,.T.);
#3237=ADVANCED_FACE('',(#361,#308,#309),#196,.T.);
#3238=ADVANCED_FACE('',(#362,#310),#3229,.T.);
#3239=ADVANCED_FACE('',(#363),#197,.T.);
#3240=ADVANCED_FACE('',(#364),#141,.F.);
#3241=ADVANCED_FACE('',(#365),#142,.T.);
#3242=ADVANCED_FACE('',(#366),#198,.T.);
#3243=ADVANCED_FACE('',(#367),#199,.T.);
#3244=ADVANCED_FACE('',(#368),#200,.F.);
#3245=ADVANCED_FACE('',(#369),#143,.F.);
#3246=ADVANCED_FACE('',(#370),#201,.T.);
#3247=ADVANCED_FACE('',(#371),#144,.F.);
#3248=ADVANCED_FACE('',(#372),#202,.F.);
#3249=ADVANCED_FACE('',(#373),#145,.F.);
#3250=ADVANCED_FACE('',(#374),#203,.T.);
#3251=ADVANCED_FACE('',(#375),#146,.F.);
#3252=ADVANCED_FACE('',(#376),#204,.T.);
#3253=ADVANCED_FACE('',(#377),#147,.F.);
#3254=ADVANCED_FACE('',(#378),#205,.F.);
#3255=ADVANCED_FACE('',(#379),#148,.F.);
#3256=ADVANCED_FACE('',(#380),#206,.F.);
#3257=ADVANCED_FACE('',(#381),#207,.T.);
#3258=ADVANCED_FACE('',(#382),#149,.F.);
#3259=ADVANCED_FACE('',(#383),#150,.F.);
#3260=ADVANCED_FACE('',(#384),#151,.F.);
#3261=ADVANCED_FACE('',(#385),#208,.F.);
#3262=ADVANCED_FACE('',(#386),#152,.F.);
#3263=ADVANCED_FACE('',(#387),#209,.F.);
#3264=ADVANCED_FACE('',(#388),#210,.F.);
#3265=ADVANCED_FACE('',(#389),#211,.T.);
#3266=ADVANCED_FACE('',(#390,#311),#212,.T.);
#3267=ADVANCED_FACE('',(#391),#153,.F.);
#3268=ADVANCED_FACE('',(#392),#154,.F.);
#3269=ADVANCED_FACE('',(#393,#312),#213,.T.);
#3270=ADVANCED_FACE('',(#394),#155,.F.);
#3271=ADVANCED_FACE('',(#395),#156,.F.);
#3272=ADVANCED_FACE('',(#396,#313,#314),#214,.T.);
#3273=ADVANCED_FACE('',(#397),#215,.T.);
#3274=ADVANCED_FACE('',(#398,#315,#316,#317),#216,.T.);
#3275=ADVANCED_FACE('',(#399),#217,.T.);
#3276=ADVANCED_FACE('',(#400,#318,#319,#320,#321),#218,.F.);
#3277=ADVANCED_FACE('',(#401),#219,.T.);
#3278=ADVANCED_FACE('',(#402),#220,.T.);
#3279=ADVANCED_FACE('',(#403),#221,.T.);
#3280=ADVANCED_FACE('',(#404),#222,.T.);
#3281=ADVANCED_FACE('',(#405,#322,#323,#324),#223,.T.);
#3282=ADVANCED_FACE('',(#406),#157,.F.);
#3283=ADVANCED_FACE('',(#407),#158,.F.);
#3284=ADVANCED_FACE('',(#408),#159,.F.);
#3285=ADVANCED_FACE('',(#409),#160,.F.);
#3286=ADVANCED_FACE('',(#410),#161,.F.);
#3287=ADVANCED_FACE('',(#411),#162,.F.);
#3288=ADVANCED_FACE('',(#412),#224,.T.);
#3289=ADVANCED_FACE('',(#413),#225,.T.);
#3290=ADVANCED_FACE('',(#414),#226,.T.);
#3291=ADVANCED_FACE('',(#415,#325,#326,#327),#227,.T.);
#3292=ADVANCED_FACE('',(#416),#163,.F.);
#3293=ADVANCED_FACE('',(#417),#164,.F.);
#3294=ADVANCED_FACE('',(#418),#165,.F.);
#3295=ADVANCED_FACE('',(#419),#228,.F.);
#3296=ADVANCED_FACE('',(#420),#229,.F.);
#3297=ADVANCED_FACE('',(#421),#230,.F.);
#3298=ADVANCED_FACE('',(#422),#231,.F.);
#3299=ADVANCED_FACE('',(#423),#166,.T.);
#3300=ADVANCED_FACE('',(#424),#167,.T.);
#3301=ADVANCED_FACE('',(#425,#328),#232,.T.);
#3302=ADVANCED_FACE('',(#426),#168,.T.);
#3303=ADVANCED_FACE('',(#427,#329,#330),#233,.T.);
#3304=ADVANCED_FACE('',(#428),#169,.T.);
#3305=ADVANCED_FACE('',(#429,#331),#234,.T.);
#3306=ADVANCED_FACE('',(#430,#332,#333,#334,#335,#336,#337,#338,#339,#340),
#235,.T.);
#3307=ADVANCED_FACE('',(#431),#170,.F.);
#3308=ADVANCED_FACE('',(#432),#171,.T.);
#3309=ADVANCED_FACE('',(#433,#341),#236,.F.);
#3310=ADVANCED_FACE('',(#434),#172,.F.);
#3311=ADVANCED_FACE('',(#435),#173,.T.);
#3312=ADVANCED_FACE('',(#436,#342),#237,.F.);
#3313=ADVANCED_FACE('',(#437),#174,.F.);
#3314=ADVANCED_FACE('',(#438),#175,.T.);
#3315=ADVANCED_FACE('',(#439,#343),#238,.F.);
#3316=ADVANCED_FACE('',(#440),#176,.F.);
#3317=ADVANCED_FACE('',(#441),#177,.T.);
#3318=ADVANCED_FACE('',(#442,#344),#239,.F.);
#3319=ADVANCED_FACE('',(#443),#240,.F.);
#3320=ADVANCED_FACE('',(#444),#241,.F.);
#3321=ADVANCED_FACE('',(#445,#345,#346,#347),#242,.T.);
#3322=ADVANCED_FACE('',(#446),#178,.F.);
#3323=ADVANCED_FACE('',(#447),#3230,.F.);
#3324=ADVANCED_FACE('',(#448),#179,.F.);
#3325=ADVANCED_FACE('',(#449),#180,.F.);
#3326=ADVANCED_FACE('',(#450),#3231,.F.);
#3327=ADVANCED_FACE('',(#451),#181,.F.);
#3328=ADVANCED_FACE('',(#452),#243,.F.);
#3329=ADVANCED_FACE('',(#453),#244,.F.);
#3330=ADVANCED_FACE('',(#454),#245,.T.);
#3331=ADVANCED_FACE('',(#455),#246,.T.);
#3332=ADVANCED_FACE('',(#456),#247,.F.);
#3333=ADVANCED_FACE('',(#457),#248,.F.);
#3334=ADVANCED_FACE('',(#458),#249,.F.);
#3335=ADVANCED_FACE('',(#459),#250,.F.);
#3336=ADVANCED_FACE('',(#460),#251,.F.);
#3337=ADVANCED_FACE('',(#461),#252,.F.);
#3338=ADVANCED_FACE('',(#462),#253,.F.);
#3339=ADVANCED_FACE('',(#463),#254,.F.);
#3340=ADVANCED_FACE('',(#464),#255,.F.);
#3341=ADVANCED_FACE('',(#465),#256,.F.);
#3342=ADVANCED_FACE('',(#466),#257,.F.);
#3343=ADVANCED_FACE('',(#467),#258,.F.);
#3344=ADVANCED_FACE('',(#468),#259,.F.);
#3345=ADVANCED_FACE('',(#469),#260,.F.);
#3346=ADVANCED_FACE('',(#470),#261,.F.);
#3347=ADVANCED_FACE('',(#471),#262,.F.);
#3348=ADVANCED_FACE('',(#472),#263,.F.);
#3349=ADVANCED_FACE('',(#473),#264,.F.);
#3350=ADVANCED_FACE('',(#474),#265,.F.);
#3351=ADVANCED_FACE('',(#475),#266,.F.);
#3352=ADVANCED_FACE('',(#476,#348),#267,.F.);
#3353=ADVANCED_FACE('',(#477),#22,.F.);
#3354=ADVANCED_FACE('',(#478),#268,.F.);
#3355=ADVANCED_FACE('',(#479),#23,.F.);
#3356=ADVANCED_FACE('',(#480),#269,.F.);
#3357=ADVANCED_FACE('',(#481),#24,.F.);
#3358=ADVANCED_FACE('',(#482),#270,.F.);
#3359=ADVANCED_FACE('',(#483),#19,.F.);
#3360=ADVANCED_FACE('',(#484),#271,.F.);
#3361=ADVANCED_FACE('',(#485),#20,.F.);
#3362=ADVANCED_FACE('',(#486),#272,.F.);
#3363=ADVANCED_FACE('',(#487),#21,.F.);
#3364=ADVANCED_FACE('',(#488),#273,.F.);
#3365=ADVANCED_FACE('',(#489,#349),#274,.T.);
#3366=ADVANCED_FACE('',(#490,#350),#275,.T.);
#3367=ADVANCED_FACE('',(#491),#276,.T.);
#3368=ADVANCED_FACE('',(#492),#182,.F.);
#3369=ADVANCED_FACE('',(#493),#277,.T.);
#3370=ADVANCED_FACE('',(#494),#278,.T.);
#3371=ADVANCED_FACE('',(#495),#183,.T.);
#3372=ADVANCED_FACE('',(#496),#279,.T.);
#3373=ADVANCED_FACE('',(#497),#280,.T.);
#3374=ADVANCED_FACE('',(#498),#184,.F.);
#3375=ADVANCED_FACE('',(#499),#281,.F.);
#3376=ADVANCED_FACE('',(#500),#282,.F.);
#3377=ADVANCED_FACE('',(#501),#283,.F.);
#3378=ADVANCED_FACE('',(#502),#185,.T.);
#3379=ADVANCED_FACE('',(#503),#284,.F.);
#3380=ADVANCED_FACE('',(#504),#285,.F.);
#3381=ADVANCED_FACE('',(#505),#286,.F.);
#3382=ADVANCED_FACE('',(#506),#287,.F.);
#3383=ADVANCED_FACE('',(#507),#288,.F.);
#3384=ADVANCED_FACE('',(#508,#351,#352,#353,#354,#355),#289,.F.);
#3385=ADVANCED_FACE('',(#509),#290,.F.);
#3386=ADVANCED_FACE('',(#510),#291,.T.);
#3387=ADVANCED_FACE('',(#511),#186,.F.);
#3388=ADVANCED_FACE('',(#512),#292,.F.);
#3389=ADVANCED_FACE('',(#513),#293,.F.);
#3390=ADVANCED_FACE('',(#514),#187,.T.);
#3391=ADVANCED_FACE('',(#515),#294,.F.);
#3392=ADVANCED_FACE('',(#516),#295,.F.);
#3393=ADVANCED_FACE('',(#517),#188,.F.);
#3394=ADVANCED_FACE('',(#518),#296,.T.);
#3395=ADVANCED_FACE('',(#519),#297,.T.);
#3396=ADVANCED_FACE('',(#520),#298,.T.);
#3397=ADVANCED_FACE('',(#521),#189,.T.);
#3398=ADVANCED_FACE('',(#522),#299,.T.);
#3399=ADVANCED_FACE('',(#523),#300,.T.);
#3400=ADVANCED_FACE('',(#524),#301,.T.);
#3401=ADVANCED_FACE('',(#525),#302,.T.);
#3402=ADVANCED_FACE('',(#526),#303,.T.);
#3403=ADVANCED_FACE('',(#527),#190,.T.);
#3404=ADVANCED_FACE('',(#528),#304,.T.);
#3405=ADVANCED_FACE('',(#529),#191,.T.);
#3406=ADVANCED_FACE('',(#530),#305,.T.);
#3407=ADVANCED_FACE('',(#531),#192,.T.);
#3408=ADVANCED_FACE('',(#532),#306,.T.);
#3409=ADVANCED_FACE('',(#533),#193,.T.);
#3410=CLOSED_SHELL('',(#3232,#3233,#3234,#3235,#3236,#3237,#3238,#3239,
#3240,#3241,#3242,#3243,#3244,#3245,#3246,#3247,#3248,#3249,#3250,#3251,
#3252,#3253,#3254,#3255,#3256,#3257,#3258,#3259,#3260,#3261,#3262,#3263,
#3264,#3265,#3266,#3267,#3268,#3269,#3270,#3271,#3272,#3273,#3274,#3275,
#3276,#3277,#3278,#3279,#3280,#3281,#3282,#3283,#3284,#3285,#3286,#3287,
#3288,#3289,#3290,#3291,#3292,#3293,#3294,#3295,#3296,#3297,#3298,#3299,
#3300,#3301,#3302,#3303,#3304,#3305,#3306,#3307,#3308,#3309,#3310,#3311,
#3312,#3313,#3314,#3315,#3316,#3317,#3318));
#3411=CLOSED_SHELL('',(#3319,#3320,#3321,#3322,#3323,#3324,#3325,#3326,
#3327,#3328,#3329,#3330,#3331,#3332,#3333,#3334,#3335,#3336,#3337,#3338,
#3339,#3340,#3341,#3342,#3343,#3344,#3345,#3346,#3347,#3348,#3349,#3350,
#3351,#3352,#3353,#3354,#3355,#3356,#3357,#3358,#3359,#3360,#3361,#3362,
#3363,#3364,#3365,#3366,#3367,#3368,#3369,#3370,#3371,#3372,#3373,#3374,
#3375,#3376,#3377,#3378,#3379,#3380,#3381,#3382,#3383,#3384,#3385,#3386,
#3387,#3388,#3389,#3390,#3391,#3392,#3393,#3394,#3395,#3396,#3397,#3398,
#3399,#3400,#3401,#3402,#3403,#3404,#3405,#3406,#3407,#3408,#3409));
#3412=DERIVED_UNIT_ELEMENT(#3416,1.);
#3413=DERIVED_UNIT_ELEMENT(#5928,-3.);
#3414=DERIVED_UNIT_ELEMENT(#3416,1.);
#3415=DERIVED_UNIT_ELEMENT(#5928,-3.);
#3416=(
MASS_UNIT()
NAMED_UNIT(*)
SI_UNIT(.KILO.,.GRAM.)
);
#3417=DERIVED_UNIT((#3412,#3413));
#3418=DERIVED_UNIT((#3414,#3415));
#3419=MEASURE_REPRESENTATION_ITEM('density measure',
POSITIVE_RATIO_MEASURE(7850.),#3417);
#3420=MEASURE_REPRESENTATION_ITEM('density measure',
POSITIVE_RATIO_MEASURE(7850.),#3418);
#3421=PROPERTY_DEFINITION_REPRESENTATION(#3431,#3425);
#3422=PROPERTY_DEFINITION_REPRESENTATION(#3432,#3426);
#3423=PROPERTY_DEFINITION_REPRESENTATION(#3433,#3427);
#3424=PROPERTY_DEFINITION_REPRESENTATION(#3434,#3428);
#3425=REPRESENTATION('material name',(#3429),#5924);
#3426=REPRESENTATION('density',(#3419),#5924);
#3427=REPRESENTATION('material name',(#3430),#5925);
#3428=REPRESENTATION('density',(#3420),#5925);
#3429=DESCRIPTIVE_REPRESENTATION_ITEM('Stahl','Stahl');
#3430=DESCRIPTIVE_REPRESENTATION_ITEM('Stahl','Stahl');
#3431=PROPERTY_DEFINITION('material property','material name',#5944);
#3432=PROPERTY_DEFINITION('material property','density of part',#5944);
#3433=PROPERTY_DEFINITION('material property','material name',#5945);
#3434=PROPERTY_DEFINITION('material property','density of part',#5945);
#3435=AXIS2_PLACEMENT_3D('',#4631,#3718,#3719);
#3436=AXIS2_PLACEMENT_3D('',#4632,#3720,#3721);
#3437=AXIS2_PLACEMENT_3D('',#4633,#3722,#3723);
#3438=AXIS2_PLACEMENT_3D('',#4724,#3726,#3727);
#3439=AXIS2_PLACEMENT_3D('',#4730,#3731,#3732);
#3440=AXIS2_PLACEMENT_3D('',#4733,#3734,#3735);
#3441=AXIS2_PLACEMENT_3D('',#4734,#3736,#3737);
#3442=AXIS2_PLACEMENT_3D('',#4736,#3738,#3739);
#3443=AXIS2_PLACEMENT_3D('',#4738,#3741,#3742);
#3444=AXIS2_PLACEMENT_3D('',#4742,#3745,#3746);
#3445=AXIS2_PLACEMENT_3D('',#4752,#3751,#3752);
#3446=AXIS2_PLACEMENT_3D('',#4756,#3754,#3755);
#3447=AXIS2_PLACEMENT_3D('',#4762,#3758,#3759);
#3448=AXIS2_PLACEMENT_3D('',#4765,#3761,#3762);
#3449=AXIS2_PLACEMENT_3D('',#4766,#3763,#3764);
#3450=AXIS2_PLACEMENT_3D('',#4857,#3767,#3768);
#3451=AXIS2_PLACEMENT_3D('',#4863,#3772,#3773);
#3452=AXIS2_PLACEMENT_3D('',#4866,#3775,#3776);
#3453=AXIS2_PLACEMENT_3D('',#4867,#3777,#3778);
#3454=AXIS2_PLACEMENT_3D('',#4869,#3779,#3780);
#3455=AXIS2_PLACEMENT_3D('',#4871,#3782,#3783);
#3456=AXIS2_PLACEMENT_3D('',#4875,#3786,#3787);
#3457=AXIS2_PLACEMENT_3D('',#4911,#3805,#3806);
#3458=AXIS2_PLACEMENT_3D('',#4915,#3808,#3809);
#3459=AXIS2_PLACEMENT_3D('',#4919,#3812,#3813);
#3460=AXIS2_PLACEMENT_3D('',#4925,#3817,#3818);
#3461=AXIS2_PLACEMENT_3D('',#4927,#3819,#3820);
#3462=AXIS2_PLACEMENT_3D('',#4929,#3822,#3823);
#3463=AXIS2_PLACEMENT_3D('',#4933,#3826,#3827);
#3464=AXIS2_PLACEMENT_3D('',#4934,#3828,#3829);
#3465=AXIS2_PLACEMENT_3D('',#4935,#3830,#3831);
#3466=AXIS2_PLACEMENT_3D('',#4941,#3835,#3836);
#3467=AXIS2_PLACEMENT_3D('',#4944,#3838,#3839);
#3468=AXIS2_PLACEMENT_3D('',#4945,#3840,#3841);
#3469=AXIS2_PLACEMENT_3D('',#4949,#3844,#3845);
#3470=AXIS2_PLACEMENT_3D('',#4950,#3846,#3847);
#3471=AXIS2_PLACEMENT_3D('',#4951,#3848,#3849);
#3472=AXIS2_PLACEMENT_3D('',#4960,#3854,#3855);
#3473=AXIS2_PLACEMENT_3D('',#4962,#3856,#3857);
#3474=AXIS2_PLACEMENT_3D('',#4965,#3859,#3860);
#3475=AXIS2_PLACEMENT_3D('',#4966,#3861,#3862);
#3476=AXIS2_PLACEMENT_3D('',#4972,#3866,#3867);
#3477=AXIS2_PLACEMENT_3D('',#4973,#3868,#3869);
#3478=AXIS2_PLACEMENT_3D('',#4974,#3870,#3871);
#3479=AXIS2_PLACEMENT_3D('',#4975,#3872,#3873);
#3480=AXIS2_PLACEMENT_3D('',#4984,#3878,#3879);
#3481=AXIS2_PLACEMENT_3D('',#4993,#3884,#3885);
#3482=AXIS2_PLACEMENT_3D('',#4994,#3886,#3887);
#3483=AXIS2_PLACEMENT_3D('',#4995,#3888,#3889);
#3484=AXIS2_PLACEMENT_3D('',#4996,#3890,#3891);
#3485=AXIS2_PLACEMENT_3D('',#4997,#3892,#3893);
#3486=AXIS2_PLACEMENT_3D('',#4998,#3894,#3895);
#3487=AXIS2_PLACEMENT_3D('',#4999,#3896,#3897);
#3488=AXIS2_PLACEMENT_3D('',#5002,#3898,#3899);
#3489=AXIS2_PLACEMENT_3D('',#5005,#3902,#3903);
#3490=AXIS2_PLACEMENT_3D('',#5009,#3906,#3907);
#3491=AXIS2_PLACEMENT_3D('',#5012,#3908,#3909);
#3492=AXIS2_PLACEMENT_3D('',#5015,#3912,#3913);
#3493=AXIS2_PLACEMENT_3D('',#5017,#3915,#3916);
#3494=AXIS2_PLACEMENT_3D('',#5021,#3919,#3920);
#3495=AXIS2_PLACEMENT_3D('',#5031,#3926,#3927);
#3496=AXIS2_PLACEMENT_3D('',#5039,#3932,#3933);
#3497=AXIS2_PLACEMENT_3D('',#5040,#3934,#3935);
#3498=AXIS2_PLACEMENT_3D('',#5041,#3936,#3937);
#3499=AXIS2_PLACEMENT_3D('',#5042,#3938,#3939);
#3500=AXIS2_PLACEMENT_3D('',#5045,#3941,#3942);
#3501=AXIS2_PLACEMENT_3D('',#5046,#3943,#3944);
#3502=AXIS2_PLACEMENT_3D('',#5052,#3948,#3949);
#3503=AXIS2_PLACEMENT_3D('',#5053,#3950,#3951);
#3504=AXIS2_PLACEMENT_3D('',#5054,#3952,#3953);
#3505=AXIS2_PLACEMENT_3D('',#5055,#3954,#3955);
#3506=AXIS2_PLACEMENT_3D('',#5056,#3956,#3957);
#3507=AXIS2_PLACEMENT_3D('',#5057,#3958,#3959);
#3508=AXIS2_PLACEMENT_3D('',#5059,#3960,#3961);
#3509=AXIS2_PLACEMENT_3D('',#5063,#3963,#3964);
#3510=AXIS2_PLACEMENT_3D('',#5067,#3966,#3967);
#3511=AXIS2_PLACEMENT_3D('',#5070,#3969,#3970);
#3512=AXIS2_PLACEMENT_3D('',#5071,#3971,#3972);
#3513=AXIS2_PLACEMENT_3D('',#5077,#3976,#3977);
#3514=AXIS2_PLACEMENT_3D('',#5082,#3980,#3981);
#3515=AXIS2_PLACEMENT_3D('',#5084,#3982,#3983);
#3516=AXIS2_PLACEMENT_3D('',#5086,#3984,#3985);
#3517=AXIS2_PLACEMENT_3D('',#5087,#3986,#3987);
#3518=AXIS2_PLACEMENT_3D('',#5091,#3990,#3991);
#3519=AXIS2_PLACEMENT_3D('',#5104,#3999,#4000);
#3520=AXIS2_PLACEMENT_3D('',#5106,#4001,#4002);
#3521=AXIS2_PLACEMENT_3D('',#5108,#4003,#4004);
#3522=AXIS2_PLACEMENT_3D('',#5110,#4005,#4006);
#3523=AXIS2_PLACEMENT_3D('',#5111,#4007,#4008);
#3524=AXIS2_PLACEMENT_3D('',#5112,#4009,#4010);
#3525=AXIS2_PLACEMENT_3D('',#5116,#4013,#4014);
#3526=AXIS2_PLACEMENT_3D('',#5120,#4017,#4018);
#3527=AXIS2_PLACEMENT_3D('',#5122,#4020,#4021);
#3528=AXIS2_PLACEMENT_3D('',#5124,#4022,#4023);
#3529=AXIS2_PLACEMENT_3D('',#5126,#4024,#4025);
#3530=AXIS2_PLACEMENT_3D('',#5128,#4026,#4027);
#3531=AXIS2_PLACEMENT_3D('',#5129,#4028,#4029);
#3532=AXIS2_PLACEMENT_3D('',#5132,#4031,#4032);
#3533=AXIS2_PLACEMENT_3D('',#5133,#4033,#4034);
#3534=AXIS2_PLACEMENT_3D('',#5136,#4036,#4037);
#3535=AXIS2_PLACEMENT_3D('',#5137,#4038,#4039);
#3536=AXIS2_PLACEMENT_3D('',#5140,#4041,#4042);
#3537=AXIS2_PLACEMENT_3D('',#5141,#4043,#4044);
#3538=AXIS2_PLACEMENT_3D('',#5144,#4046,#4047);
#3539=AXIS2_PLACEMENT_3D('',#5145,#4048,#4049);
#3540=AXIS2_PLACEMENT_3D('',#5148,#4051,#4052);
#3541=AXIS2_PLACEMENT_3D('',#5149,#4053,#4054);
#3542=AXIS2_PLACEMENT_3D('',#5152,#4056,#4057);
#3543=AXIS2_PLACEMENT_3D('',#5153,#4058,#4059);
#3544=AXIS2_PLACEMENT_3D('',#5157,#4062,#4063);
#3545=AXIS2_PLACEMENT_3D('',#5161,#4066,#4067);
#3546=AXIS2_PLACEMENT_3D('',#5163,#4069,#4070);
#3547=AXIS2_PLACEMENT_3D('',#5165,#4071,#4072);
#3548=AXIS2_PLACEMENT_3D('',#5167,#4073,#4074);
#3549=AXIS2_PLACEMENT_3D('',#5169,#4075,#4076);
#3550=AXIS2_PLACEMENT_3D('',#5170,#4077,#4078);
#3551=AXIS2_PLACEMENT_3D('',#5173,#4080,#4081);
#3552=AXIS2_PLACEMENT_3D('',#5174,#4082,#4083);
#3553=AXIS2_PLACEMENT_3D('',#5177,#4085,#4086);
#3554=AXIS2_PLACEMENT_3D('',#5178,#4087,#4088);
#3555=AXIS2_PLACEMENT_3D('',#5181,#4090,#4091);
#3556=AXIS2_PLACEMENT_3D('',#5182,#4092,#4093);
#3557=AXIS2_PLACEMENT_3D('',#5184,#4094,#4095);
#3558=AXIS2_PLACEMENT_3D('',#5185,#4096,#4097);
#3559=AXIS2_PLACEMENT_3D('',#5187,#4098,#4099);
#3560=AXIS2_PLACEMENT_3D('',#5188,#4100,#4101);
#3561=AXIS2_PLACEMENT_3D('',#5190,#4102,#4103);
#3562=AXIS2_PLACEMENT_3D('',#5191,#4104,#4105);
#3563=AXIS2_PLACEMENT_3D('',#5193,#4106,#4107);
#3564=AXIS2_PLACEMENT_3D('',#5194,#4108,#4109);
#3565=AXIS2_PLACEMENT_3D('',#5197,#4111,#4112);
#3566=AXIS2_PLACEMENT_3D('',#5198,#4113,#4114);
#3567=AXIS2_PLACEMENT_3D('',#5200,#4115,#4116);
#3568=AXIS2_PLACEMENT_3D('',#5202,#4118,#4119);
#3569=AXIS2_PLACEMENT_3D('',#5206,#4122,#4123);
#3570=AXIS2_PLACEMENT_3D('',#5208,#4124,#4125);
#3571=AXIS2_PLACEMENT_3D('',#5210,#4127,#4128);
#3572=AXIS2_PLACEMENT_3D('',#5214,#4131,#4132);
#3573=AXIS2_PLACEMENT_3D('',#5216,#4133,#4134);
#3574=AXIS2_PLACEMENT_3D('',#5218,#4136,#4137);
#3575=AXIS2_PLACEMENT_3D('',#5220,#4139,#4140);
#3576=AXIS2_PLACEMENT_3D('',#5221,#4141,#4142);
#3577=AXIS2_PLACEMENT_3D('',#5224,#4144,#4145);
#3578=AXIS2_PLACEMENT_3D('',#5225,#4146,#4147);
#3579=AXIS2_PLACEMENT_3D('',#5228,#4149,#4150);
#3580=AXIS2_PLACEMENT_3D('',#5229,#4151,#4152);
#3581=AXIS2_PLACEMENT_3D('',#5230,#4153,#4154);
#3582=AXIS2_PLACEMENT_3D('',#5233,#4156,#4157);
#3583=AXIS2_PLACEMENT_3D('',#5234,#4158,#4159);
#3584=AXIS2_PLACEMENT_3D('',#5237,#4161,#4162);
#3585=AXIS2_PLACEMENT_3D('',#5238,#4163,#4164);
#3586=AXIS2_PLACEMENT_3D('',#5239,#4165,#4166);
#3587=AXIS2_PLACEMENT_3D('',#5242,#4168,#4169);
#3588=AXIS2_PLACEMENT_3D('',#5243,#4170,#4171);
#3589=AXIS2_PLACEMENT_3D('',#5246,#4173,#4174);
#3590=AXIS2_PLACEMENT_3D('',#5247,#4175,#4176);
#3591=AXIS2_PLACEMENT_3D('',#5248,#4177,#4178);
#3592=AXIS2_PLACEMENT_3D('',#5251,#4180,#4181);
#3593=AXIS2_PLACEMENT_3D('',#5252,#4182,#4183);
#3594=AXIS2_PLACEMENT_3D('',#5255,#4185,#4186);
#3595=AXIS2_PLACEMENT_3D('',#5256,#4187,#4188);
#3596=AXIS2_PLACEMENT_3D('',#5257,#4189,#4190);
#3597=AXIS2_PLACEMENT_3D('',#5258,#4191,#4192);
#3598=AXIS2_PLACEMENT_3D('',#5260,#4193,#4194);
#3599=AXIS2_PLACEMENT_3D('',#5261,#4195,#4196);
#3600=AXIS2_PLACEMENT_3D('',#5263,#4197,#4198);
#3601=AXIS2_PLACEMENT_3D('',#5264,#4199,#4200);
#3602=AXIS2_PLACEMENT_3D('',#5267,#4201,#4202);
#3603=AXIS2_PLACEMENT_3D('',#5271,#4204,#4205);
#3604=AXIS2_PLACEMENT_3D('',#5275,#4207,#4208);
#3605=AXIS2_PLACEMENT_3D('',#5279,#4210,#4211);
#3606=AXIS2_PLACEMENT_3D('',#5282,#4213,#4214);
#3607=AXIS2_PLACEMENT_3D('',#5284,#4215,#4216);
#3608=AXIS2_PLACEMENT_3D('',#5327,#4220,#4221);
#3609=AXIS2_PLACEMENT_3D('',#5330,#4223,#4224);
#3610=AXIS2_PLACEMENT_3D('',#5331,#4225,#4226);
#3611=AXIS2_PLACEMENT_3D('',#5333,#4227,#4228);
#3612=AXIS2_PLACEMENT_3D('',#5335,#4230,#4231);
#3613=AXIS2_PLACEMENT_3D('',#5338,#4233,#4234);
#3614=AXIS2_PLACEMENT_3D('',#5339,#4235,#4236);
#3615=AXIS2_PLACEMENT_3D('',#5342,#4238,#4239);
#3616=AXIS2_PLACEMENT_3D('',#5343,#4240,#4241);
#3617=AXIS2_PLACEMENT_3D('',#5345,#4242,#4243);
#3618=AXIS2_PLACEMENT_3D('',#5347,#4245,#4246);
#3619=AXIS2_PLACEMENT_3D('',#5350,#4248,#4249);
#3620=AXIS2_PLACEMENT_3D('',#5351,#4250,#4251);
#3621=AXIS2_PLACEMENT_3D('',#5360,#4256,#4257);
#3622=AXIS2_PLACEMENT_3D('',#5369,#4262,#4263);
#3623=AXIS2_PLACEMENT_3D('',#5375,#4267,#4268);
#3624=AXIS2_PLACEMENT_3D('',#5381,#4272,#4273);
#3625=AXIS2_PLACEMENT_3D('',#5390,#4278,#4279);
#3626=AXIS2_PLACEMENT_3D('',#5396,#4283,#4284);
#3627=AXIS2_PLACEMENT_3D('',#5402,#4288,#4289);
#3628=AXIS2_PLACEMENT_3D('',#5408,#4293,#4294);
#3629=AXIS2_PLACEMENT_3D('',#5414,#4298,#4299);
#3630=AXIS2_PLACEMENT_3D('',#5420,#4303,#4304);
#3631=AXIS2_PLACEMENT_3D('',#5426,#4308,#4309);
#3632=AXIS2_PLACEMENT_3D('',#5432,#4313,#4314);
#3633=AXIS2_PLACEMENT_3D('',#5438,#4318,#4319);
#3634=AXIS2_PLACEMENT_3D('',#5444,#4323,#4324);
#3635=AXIS2_PLACEMENT_3D('',#5450,#4328,#4329);
#3636=AXIS2_PLACEMENT_3D('',#5456,#4333,#4334);
#3637=AXIS2_PLACEMENT_3D('',#5462,#4338,#4339);
#3638=AXIS2_PLACEMENT_3D('',#5465,#4342,#4343);
#3639=AXIS2_PLACEMENT_3D('',#5474,#4348,#4349);
#3640=AXIS2_PLACEMENT_3D('',#5480,#4353,#4354);
#3641=AXIS2_PLACEMENT_3D('',#5486,#4358,#4359);
#3642=AXIS2_PLACEMENT_3D('',#5492,#4363,#4364);
#3643=AXIS2_PLACEMENT_3D('',#5498,#4368,#4369);
#3644=AXIS2_PLACEMENT_3D('',#5501,#4372,#4373);
#3645=AXIS2_PLACEMENT_3D('',#5524,#4376,#4377);
#3646=AXIS2_PLACEMENT_3D('',#5549,#4382,#4383);
#3647=AXIS2_PLACEMENT_3D('',#5574,#4388,#4389);
#3648=AXIS2_PLACEMENT_3D('',#5620,#4394,#4395);
#3649=AXIS2_PLACEMENT_3D('',#5656,#4399,#4400);
#3650=AXIS2_PLACEMENT_3D('',#5692,#4404,#4405);
#3651=AXIS2_PLACEMENT_3D('',#5694,#4407,#4408);
#3652=AXIS2_PLACEMENT_3D('',#5695,#4409,#4410);
#3653=AXIS2_PLACEMENT_3D('',#5696,#4411,#4412);
#3654=AXIS2_PLACEMENT_3D('',#5705,#4417,#4418);
#3655=AXIS2_PLACEMENT_3D('',#5708,#4419,#4420);
#3656=AXIS2_PLACEMENT_3D('',#5712,#4422,#4423);
#3657=AXIS2_PLACEMENT_3D('',#5714,#4425,#4426);
#3658=AXIS2_PLACEMENT_3D('',#5717,#4429,#4430);
#3659=AXIS2_PLACEMENT_3D('',#5726,#4435,#4436);
#3660=AXIS2_PLACEMENT_3D('',#5728,#4437,#4438);
#3661=AXIS2_PLACEMENT_3D('',#5730,#4439,#4440);
#3662=AXIS2_PLACEMENT_3D('',#5732,#4442,#4443);
#3663=AXIS2_PLACEMENT_3D('',#5738,#4447,#4448);
#3664=AXIS2_PLACEMENT_3D('',#5744,#4452,#4453);
#3665=AXIS2_PLACEMENT_3D('',#5747,#4454,#4455);
#3666=AXIS2_PLACEMENT_3D('',#5751,#4457,#4458);
#3667=AXIS2_PLACEMENT_3D('',#5753,#4460,#4461);
#3668=AXIS2_PLACEMENT_3D('',#5759,#4465,#4466);
#3669=AXIS2_PLACEMENT_3D('',#5768,#4471,#4472);
#3670=AXIS2_PLACEMENT_3D('',#5774,#4476,#4477);
#3671=AXIS2_PLACEMENT_3D('',#5776,#4478,#4479);
#3672=AXIS2_PLACEMENT_3D('',#5779,#4481,#4482);
#3673=AXIS2_PLACEMENT_3D('',#5780,#4483,#4484);
#3674=AXIS2_PLACEMENT_3D('',#5786,#4488,#4489);
#3675=AXIS2_PLACEMENT_3D('',#5789,#4492,#4493);
#3676=AXIS2_PLACEMENT_3D('',#5795,#4497,#4498);
#3677=AXIS2_PLACEMENT_3D('',#5798,#4501,#4502);
#3678=AXIS2_PLACEMENT_3D('',#5804,#4506,#4507);
#3679=AXIS2_PLACEMENT_3D('',#5807,#4508,#4509);
#3680=AXIS2_PLACEMENT_3D('',#5811,#4511,#4512);
#3681=AXIS2_PLACEMENT_3D('',#5815,#4514,#4515);
#3682=AXIS2_PLACEMENT_3D('',#5819,#4517,#4518);
#3683=AXIS2_PLACEMENT_3D('',#5824,#4521,#4522);
#3684=AXIS2_PLACEMENT_3D('',#5833,#4527,#4528);
#3685=AXIS2_PLACEMENT_3D('',#5840,#4532,#4533);
#3686=AXIS2_PLACEMENT_3D('',#5845,#4536,#4537);
#3687=AXIS2_PLACEMENT_3D('',#5847,#4539,#4540);
#3688=AXIS2_PLACEMENT_3D('',#5853,#4543,#4544);
#3689=AXIS2_PLACEMENT_3D('',#5858,#4547,#4548);
#3690=AXIS2_PLACEMENT_3D('',#5863,#4551,#4552);
#3691=AXIS2_PLACEMENT_3D('',#5870,#4556,#4557);
#3692=AXIS2_PLACEMENT_3D('',#5874,#4560,#4561);
#3693=AXIS2_PLACEMENT_3D('',#5875,#4562,#4563);
#3694=AXIS2_PLACEMENT_3D('',#5878,#4566,#4567);
#3695=AXIS2_PLACEMENT_3D('',#5879,#4568,#4569);
#3696=AXIS2_PLACEMENT_3D('',#5881,#4571,#4572);
#3697=AXIS2_PLACEMENT_3D('',#5883,#4574,#4575);
#3698=AXIS2_PLACEMENT_3D('',#5884,#4576,#4577);
#3699=AXIS2_PLACEMENT_3D('',#5885,#4578,#4579);
#3700=AXIS2_PLACEMENT_3D('',#5888,#4582,#4583);
#3701=AXIS2_PLACEMENT_3D('',#5890,#4585,#4586);
#3702=AXIS2_PLACEMENT_3D('',#5891,#4587,#4588);
#3703=AXIS2_PLACEMENT_3D('',#5893,#4590,#4591);
#3704=AXIS2_PLACEMENT_3D('',#5895,#4593,#4594);
#3705=AXIS2_PLACEMENT_3D('',#5897,#4596,#4597);
#3706=AXIS2_PLACEMENT_3D('',#5898,#4598,#4599);
#3707=AXIS2_PLACEMENT_3D('',#5900,#4601,#4602);
#3708=AXIS2_PLACEMENT_3D('',#5901,#4603,#4604);
#3709=AXIS2_PLACEMENT_3D('',#5904,#4607,#4608);
#3710=AXIS2_PLACEMENT_3D('',#5906,#4610,#4611);
#3711=AXIS2_PLACEMENT_3D('',#5908,#4613,#4614);
#3712=AXIS2_PLACEMENT_3D('',#5910,#4616,#4617);
#3713=AXIS2_PLACEMENT_3D('',#5912,#4619,#4620);
#3714=AXIS2_PLACEMENT_3D('',#5914,#4622,#4623);
#3715=AXIS2_PLACEMENT_3D('',#5916,#4625,#4626);
#3716=AXIS2_PLACEMENT_3D('',#5917,#4627,#4628);
#3717=AXIS2_PLACEMENT_3D('',#5918,#4629,#4630);
#3718=DIRECTION('axis',(0.,0.,1.));
#3719=DIRECTION('refdir',(1.,0.,0.));
#3720=DIRECTION('axis',(0.,0.,1.));
#3721=DIRECTION('refdir',(1.,0.,0.));
#3722=DIRECTION('center_axis',(0.,0.,1.));
#3723=DIRECTION('ref_axis',(1.22464679914735E-16,-1.,0.));
#3724=DIRECTION('',(-0.766044443118979,0.,-0.642787609686538));
#3725=DIRECTION('',(6.63370108366333E-16,-0.766044443118979,0.642787609686538));
#3726=DIRECTION('center_axis',(1.,-9.53568555599274E-14,0.));
#3727=DIRECTION('ref_axis',(-9.53568555599274E-14,-1.,0.));
#3728=DIRECTION('',(0.,0.,-1.));
#3729=DIRECTION('',(9.53568555599274E-14,1.,0.));
#3730=DIRECTION('',(0.,0.,-1.));
#3731=DIRECTION('center_axis',(0.,0.,-1.));
#3732=DIRECTION('ref_axis',(1.,1.22464679914735E-16,0.));
#3733=DIRECTION('',(0.,0.,1.));
#3734=DIRECTION('center_axis',(0.,0.,-1.));
#3735=DIRECTION('ref_axis',(1.,1.22464679914735E-16,0.));
#3736=DIRECTION('center_axis',(0.,0.,-1.));
#3737=DIRECTION('ref_axis',(-1.88228802628431E-11,-1.,0.));
#3738=DIRECTION('center_axis',(0.,0.,1.));
#3739=DIRECTION('ref_axis',(-1.88228802628431E-11,-1.,0.));
#3740=DIRECTION('',(0.,0.,-1.));
#3741=DIRECTION('center_axis',(1.49126391244875E-11,-1.,0.));
#3742=DIRECTION('ref_axis',(-1.,-1.49126391244875E-11,0.));
#3743=DIRECTION('',(-1.,-1.49126391244875E-11,0.));
#3744=DIRECTION('',(0.,0.,1.));
#3745=DIRECTION('center_axis',(3.22973967721538E-16,-1.,0.));
#3746=DIRECTION('ref_axis',(1.,3.22973967721538E-16,0.));
#3747=DIRECTION('',(0.,0.,1.));
#3748=DIRECTION('',(-1.,-3.22973967721538E-16,0.));
#3749=DIRECTION('',(0.,0.,1.));
#3750=DIRECTION('',(1.,3.22973967721538E-16,0.));
#3751=DIRECTION('center_axis',(3.22973967721538E-16,-1.,0.));
#3752=DIRECTION('ref_axis',(-0.707106781186547,0.,0.707106781186547));
#3753=DIRECTION('',(1.,3.22973967721538E-16,0.));
#3754=DIRECTION('center_axis',(3.22973967721538E-16,-1.,0.));
#3755=DIRECTION('ref_axis',(0.707106781186547,0.,-0.707106781186547));
#3756=DIRECTION('',(-1.,-3.22973967721538E-16,0.));
#3757=DIRECTION('',(-1.,-3.22973967721538E-16,0.));
#3758=DIRECTION('center_axis',(3.22973967721538E-16,-1.,0.));
#3759=DIRECTION('ref_axis',(-0.707106781186547,0.,0.707106781186547));
#3760=DIRECTION('',(1.,3.22973967721538E-16,0.));
#3761=DIRECTION('center_axis',(3.22973967721538E-16,-1.,0.));
#3762=DIRECTION('ref_axis',(0.707106781186547,0.,-0.707106781186547));
#3763=DIRECTION('center_axis',(0.,0.,1.));
#3764=DIRECTION('ref_axis',(0.,1.,0.));
#3765=DIRECTION('',(0.766044443118979,-1.15426398855742E-12,-0.642787609686538));
#3766=DIRECTION('',(-7.18429827360739E-13,0.766044443118979,0.642787609686538));
#3767=DIRECTION('center_axis',(-1.,9.54793202398421E-14,0.));
#3768=DIRECTION('ref_axis',(9.54793202398421E-14,1.,0.));
#3769=DIRECTION('',(0.,0.,-1.));
#3770=DIRECTION('',(-9.54793202398421E-14,-1.,0.));
#3771=DIRECTION('',(0.,0.,-1.));
#3772=DIRECTION('center_axis',(0.,0.,-1.));
#3773=DIRECTION('ref_axis',(-1.,0.,0.));
#3774=DIRECTION('',(0.,0.,1.));
#3775=DIRECTION('center_axis',(0.,0.,-1.));
#3776=DIRECTION('ref_axis',(-1.,0.,0.));
#3777=DIRECTION('center_axis',(0.,0.,-1.));
#3778=DIRECTION('ref_axis',(1.8823002727523E-11,1.,0.));
#3779=DIRECTION('center_axis',(0.,0.,1.));
#3780=DIRECTION('ref_axis',(1.8823002727523E-11,1.,0.));
#3781=DIRECTION('',(0.,0.,-1.));
#3782=DIRECTION('center_axis',(-1.49125166598076E-11,1.,0.));
#3783=DIRECTION('ref_axis',(1.,1.49125166598076E-11,0.));
#3784=DIRECTION('',(1.,1.49125166598076E-11,0.));
#3785=DIRECTION('',(0.,0.,1.));
#3786=DIRECTION('center_axis',(1.50893439422125E-12,1.,0.));
#3787=DIRECTION('ref_axis',(-1.,1.50893439422125E-12,0.));
#3788=DIRECTION('',(0.,0.,1.));
#3789=DIRECTION('',(1.,-1.50893439422125E-12,0.));
#3790=DIRECTION('',(0.,0.,-1.));
#3791=DIRECTION('',(1.,-1.50893439422125E-12,0.));
#3792=DIRECTION('',(0.,0.,1.));
#3793=DIRECTION('',(1.,-1.50893439422125E-12,0.));
#3794=DIRECTION('',(0.,0.,-1.));
#3795=DIRECTION('',(1.,-1.50893439422125E-12,0.));
#3796=DIRECTION('',(0.,0.,1.));
#3797=DIRECTION('',(1.,-1.50893439422125E-12,0.));
#3798=DIRECTION('',(0.,0.,-1.));
#3799=DIRECTION('',(1.,-1.50893439422125E-12,0.));
#3800=DIRECTION('',(0.,0.,1.));
#3801=DIRECTION('',(1.,-1.50893439422125E-12,0.));
#3802=DIRECTION('',(0.,0.,1.));
#3803=DIRECTION('',(-1.,1.50893439422125E-12,0.));
#3804=DIRECTION('',(0.,0.,-1.));
#3805=DIRECTION('center_axis',(1.50893439422125E-12,1.,0.));
#3806=DIRECTION('ref_axis',(-0.707106781186549,0.,-0.707106781186546));
#3807=DIRECTION('',(1.,-1.50893439422125E-12,0.));
#3808=DIRECTION('center_axis',(1.50893439422125E-12,1.,0.));
#3809=DIRECTION('ref_axis',(0.707106781186547,0.,-0.707106781186547));
#3810=DIRECTION('',(0.,0.,1.));
#3811=DIRECTION('',(-1.,1.50893439422125E-12,0.));
#3812=DIRECTION('center_axis',(0.,0.,1.));
#3813=DIRECTION('ref_axis',(1.,0.,0.));
#3814=DIRECTION('',(0.,1.,0.));
#3815=DIRECTION('',(0.,-1.,0.));
#3816=DIRECTION('',(-1.,0.,0.));
#3817=DIRECTION('center_axis',(0.,-1.,0.));
#3818=DIRECTION('ref_axis',(0.707106781186547,0.,-0.707106781186547));
#3819=DIRECTION('center_axis',(0.,1.,0.));
#3820=DIRECTION('ref_axis',(0.707106781186547,0.,0.707106781186547));
#3821=DIRECTION('',(0.,-1.,0.));
#3822=DIRECTION('center_axis',(0.,0.,1.));
#3823=DIRECTION('ref_axis',(-1.,0.,0.));
#3824=DIRECTION('',(1.,0.,0.));
#3825=DIRECTION('',(0.,1.,0.));
#3826=DIRECTION('center_axis',(0.,-1.,0.));
#3827=DIRECTION('ref_axis',(-0.707106781186547,0.,0.707106781186547));
#3828=DIRECTION('center_axis',(0.,1.,0.));
#3829=DIRECTION('ref_axis',(-0.707106781186547,0.,-0.707106781186547));
#3830=DIRECTION('center_axis',(0.,0.,1.));
#3831=DIRECTION('ref_axis',(1.,0.,0.));
#3832=DIRECTION('',(0.,-1.,0.));
#3833=DIRECTION('',(-1.,0.,0.));
#3834=DIRECTION('',(0.,1.,0.));
#3835=DIRECTION('center_axis',(0.,1.,0.));
#3836=DIRECTION('ref_axis',(-0.707106781186547,0.,-0.707106781186547));
#3837=DIRECTION('',(0.,1.,0.));
#3838=DIRECTION('center_axis',(0.,1.,0.));
#3839=DIRECTION('ref_axis',(-0.707106781186547,0.,-0.707106781186547));
#3840=DIRECTION('center_axis',(0.,0.,1.));
#3841=DIRECTION('ref_axis',(-1.,0.,0.));
#3842=DIRECTION('',(0.,-1.,0.));
#3843=DIRECTION('',(1.,0.,0.));
#3844=DIRECTION('center_axis',(0.,1.,0.));
#3845=DIRECTION('ref_axis',(0.707106781186547,0.,0.707106781186547));
#3846=DIRECTION('center_axis',(0.,1.,0.));
#3847=DIRECTION('ref_axis',(0.707106781186547,0.,0.707106781186547));
#3848=DIRECTION('center_axis',(0.,0.,1.));
#3849=DIRECTION('ref_axis',(-1.,0.,0.));
#3850=DIRECTION('',(-1.,3.5527136788005E-15,0.));
#3851=DIRECTION('',(8.15418035106923E-16,-1.,0.));
#3852=DIRECTION('',(1.,1.32054367441015E-11,0.));
#3853=DIRECTION('',(-6.2854986861612E-9,1.,0.));
#3854=DIRECTION('center_axis',(1.,-3.5527136788005E-15,0.));
#3855=DIRECTION('ref_axis',(-2.51214793389404E-15,-0.707106781186547,0.707106781186547));
#3856=DIRECTION('center_axis',(-1.,-6.2854986861612E-9,0.));
#3857=DIRECTION('ref_axis',(4.44451874412372E-9,-0.707106781186547,-0.707106781186547));
#3858=DIRECTION('',(1.,-3.5527136788005E-15,0.));
#3859=DIRECTION('center_axis',(1.,8.15418035106923E-16,0.));
#3860=DIRECTION('ref_axis',(-2.51214793389404E-15,-0.707106781186547,0.707106781186547));
#3861=DIRECTION('center_axis',(0.,0.,1.));
#3862=DIRECTION('ref_axis',(1.,0.,0.));
#3863=DIRECTION('',(6.2854986861612E-9,-1.,0.));
#3864=DIRECTION('',(-1.,-1.32054367441015E-11,0.));
#3865=DIRECTION('',(-8.15418035106923E-16,1.,0.));
#3866=DIRECTION('center_axis',(1.,1.32054367441015E-11,0.));
#3867=DIRECTION('ref_axis',(-9.33765387028421E-12,0.707106781186543,-0.707106781186553));
#3868=DIRECTION('center_axis',(-1.,-6.2854986861612E-9,0.));
#3869=DIRECTION('ref_axis',(-4.44451874412369E-9,0.707106781186543,0.707106781186553));
#3870=DIRECTION('center_axis',(1.,8.15418035106923E-16,0.));
#3871=DIRECTION('ref_axis',(-9.33765387028421E-12,0.707106781186543,-0.707106781186553));
#3872=DIRECTION('center_axis',(0.,0.,1.));
#3873=DIRECTION('ref_axis',(1.,0.,0.));
#3874=DIRECTION('',(-1.,0.,0.));
#3875=DIRECTION('',(-9.37053786335637E-13,1.,0.));
#3876=DIRECTION('',(1.,0.,0.));
#3877=DIRECTION('',(9.37153682732719E-13,-1.,0.));
#3878=DIRECTION('center_axis',(0.,0.,1.));
#3879=DIRECTION('ref_axis',(-1.,0.,0.));
#3880=DIRECTION('',(-1.,0.,0.));
#3881=DIRECTION('',(9.37053786335637E-13,-1.,0.));
#3882=DIRECTION('',(1.,0.,0.));
#3883=DIRECTION('',(-9.37153682732719E-13,1.,0.));
#3884=DIRECTION('center_axis',(1.,0.,0.));
#3885=DIRECTION('ref_axis',(0.,-0.707106781186547,0.707106781186547));
#3886=DIRECTION('center_axis',(-1.,-9.37153682732719E-13,0.));
#3887=DIRECTION('ref_axis',(0.,-0.707106781186547,-0.707106781186547));
#3888=DIRECTION('center_axis',(1.,9.37053786335637E-13,0.));
#3889=DIRECTION('ref_axis',(0.,-0.707106781186547,0.707106781186547));
#3890=DIRECTION('center_axis',(1.,0.,0.));
#3891=DIRECTION('ref_axis',(0.,0.707106781186547,-0.707106781186547));
#3892=DIRECTION('center_axis',(-1.,-9.37153682732719E-13,0.));
#3893=DIRECTION('ref_axis',(0.,0.707106781186547,0.707106781186547));
#3894=DIRECTION('center_axis',(1.,9.37053786335637E-13,0.));
#3895=DIRECTION('ref_axis',(0.,0.707106781186547,-0.707106781186547));
#3896=DIRECTION('center_axis',(0.,1.,0.));
#3897=DIRECTION('ref_axis',(0.707106781186547,0.,-0.707106781186547));
#3898=DIRECTION('center_axis',(-1.50958035201553E-12,-1.,0.));
#3899=DIRECTION('ref_axis',(0.707106781186547,0.,-0.707106781186547));
#3900=DIRECTION('',(0.,1.,0.));
#3901=DIRECTION('',(0.,-1.,0.));
#3902=DIRECTION('center_axis',(1.,0.,0.));
#3903=DIRECTION('ref_axis',(0.,0.,-1.));
#3904=DIRECTION('',(0.,0.,-1.));
#3905=DIRECTION('',(0.,-1.,0.));
#3906=DIRECTION('center_axis',(0.,1.,0.));
#3907=DIRECTION('ref_axis',(-0.707106781186549,0.,-0.707106781186546));
#3908=DIRECTION('center_axis',(-1.50958035201553E-12,-1.,0.));
#3909=DIRECTION('ref_axis',(-0.707106781186549,0.,-0.707106781186546));
#3910=DIRECTION('',(0.,1.,0.));
#3911=DIRECTION('',(0.,-1.,0.));
#3912=DIRECTION('center_axis',(0.,0.,-1.));
#3913=DIRECTION('ref_axis',(-1.,0.,0.));
#3914=DIRECTION('',(-1.,1.50958035201553E-12,0.));
#3915=DIRECTION('center_axis',(-1.,0.,0.));
#3916=DIRECTION('ref_axis',(0.,0.,1.));
#3917=DIRECTION('',(0.,1.,0.));
#3918=DIRECTION('',(0.,0.,1.));
#3919=DIRECTION('center_axis',(-1.50958035201553E-12,-1.,0.));
#3920=DIRECTION('ref_axis',(-1.,1.50958035201553E-12,0.));
#3921=DIRECTION('',(1.,-1.50958035201553E-12,0.));
#3922=DIRECTION('',(0.,0.,-1.));
#3923=DIRECTION('',(-1.,1.50958035201553E-12,0.));
#3924=DIRECTION('',(0.,0.,-1.));
#3925=DIRECTION('',(1.,-1.50958035201553E-12,0.));
#3926=DIRECTION('center_axis',(1.,8.15418035106923E-16,0.));
#3927=DIRECTION('ref_axis',(-8.15418035106923E-16,1.,0.));
#3928=DIRECTION('',(-8.15418035106923E-16,1.,0.));
#3929=DIRECTION('',(0.,0.,1.));
#3930=DIRECTION('',(8.15418035106923E-16,-1.,0.));
#3931=DIRECTION('',(0.,0.,-1.));
#3932=DIRECTION('center_axis',(0.,0.,1.));
#3933=DIRECTION('ref_axis',(-1.,-1.80538652204113E-8,0.));
#3934=DIRECTION('center_axis',(0.,0.,-1.));
#3935=DIRECTION('ref_axis',(-1.,-1.80538652204113E-8,0.));
#3936=DIRECTION('center_axis',(0.,0.,1.));
#3937=DIRECTION('ref_axis',(-1.,-1.80538652204113E-8,0.));
#3938=DIRECTION('center_axis',(0.,0.,1.));
#3939=DIRECTION('ref_axis',(-3.56857765952055E-8,-0.999999999999999,0.));
#3940=DIRECTION('',(0.,0.,1.));
#3941=DIRECTION('center_axis',(0.,0.,1.));
#3942=DIRECTION('ref_axis',(-3.56857765952055E-8,-0.999999999999999,0.));
#3943=DIRECTION('center_axis',(-1.,-9.37153682732719E-13,0.));
#3944=DIRECTION('ref_axis',(9.37153682732719E-13,-1.,0.));
#3945=DIRECTION('',(9.37153682732719E-13,-1.,0.));
#3946=DIRECTION('',(0.,0.,1.));
#3947=DIRECTION('',(-9.37153682732719E-13,1.,0.));
#3948=DIRECTION('center_axis',(0.,0.,1.));
#3949=DIRECTION('ref_axis',(0.999999999999999,-3.56887944291974E-8,0.));
#3950=DIRECTION('center_axis',(0.,0.,-1.));
#3951=DIRECTION('ref_axis',(0.999999999999999,-3.56887944291974E-8,0.));
#3952=DIRECTION('center_axis',(0.,0.,1.));
#3953=DIRECTION('ref_axis',(0.999999999999999,-3.56887944291974E-8,0.));
#3954=DIRECTION('center_axis',(0.,0.,1.));
#3955=DIRECTION('ref_axis',(0.,1.,0.));
#3956=DIRECTION('center_axis',(0.,0.,1.));
#3957=DIRECTION('ref_axis',(0.,1.,0.));
#3958=DIRECTION('center_axis',(0.,0.,1.));
#3959=DIRECTION('ref_axis',(-1.,0.,0.));
#3960=DIRECTION('center_axis',(0.,0.,1.));
#3961=DIRECTION('ref_axis',(-2.86864372698725E-8,-1.,0.));
#3962=DIRECTION('',(-9.37053786335637E-13,1.,0.));
#3963=DIRECTION('center_axis',(0.,0.,1.));
#3964=DIRECTION('ref_axis',(0.999999999992296,-3.92517130060725E-6,0.));
#3965=DIRECTION('',(-1.,0.,0.));
#3966=DIRECTION('center_axis',(0.,0.,1.));
#3967=DIRECTION('ref_axis',(0.,1.,0.));
#3968=DIRECTION('',(6.2854986861612E-9,-1.,0.));
#3969=DIRECTION('center_axis',(0.,0.,1.));
#3970=DIRECTION('ref_axis',(-0.999999901855218,-0.000443045770784361,0.));
#3971=DIRECTION('center_axis',(-1.,0.,0.));
#3972=DIRECTION('ref_axis',(0.,-1.,0.));
#3973=DIRECTION('',(0.,-1.,0.));
#3974=DIRECTION('',(0.,0.,1.));
#3975=DIRECTION('',(0.,1.,0.));
#3976=DIRECTION('center_axis',(0.,0.,1.));
#3977=DIRECTION('ref_axis',(1.,0.,0.));
#3978=DIRECTION('',(0.,1.,0.));
#3979=DIRECTION('',(-1.,0.,0.));
#3980=DIRECTION('center_axis',(0.,0.,-1.));
#3981=DIRECTION('ref_axis',(-1.,0.,0.));
#3982=DIRECTION('center_axis',(0.,0.,-1.));
#3983=DIRECTION('ref_axis',(-1.,0.,0.));
#3984=DIRECTION('center_axis',(0.,0.,-1.));
#3985=DIRECTION('ref_axis',(-1.,0.,0.));
#3986=DIRECTION('center_axis',(1.,0.,0.));
#3987=DIRECTION('ref_axis',(0.,1.,0.));
#3988=DIRECTION('',(0.,-1.,0.));
#3989=DIRECTION('',(0.,0.,1.));
#3990=DIRECTION('center_axis',(0.,0.,-1.));
#3991=DIRECTION('ref_axis',(-1.,0.,0.));
#3992=DIRECTION('',(1.,0.,0.));
#3993=DIRECTION('',(0.,1.,0.));
#3994=DIRECTION('',(1.,0.,0.));
#3995=DIRECTION('',(0.,-1.,0.));
#3996=DIRECTION('',(0.,1.,0.));
#3997=DIRECTION('',(1.,0.,0.));
#3998=DIRECTION('',(0.,-1.,0.));
#3999=DIRECTION('center_axis',(0.,0.,-1.));
#4000=DIRECTION('ref_axis',(-1.,0.,0.));
#4001=DIRECTION('center_axis',(0.,0.,-1.));
#4002=DIRECTION('ref_axis',(-1.,0.,0.));
#4003=DIRECTION('center_axis',(0.,0.,-1.));
#4004=DIRECTION('ref_axis',(-1.,0.,0.));
#4005=DIRECTION('center_axis',(0.,0.,-1.));
#4006=DIRECTION('ref_axis',(-1.,0.,0.));
#4007=DIRECTION('center_axis',(0.,1.,0.));
#4008=DIRECTION('ref_axis',(-1.,0.,0.));
#4009=DIRECTION('center_axis',(-1.,0.,0.));
#4010=DIRECTION('ref_axis',(0.,-1.,0.));
#4011=DIRECTION('',(0.,-1.,0.));
#4012=DIRECTION('',(0.,0.,1.));
#4013=DIRECTION('center_axis',(0.,1.,0.));
#4014=DIRECTION('ref_axis',(-1.,0.,0.));
#4015=DIRECTION('',(-1.,0.,0.));
#4016=DIRECTION('',(0.,0.,1.));
#4017=DIRECTION('center_axis',(1.,0.,0.));
#4018=DIRECTION('ref_axis',(0.,1.,0.));
#4019=DIRECTION('',(0.,1.,0.));
#4020=DIRECTION('center_axis',(0.,0.,1.));
#4021=DIRECTION('ref_axis',(1.,0.,0.));
#4022=DIRECTION('center_axis',(0.,0.,-1.));
#4023=DIRECTION('ref_axis',(-1.,0.,0.));
#4024=DIRECTION('center_axis',(0.,0.,-1.));
#4025=DIRECTION('ref_axis',(-1.,0.,0.));
#4026=DIRECTION('center_axis',(0.,0.,-1.));
#4027=DIRECTION('ref_axis',(-1.,0.,0.));
#4028=DIRECTION('center_axis',(0.,0.,-1.));
#4029=DIRECTION('ref_axis',(-1.,0.,0.));
#4030=DIRECTION('',(0.,0.,-1.));
#4031=DIRECTION('center_axis',(0.,0.,1.));
#4032=DIRECTION('ref_axis',(-1.,0.,0.));
#4033=DIRECTION('center_axis',(0.,0.,-1.));
#4034=DIRECTION('ref_axis',(-1.,0.,0.));
#4035=DIRECTION('',(0.,0.,-1.));
#4036=DIRECTION('center_axis',(0.,0.,1.));
#4037=DIRECTION('ref_axis',(-1.,0.,0.));
#4038=DIRECTION('center_axis',(0.,0.,-1.));
#4039=DIRECTION('ref_axis',(-1.,0.,0.));
#4040=DIRECTION('',(0.,0.,-1.));
#4041=DIRECTION('center_axis',(0.,0.,1.));
#4042=DIRECTION('ref_axis',(-1.,0.,0.));
#4043=DIRECTION('center_axis',(0.,0.,-1.));
#4044=DIRECTION('ref_axis',(-1.,0.,0.));
#4045=DIRECTION('',(0.,0.,-1.));
#4046=DIRECTION('center_axis',(0.,0.,1.));
#4047=DIRECTION('ref_axis',(-1.,0.,0.));
#4048=DIRECTION('center_axis',(0.,0.,-1.));
#4049=DIRECTION('ref_axis',(-1.,0.,0.));
#4050=DIRECTION('',(0.,0.,-1.));
#4051=DIRECTION('center_axis',(0.,0.,1.));
#4052=DIRECTION('ref_axis',(-1.,0.,0.));
#4053=DIRECTION('center_axis',(0.,0.,-1.));
#4054=DIRECTION('ref_axis',(-1.,0.,0.));
#4055=DIRECTION('',(0.,0.,-1.));
#4056=DIRECTION('center_axis',(0.,0.,1.));
#4057=DIRECTION('ref_axis',(-1.,0.,0.));
#4058=DIRECTION('center_axis',(-1.,0.,0.));
#4059=DIRECTION('ref_axis',(0.,-1.,0.));
#4060=DIRECTION('',(0.,-1.,0.));
#4061=DIRECTION('',(0.,0.,1.));
#4062=DIRECTION('center_axis',(0.,1.,0.));
#4063=DIRECTION('ref_axis',(-1.,0.,0.));
#4064=DIRECTION('',(-1.,0.,0.));
#4065=DIRECTION('',(0.,0.,1.));
#4066=DIRECTION('center_axis',(1.,0.,0.));
#4067=DIRECTION('ref_axis',(0.,1.,0.));
#4068=DIRECTION('',(0.,1.,0.));
#4069=DIRECTION('center_axis',(0.,0.,1.));
#4070=DIRECTION('ref_axis',(1.,0.,0.));
#4071=DIRECTION('center_axis',(0.,0.,-1.));
#4072=DIRECTION('ref_axis',(-1.,0.,0.));
#4073=DIRECTION('center_axis',(0.,0.,-1.));
#4074=DIRECTION('ref_axis',(-1.,0.,0.));
#4075=DIRECTION('center_axis',(0.,0.,-1.));
#4076=DIRECTION('ref_axis',(-1.,0.,0.));
#4077=DIRECTION('center_axis',(0.,0.,-1.));
#4078=DIRECTION('ref_axis',(-1.,0.,0.));
#4079=DIRECTION('',(0.,0.,-1.));
#4080=DIRECTION('center_axis',(0.,0.,1.));
#4081=DIRECTION('ref_axis',(-1.,0.,0.));
#4082=DIRECTION('center_axis',(0.,0.,-1.));
#4083=DIRECTION('ref_axis',(-1.,0.,0.));
#4084=DIRECTION('',(0.,0.,-1.));
#4085=DIRECTION('center_axis',(0.,0.,1.));
#4086=DIRECTION('ref_axis',(-1.,0.,0.));
#4087=DIRECTION('center_axis',(0.,0.,-1.));
#4088=DIRECTION('ref_axis',(-1.,0.,0.));
#4089=DIRECTION('',(0.,0.,-1.));
#4090=DIRECTION('center_axis',(0.,0.,1.));
#4091=DIRECTION('ref_axis',(-1.,0.,0.));
#4092=DIRECTION('center_axis',(0.,0.,-1.));
#4093=DIRECTION('ref_axis',(-1.,0.,0.));
#4094=DIRECTION('center_axis',(0.,0.,1.));
#4095=DIRECTION('ref_axis',(-1.,0.,0.));
#4096=DIRECTION('center_axis',(0.,0.,-1.));
#4097=DIRECTION('ref_axis',(-1.,0.,0.));
#4098=DIRECTION('center_axis',(0.,0.,1.));
#4099=DIRECTION('ref_axis',(-1.,0.,0.));
#4100=DIRECTION('center_axis',(0.,0.,-1.));
#4101=DIRECTION('ref_axis',(-1.,0.,0.));
#4102=DIRECTION('center_axis',(0.,0.,1.));
#4103=DIRECTION('ref_axis',(-1.,0.,0.));
#4104=DIRECTION('center_axis',(0.,0.,-1.));
#4105=DIRECTION('ref_axis',(-1.,0.,0.));
#4106=DIRECTION('center_axis',(0.,0.,1.));
#4107=DIRECTION('ref_axis',(-1.,0.,0.));
#4108=DIRECTION('center_axis',(0.,0.,-1.));
#4109=DIRECTION('ref_axis',(-0.999999901855218,-0.000443045770784361,0.));
#4110=DIRECTION('',(0.,0.,1.));
#4111=DIRECTION('center_axis',(0.,0.,-1.));
#4112=DIRECTION('ref_axis',(-0.999999901855218,-0.000443045770784361,0.));
#4113=DIRECTION('center_axis',(0.,0.,-1.));
#4114=DIRECTION('ref_axis',(-2.86864372698725E-8,-1.,0.));
#4115=DIRECTION('center_axis',(0.,0.,-1.));
#4116=DIRECTION('ref_axis',(-2.86864372698725E-8,-1.,0.));
#4117=DIRECTION('',(0.,0.,-1.));
#4118=DIRECTION('center_axis',(1.,9.37053786335637E-13,0.));
#4119=DIRECTION('ref_axis',(9.37053786335637E-13,-1.,0.));
#4120=DIRECTION('',(9.37053786335637E-13,-1.,0.));
#4121=DIRECTION('',(0.,0.,-1.));
#4122=DIRECTION('center_axis',(0.,0.,-1.));
#4123=DIRECTION('ref_axis',(0.999999999992296,-3.92517130060725E-6,0.));
#4124=DIRECTION('center_axis',(0.,0.,-1.));
#4125=DIRECTION('ref_axis',(0.999999999992296,-3.92517130060725E-6,0.));
#4126=DIRECTION('',(0.,0.,-1.));
#4127=DIRECTION('center_axis',(0.,1.,0.));
#4128=DIRECTION('ref_axis',(1.,0.,0.));
#4129=DIRECTION('',(1.,0.,0.));
#4130=DIRECTION('',(0.,0.,-1.));
#4131=DIRECTION('center_axis',(0.,0.,-1.));
#4132=DIRECTION('ref_axis',(0.,1.,0.));
#4133=DIRECTION('center_axis',(0.,0.,-1.));
#4134=DIRECTION('ref_axis',(0.,1.,0.));
#4135=DIRECTION('',(0.,0.,-1.));
#4136=DIRECTION('center_axis',(-1.,-6.2854986861612E-9,0.));
#4137=DIRECTION('ref_axis',(-6.2854986861612E-9,1.,0.));
#4138=DIRECTION('',(-6.2854986861612E-9,1.,0.));
#4139=DIRECTION('center_axis',(0.,0.,-1.));
#4140=DIRECTION('ref_axis',(-1.,0.,0.));
#4141=DIRECTION('center_axis',(0.,0.,-1.));
#4142=DIRECTION('ref_axis',(-1.,0.,0.));
#4143=DIRECTION('',(0.,0.,1.));
#4144=DIRECTION('center_axis',(0.,0.,-1.));
#4145=DIRECTION('ref_axis',(-1.,0.,0.));
#4146=DIRECTION('center_axis',(0.,0.,-1.));
#4147=DIRECTION('ref_axis',(-1.,0.,0.));
#4148=DIRECTION('',(0.,0.,1.));
#4149=DIRECTION('center_axis',(0.,0.,1.));
#4150=DIRECTION('ref_axis',(-1.,0.,0.));
#4151=DIRECTION('center_axis',(0.,0.,-1.));
#4152=DIRECTION('ref_axis',(-1.,0.,0.));
#4153=DIRECTION('center_axis',(0.,0.,-1.));
#4154=DIRECTION('ref_axis',(-1.,0.,0.));
#4155=DIRECTION('',(0.,0.,1.));
#4156=DIRECTION('center_axis',(0.,0.,-1.));
#4157=DIRECTION('ref_axis',(-1.,0.,0.));
#4158=DIRECTION('center_axis',(0.,0.,-1.));
#4159=DIRECTION('ref_axis',(-1.,0.,0.));
#4160=DIRECTION('',(0.,0.,1.));
#4161=DIRECTION('center_axis',(0.,0.,1.));
#4162=DIRECTION('ref_axis',(-1.,0.,0.));
#4163=DIRECTION('center_axis',(0.,0.,-1.));
#4164=DIRECTION('ref_axis',(-1.,0.,0.));
#4165=DIRECTION('center_axis',(0.,0.,-1.));
#4166=DIRECTION('ref_axis',(-1.,0.,0.));
#4167=DIRECTION('',(0.,0.,1.));
#4168=DIRECTION('center_axis',(0.,0.,-1.));
#4169=DIRECTION('ref_axis',(-1.,0.,0.));
#4170=DIRECTION('center_axis',(0.,0.,-1.));
#4171=DIRECTION('ref_axis',(-1.,0.,0.));
#4172=DIRECTION('',(0.,0.,1.));
#4173=DIRECTION('center_axis',(0.,0.,1.));
#4174=DIRECTION('ref_axis',(-1.,0.,0.));
#4175=DIRECTION('center_axis',(0.,0.,-1.));
#4176=DIRECTION('ref_axis',(-1.,0.,0.));
#4177=DIRECTION('center_axis',(0.,0.,-1.));
#4178=DIRECTION('ref_axis',(-1.,0.,0.));
#4179=DIRECTION('',(0.,0.,1.));
#4180=DIRECTION('center_axis',(0.,0.,-1.));
#4181=DIRECTION('ref_axis',(-1.,0.,0.));
#4182=DIRECTION('center_axis',(0.,0.,-1.));
#4183=DIRECTION('ref_axis',(-1.,0.,0.));
#4184=DIRECTION('',(0.,0.,1.));
#4185=DIRECTION('center_axis',(0.,0.,1.));
#4186=DIRECTION('ref_axis',(-1.,0.,0.));
#4187=DIRECTION('center_axis',(0.,0.,-1.));
#4188=DIRECTION('ref_axis',(-1.,0.,0.));
#4189=DIRECTION('axis',(0.,0.,1.));
#4190=DIRECTION('refdir',(1.,0.,0.));
#4191=DIRECTION('center_axis',(0.,0.,1.));
#4192=DIRECTION('ref_axis',(-1.,0.,0.));
#4193=DIRECTION('center_axis',(0.,0.,1.));
#4194=DIRECTION('ref_axis',(-1.,0.,0.));
#4195=DIRECTION('center_axis',(0.,0.,1.));
#4196=DIRECTION('ref_axis',(-1.,0.,0.));
#4197=DIRECTION('center_axis',(0.,0.,1.));
#4198=DIRECTION('ref_axis',(1.,-1.87410757267127E-12,0.));
#4199=DIRECTION('center_axis',(0.,0.,1.));
#4200=DIRECTION('ref_axis',(-1.,0.,0.));
#4201=DIRECTION('center_axis',(0.,0.,1.));
#4202=DIRECTION('ref_axis',(-2.86864372698725E-8,-1.,0.));
#4203=DIRECTION('',(-9.37053786335637E-13,1.,0.));
#4204=DIRECTION('center_axis',(0.,0.,1.));
#4205=DIRECTION('ref_axis',(0.999999999992296,-3.92517130060725E-6,0.));
#4206=DIRECTION('',(-1.,-3.55271351437342E-14,0.));
#4207=DIRECTION('center_axis',(0.,0.,1.));
#4208=DIRECTION('ref_axis',(-1.28102656687518E-15,1.,0.));
#4209=DIRECTION('',(6.28549866121307E-9,-1.,0.));
#4210=DIRECTION('center_axis',(0.,0.,1.));
#4211=DIRECTION('ref_axis',(-0.999999901855218,-0.000443045770784361,0.));
#4212=DIRECTION('',(1.,9.94759850590988E-13,0.));
#4213=DIRECTION('center_axis',(0.,0.,1.));
#4214=DIRECTION('ref_axis',(-1.,0.,0.));
#4215=DIRECTION('center_axis',(0.,0.,1.));
#4216=DIRECTION('ref_axis',(1.,1.87410757267127E-12,0.));
#4217=DIRECTION('',(0.518284617524394,-0.855208194089365,0.));
#4218=DIRECTION('',(-0.999999736911472,-0.000725380581132492,0.));
#4219=DIRECTION('',(0.512912920788263,0.858440641913262,0.));
#4220=DIRECTION('center_axis',(0.,0.,1.));
#4221=DIRECTION('ref_axis',(-1.,0.,0.));
#4222=DIRECTION('',(0.,0.,-1.));
#4223=DIRECTION('center_axis',(0.,0.,-1.));
#4224=DIRECTION('ref_axis',(-1.,0.,0.));
#4225=DIRECTION('center_axis',(0.,0.,1.));
#4226=DIRECTION('ref_axis',(-1.,0.,0.));
#4227=DIRECTION('center_axis',(0.,0.,-1.));
#4228=DIRECTION('ref_axis',(-1.,0.,0.));
#4229=DIRECTION('',(0.70710678118654,-8.65956056235484E-17,0.707106781186555));
#4230=DIRECTION('center_axis',(0.,0.,-1.));
#4231=DIRECTION('ref_axis',(-1.,0.,0.));
#4232=DIRECTION('',(0.,0.,-1.));
#4233=DIRECTION('center_axis',(0.,0.,1.));
#4234=DIRECTION('ref_axis',(-1.,0.,0.));
#4235=DIRECTION('center_axis',(0.,0.,1.));
#4236=DIRECTION('ref_axis',(1.,-1.87410757267127E-12,0.));
#4237=DIRECTION('',(0.,0.,-1.));
#4238=DIRECTION('center_axis',(0.,0.,-1.));
#4239=DIRECTION('ref_axis',(1.,-1.87410757267127E-12,0.));
#4240=DIRECTION('center_axis',(0.,0.,1.));
#4241=DIRECTION('ref_axis',(1.,1.87410757267127E-12,0.));
#4242=DIRECTION('center_axis',(0.,0.,-1.));
#4243=DIRECTION('ref_axis',(1.,1.87410757267127E-12,0.));
#4244=DIRECTION('',(-0.707106781186547,-1.3251075777033E-12,0.707106781186547));
#4245=DIRECTION('center_axis',(0.,0.,-1.));
#4246=DIRECTION('ref_axis',(1.,1.87410757267127E-12,0.));
#4247=DIRECTION('',(0.,0.,-1.));
#4248=DIRECTION('center_axis',(0.,0.,1.));
#4249=DIRECTION('ref_axis',(1.,1.87410757267127E-12,0.));
#4250=DIRECTION('center_axis',(-1.,2.70371960116159E-13,0.));
#4251=DIRECTION('ref_axis',(2.70371960116159E-13,1.,0.));
#4252=DIRECTION('',(0.,0.,1.));
#4253=DIRECTION('',(-2.70371960116159E-13,-1.,0.));
#4254=DIRECTION('',(0.,0.,-1.));
#4255=DIRECTION('',(-2.70371960116159E-13,-1.,0.));
#4256=DIRECTION('center_axis',(1.,0.,0.));
#4257=DIRECTION('ref_axis',(0.,-1.,0.));
#4258=DIRECTION('',(0.,0.,-1.));
#4259=DIRECTION('',(0.,1.,0.));
#4260=DIRECTION('',(0.,0.,1.));
#4261=DIRECTION('',(0.,1.,0.));
#4262=DIRECTION('center_axis',(-1.58870392990371E-11,1.,0.));
#4263=DIRECTION('ref_axis',(1.,1.58870392990371E-11,0.));
#4264=DIRECTION('',(-1.,1.40129317263658E-11,0.));
#4265=DIRECTION('',(0.,0.,-1.));
#4266=DIRECTION('',(-1.,-1.58870392990371E-11,0.));
#4267=DIRECTION('center_axis',(-1.50853688515221E-12,-1.,0.));
#4268=DIRECTION('ref_axis',(-1.,1.50853688515221E-12,0.));
#4269=DIRECTION('',(1.,3.38264445782349E-12,0.));
#4270=DIRECTION('',(0.,0.,-1.));
#4271=DIRECTION('',(-1.,1.50853688515221E-12,0.));
#4272=DIRECTION('center_axis',(-0.322403312345028,0.94660240026579,0.));
#4273=DIRECTION('ref_axis',(0.94660240026579,0.322403312345028,0.));
#4274=DIRECTION('',(0.94660240026579,0.322403312345028,0.));
#4275=DIRECTION('',(0.,0.,-1.));
#4276=DIRECTION('',(0.94660240026579,0.322403312345028,0.));
#4277=DIRECTION('',(0.,0.,-1.));
#4278=DIRECTION('center_axis',(0.925628591274086,-0.37843323191278,0.));
#4279=DIRECTION('ref_axis',(-0.37843323191278,-0.925628591274086,0.));
#4280=DIRECTION('',(-0.37843323191278,-0.925628591274086,0.));
#4281=DIRECTION('',(0.,0.,-1.));
#4282=DIRECTION('',(-0.37843323191278,-0.925628591274086,0.));
#4283=DIRECTION('center_axis',(0.0285330939062424,-0.999592848389852,0.));
#4284=DIRECTION('ref_axis',(-0.999592848389852,-0.0285330939062424,0.));
#4285=DIRECTION('',(-0.999592848389852,-0.0285330939062424,0.));
#4286=DIRECTION('',(0.,0.,-1.));
#4287=DIRECTION('',(-0.999592848389852,-0.0285330939062424,0.));
#4288=DIRECTION('center_axis',(-0.883461057716827,0.468504599228081,0.));
#4289=DIRECTION('ref_axis',(0.468504599228081,0.883461057716827,0.));
#4290=DIRECTION('',(0.468504599228081,0.883461057716827,0.));
#4291=DIRECTION('',(0.,0.,-1.));
#4292=DIRECTION('',(0.468504599228081,0.883461057716827,0.));
#4293=DIRECTION('center_axis',(0.295439050124992,-0.955361590007282,0.));
#4294=DIRECTION('ref_axis',(-0.955361590007282,-0.295439050124992,0.));
#4295=DIRECTION('',(-0.955361590007282,-0.295439050124992,0.));
#4296=DIRECTION('',(0.,0.,-1.));
#4297=DIRECTION('',(-0.955361590007282,-0.295439050124992,0.));
#4298=DIRECTION('center_axis',(-0.906498471445044,0.42220909661896,0.));
#4299=DIRECTION('ref_axis',(0.42220909661896,0.906498471445044,0.));
#4300=DIRECTION('',(0.42220909661896,0.906498471445044,0.));
#4301=DIRECTION('',(0.,0.,-1.));
#4302=DIRECTION('',(0.42220909661896,0.906498471445044,0.));
#4303=DIRECTION('center_axis',(0.23346002388016,-0.972366400720364,0.));
#4304=DIRECTION('ref_axis',(-0.972366400720364,-0.23346002388016,0.));
#4305=DIRECTION('',(-0.972366400720364,-0.23346002388016,0.));
#4306=DIRECTION('',(0.,0.,-1.));
#4307=DIRECTION('',(-0.972366400720364,-0.23346002388016,0.));
#4308=DIRECTION('center_axis',(-0.76058528820532,0.649238029820828,0.));
#4309=DIRECTION('ref_axis',(0.649238029820828,0.76058528820532,0.));
#4310=DIRECTION('',(0.649238029820828,0.76058528820532,0.));
#4311=DIRECTION('',(0.,0.,-1.));
#4312=DIRECTION('',(0.649238029820828,0.76058528820532,0.));
#4313=DIRECTION('center_axis',(0.986932296439401,0.161135477921067,0.));
#4314=DIRECTION('ref_axis',(0.161135477921067,-0.986932296439401,0.));
#4315=DIRECTION('',(0.161135477921067,-0.986932296439401,0.));
#4316=DIRECTION('',(0.,0.,-1.));
#4317=DIRECTION('',(0.161135477921067,-0.986932296439401,0.));
#4318=DIRECTION('center_axis',(-0.906498471445044,0.42220909661896,0.));
#4319=DIRECTION('ref_axis',(0.42220909661896,0.906498471445044,0.));
#4320=DIRECTION('',(0.42220909661896,0.906498471445044,0.));
#4321=DIRECTION('',(0.,0.,-1.));
#4322=DIRECTION('',(0.42220909661896,0.906498471445044,0.));
#4323=DIRECTION('center_axis',(0.965690033044578,-0.259697439491347,0.));
#4324=DIRECTION('ref_axis',(-0.259697439491347,-0.965690033044578,0.));
#4325=DIRECTION('',(-0.259697439491347,-0.965690033044578,0.));
#4326=DIRECTION('',(0.,0.,-1.));
#4327=DIRECTION('',(-0.259697439491347,-0.965690033044578,0.));
#4328=DIRECTION('center_axis',(0.986932296439401,0.161135477921067,0.));
#4329=DIRECTION('ref_axis',(0.161135477921067,-0.986932296439401,0.));
#4330=DIRECTION('',(0.161135477921067,-0.986932296439401,0.));
#4331=DIRECTION('',(0.,0.,-1.));
#4332=DIRECTION('',(0.161135477921067,-0.986932296439401,0.));
#4333=DIRECTION('center_axis',(-0.614043437226474,-0.789272232628957,0.));
#4334=DIRECTION('ref_axis',(-0.789272232628957,0.614043437226474,0.));
#4335=DIRECTION('',(-0.789272232628957,0.614043437226474,0.));
#4336=DIRECTION('',(0.,0.,-1.));
#4337=DIRECTION('',(-0.789272232628957,0.614043437226474,0.));
#4338=DIRECTION('center_axis',(0.965690033044578,-0.259697439491347,0.));
#4339=DIRECTION('ref_axis',(-0.259697439491347,-0.965690033044578,0.));
#4340=DIRECTION('',(-0.259697439491347,-0.965690033044578,0.));
#4341=DIRECTION('',(-0.259697439491347,-0.965690033044578,0.));
#4342=DIRECTION('center_axis',(-0.867998583089722,0.496566672013171,0.));
#4343=DIRECTION('ref_axis',(0.496566672013171,0.867998583089721,0.));
#4344=DIRECTION('',(0.496566672013171,0.867998583089721,0.));
#4345=DIRECTION('',(0.,0.,-1.));
#4346=DIRECTION('',(0.496566672013171,0.867998583089721,0.));
#4347=DIRECTION('',(0.,0.,-1.));
#4348=DIRECTION('center_axis',(-0.00981932980430439,-0.999951789218958,
0.));
#4349=DIRECTION('ref_axis',(-0.999951789218957,0.00981932980430439,0.));
#4350=DIRECTION('',(-0.999951789218957,0.00981932980430439,0.));
#4351=DIRECTION('',(0.,0.,-1.));
#4352=DIRECTION('',(-0.999951789218957,0.00981932980430439,0.));
#4353=DIRECTION('center_axis',(0.00848827955125297,-0.99996397390619,0.));
#4354=DIRECTION('ref_axis',(-0.99996397390619,-0.00848827955125297,0.));
#4355=DIRECTION('',(-0.99996397390619,-0.00848827955125297,0.));
#4356=DIRECTION('',(0.,0.,-1.));
#4357=DIRECTION('',(-0.99996397390619,-0.00848827955125297,0.));
#4358=DIRECTION('center_axis',(0.864542313113159,0.502560035057454,0.));
#4359=DIRECTION('ref_axis',(0.502560035057454,-0.864542313113159,0.));
#4360=DIRECTION('',(0.502560035057454,-0.864542313113159,0.));
#4361=DIRECTION('',(0.,0.,-1.));
#4362=DIRECTION('',(0.502560035057453,-0.864542313113159,0.));
#4363=DIRECTION('center_axis',(0.854998343397356,0.518630728734594,0.));
#4364=DIRECTION('ref_axis',(0.518630728734594,-0.854998343397356,0.));
#4365=DIRECTION('',(0.518630728734594,-0.854998343397356,0.));
#4366=DIRECTION('',(0.,0.,-1.));
#4367=DIRECTION('',(0.518630728734594,-0.854998343397356,0.));
#4368=DIRECTION('center_axis',(-0.858462841998777,0.512875763618621,0.));
#4369=DIRECTION('ref_axis',(0.512875763618621,0.858462841998777,0.));
#4370=DIRECTION('',(0.512875763618621,0.858462841998777,0.));
#4371=DIRECTION('',(0.512875763618621,0.858462841998777,0.));
#4372=DIRECTION('center_axis',(0.,0.,-1.));
#4373=DIRECTION('ref_axis',(-1.,0.,0.));
#4374=DIRECTION('',(0.,0.,-1.));
#4375=DIRECTION('',(0.,0.,-1.));
#4376=DIRECTION('center_axis',(-0.00072538058113261,0.999999736911472,0.));
#4377=DIRECTION('ref_axis',(0.999999736911472,0.00072538058113261,0.));
#4378=DIRECTION('',(0.999999736911472,0.00072538058113261,0.));
#4379=DIRECTION('',(0.,0.,-1.));
#4380=DIRECTION('',(0.999999736911472,0.00072538058113261,0.));
#4381=DIRECTION('',(0.,0.,-1.));
#4382=DIRECTION('center_axis',(0.858440641912855,-0.512912920788944,0.));
#4383=DIRECTION('ref_axis',(-0.512912920788944,-0.858440641912855,0.));
#4384=DIRECTION('',(-0.512912920788944,-0.858440641912855,0.));
#4385=DIRECTION('',(0.,0.,-1.));
#4386=DIRECTION('',(-0.512912920788944,-0.858440641912855,0.));
#4387=DIRECTION('',(0.,0.,-1.));
#4388=DIRECTION('center_axis',(-0.855208194089367,-0.518284617524391,0.));
#4389=DIRECTION('ref_axis',(-0.518284617524391,0.855208194089367,0.));
#4390=DIRECTION('',(-0.518284617524391,0.855208194089367,0.));
#4391=DIRECTION('',(-0.518284617524391,0.855208194089367,0.));
#4392=DIRECTION('',(0.,0.,-1.));
#4393=DIRECTION('',(0.,0.,-1.));
#4394=DIRECTION('center_axis',(-0.858440641913262,0.512912920788263,0.));
#4395=DIRECTION('ref_axis',(0.512912920788263,0.858440641913262,0.));
#4396=DIRECTION('',(0.,0.,-1.));
#4397=DIRECTION('',(0.512912920788263,0.858440641913262,0.));
#4398=DIRECTION('',(0.,0.,-1.));
#4399=DIRECTION('center_axis',(0.000725380581132492,-0.999999736911472,
0.));
#4400=DIRECTION('ref_axis',(-0.999999736911472,-0.000725380581132492,0.));
#4401=DIRECTION('',(0.,0.,-1.));
#4402=DIRECTION('',(-0.999999736911472,-0.000725380581132492,0.));
#4403=DIRECTION('',(0.,0.,-1.));
#4404=DIRECTION('center_axis',(0.855208194089365,0.518284617524394,0.));
#4405=DIRECTION('ref_axis',(0.518284617524394,-0.855208194089365,0.));
#4406=DIRECTION('',(0.518284617524394,-0.855208194089365,0.));
#4407=DIRECTION('center_axis',(0.,0.,1.));
#4408=DIRECTION('ref_axis',(-1.,0.,0.));
#4409=DIRECTION('center_axis',(0.,0.,1.));
#4410=DIRECTION('ref_axis',(-1.,0.,0.));
#4411=DIRECTION('center_axis',(-1.,9.36753171736451E-13,0.));
#4412=DIRECTION('ref_axis',(9.36753171736451E-13,1.,0.));
#4413=DIRECTION('',(9.36753171736451E-13,-1.,0.));
#4414=DIRECTION('',(0.,0.,-1.));
#4415=DIRECTION('',(9.36753171736451E-13,-1.,0.));
#4416=DIRECTION('',(0.,0.,-1.));
#4417=DIRECTION('center_axis',(0.,0.,-1.));
#4418=DIRECTION('ref_axis',(8.08680116340831E-6,-0.999999999967302,0.));
#4419=DIRECTION('center_axis',(0.,0.,-1.));
#4420=DIRECTION('ref_axis',(8.08680116340831E-6,-0.999999999967302,0.));
#4421=DIRECTION('',(0.,0.,-1.));
#4422=DIRECTION('center_axis',(0.,0.,1.));
#4423=DIRECTION('ref_axis',(8.08680116340831E-6,-0.999999999967302,0.));
#4424=DIRECTION('',(0.,0.,-1.));
#4425=DIRECTION('center_axis',(-8.3071576042726E-12,1.,0.));
#4426=DIRECTION('ref_axis',(1.,8.3071576042726E-12,0.));
#4427=DIRECTION('',(-1.,-8.3071576042726E-12,0.));
#4428=DIRECTION('',(1.,8.3071576042726E-12,0.));
#4429=DIRECTION('center_axis',(8.90557442412579E-12,-1.,0.));
#4430=DIRECTION('ref_axis',(-1.,-8.90557442412579E-12,0.));
#4431=DIRECTION('',(1.,8.90557442412579E-12,0.));
#4432=DIRECTION('',(0.,0.,-1.));
#4433=DIRECTION('',(-1.,-8.90557442412579E-12,0.));
#4434=DIRECTION('',(0.,0.,-1.));
#4435=DIRECTION('center_axis',(0.,0.,-1.));
#4436=DIRECTION('ref_axis',(-2.40732154578284E-11,-1.,0.));
#4437=DIRECTION('center_axis',(0.,0.,1.));
#4438=DIRECTION('ref_axis',(-2.40732154578284E-11,-1.,0.));
#4439=DIRECTION('center_axis',(0.,0.,-1.));
#4440=DIRECTION('ref_axis',(-2.40732154578284E-11,-1.,0.));
#4441=DIRECTION('',(0.,0.,-1.));
#4442=DIRECTION('center_axis',(1.,-1.13472462465427E-11,0.));
#4443=DIRECTION('ref_axis',(-1.13472462465427E-11,-1.,0.));
#4444=DIRECTION('',(1.13472462465427E-11,1.,0.));
#4445=DIRECTION('',(-1.13472462465427E-11,-1.,0.));
#4446=DIRECTION('',(0.,0.,-1.));
#4447=DIRECTION('center_axis',(-1.,7.77886821811008E-11,0.));
#4448=DIRECTION('ref_axis',(7.77886821811008E-11,1.,0.));
#4449=DIRECTION('',(-7.77886821811008E-11,-1.,0.));
#4450=DIRECTION('',(0.,0.,-1.));
#4451=DIRECTION('',(7.77886821811008E-11,1.,0.));
#4452=DIRECTION('center_axis',(0.,0.,1.));
#4453=DIRECTION('ref_axis',(-8.08680303751588E-6,-0.999999999967302,0.));
#4454=DIRECTION('center_axis',(0.,0.,-1.));
#4455=DIRECTION('ref_axis',(-8.08680303751588E-6,-0.999999999967302,0.));
#4456=DIRECTION('',(0.,0.,-1.));
#4457=DIRECTION('center_axis',(0.,0.,-1.));
#4458=DIRECTION('ref_axis',(-8.08680303751588E-6,-0.999999999967302,0.));
#4459=DIRECTION('',(0.,0.,-1.));
#4460=DIRECTION('center_axis',(-1.01812651769439E-11,-1.,0.));
#4461=DIRECTION('ref_axis',(-1.,1.01812651769439E-11,0.));
#4462=DIRECTION('',(-1.,1.01812651769439E-11,0.));
#4463=DIRECTION('',(0.,0.,-1.));
#4464=DIRECTION('',(-1.,1.01812651769439E-11,0.));
#4465=DIRECTION('center_axis',(1.,1.99294046965666E-12,0.));
#4466=DIRECTION('ref_axis',(1.99294046965666E-12,-1.,0.));
#4467=DIRECTION('',(-1.99294046965666E-12,-1.,0.));
#4468=DIRECTION('',(0.,0.,-1.));
#4469=DIRECTION('',(1.99294046965666E-12,1.,0.));
#4470=DIRECTION('',(0.,0.,-1.));
#4471=DIRECTION('center_axis',(1.07796819967971E-11,1.,0.));
#4472=DIRECTION('ref_axis',(1.,-1.07796819967971E-11,0.));
#4473=DIRECTION('',(1.,-1.07796819967971E-11,0.));
#4474=DIRECTION('',(0.,0.,-1.));
#4475=DIRECTION('',(1.,-1.07796819967971E-11,0.));
#4476=DIRECTION('center_axis',(0.,0.,1.));
#4477=DIRECTION('ref_axis',(2.21991078851571E-11,-1.,0.));
#4478=DIRECTION('center_axis',(0.,0.,1.));
#4479=DIRECTION('ref_axis',(2.21991078851571E-11,-1.,0.));
#4480=DIRECTION('',(0.,0.,-1.));
#4481=DIRECTION('center_axis',(0.,0.,1.));
#4482=DIRECTION('ref_axis',(2.21991078851571E-11,-1.,0.));
#4483=DIRECTION('center_axis',(1.,9.47313867387146E-12,0.));
#4484=DIRECTION('ref_axis',(9.47313867387146E-12,-1.,0.));
#4485=DIRECTION('',(9.47313867387146E-12,-1.,0.));
#4486=DIRECTION('',(0.,0.,-1.));
#4487=DIRECTION('',(9.47313867387146E-12,-1.,0.));
#4488=DIRECTION('center_axis',(1.58870392990371E-11,1.,0.));
#4489=DIRECTION('ref_axis',(1.,-1.58870392990371E-11,0.));
#4490=DIRECTION('',(1.,-1.58870392990371E-11,0.));
#4491=DIRECTION('',(-1.,-1.40129317263658E-11,0.));
#4492=DIRECTION('center_axis',(1.50853688515221E-12,-1.,0.));
#4493=DIRECTION('ref_axis',(-1.,-1.50853688515221E-12,0.));
#4494=DIRECTION('',(-1.,-1.50853688515221E-12,0.));
#4495=DIRECTION('',(0.,0.,-1.));
#4496=DIRECTION('',(-1.,-1.50853688515221E-12,0.));
#4497=DIRECTION('center_axis',(-1.,-7.59145746084295E-11,0.));
#4498=DIRECTION('ref_axis',(-7.59145746084295E-11,1.,0.));
#4499=DIRECTION('',(-7.59145746084295E-11,1.,0.));
#4500=DIRECTION('',(-7.59145746084295E-11,1.,0.));
#4501=DIRECTION('center_axis',(-1.,-3.86704804232793E-12,0.));
#4502=DIRECTION('ref_axis',(-3.86704804232793E-12,1.,0.));
#4503=DIRECTION('',(-3.86704804232793E-12,-1.,0.));
#4504=DIRECTION('',(3.86704804232793E-12,1.,0.));
#4505=DIRECTION('',(0.,0.,-1.));
#4506=DIRECTION('center_axis',(0.,0.,1.));
#4507=DIRECTION('ref_axis',(-1.,0.,0.));
#4508=DIRECTION('center_axis',(0.,0.,1.));
#4509=DIRECTION('ref_axis',(-2.86864372698725E-8,-1.,0.));
#4510=DIRECTION('',(1.,9.94759850590988E-13,0.));
#4511=DIRECTION('center_axis',(0.,0.,1.));
#4512=DIRECTION('ref_axis',(-0.999999901855218,-0.000443045770784361,0.));
#4513=DIRECTION('',(6.28549866121307E-9,-1.,0.));
#4514=DIRECTION('center_axis',(0.,0.,1.));
#4515=DIRECTION('ref_axis',(-1.28102656687518E-15,1.,0.));
#4516=DIRECTION('',(-1.,-3.55271351437342E-14,0.));
#4517=DIRECTION('center_axis',(0.,0.,1.));
#4518=DIRECTION('ref_axis',(0.999999999992296,-3.92517130060725E-6,0.));
#4519=DIRECTION('',(-9.37053786335637E-13,1.,0.));
#4520=DIRECTION('',(-1.,-1.07796819967971E-11,0.));
#4521=DIRECTION('center_axis',(0.,0.,1.));
#4522=DIRECTION('ref_axis',(2.21991078851571E-11,1.,0.));
#4523=DIRECTION('',(-9.47313867387146E-12,-1.,0.));
#4524=DIRECTION('',(-1.,-1.58870392990371E-11,0.));
#4525=DIRECTION('',(1.,3.38264445782349E-12,0.));
#4526=DIRECTION('',(7.59145746084295E-11,1.,0.));
#4527=DIRECTION('center_axis',(0.,0.,-1.));
#4528=DIRECTION('ref_axis',(-8.08680303751588E-6,0.999999999967302,0.));
#4529=DIRECTION('',(1.,1.01812651769439E-11,0.));
#4530=DIRECTION('',(-9.37354400934823E-13,1.,0.));
#4531=DIRECTION('',(1.,-8.3071576042726E-12,0.));
#4532=DIRECTION('center_axis',(0.,0.,-1.));
#4533=DIRECTION('ref_axis',(8.08680116340831E-6,0.999999999967302,0.));
#4534=DIRECTION('',(7.77886821811008E-11,-1.,0.));
#4535=DIRECTION('',(-1.13472462465427E-11,1.,0.));
#4536=DIRECTION('center_axis',(0.,0.,1.));
#4537=DIRECTION('ref_axis',(-2.40732154578284E-11,1.,0.));
#4538=DIRECTION('',(-1.,8.90557442412579E-12,0.));
#4539=DIRECTION('center_axis',(0.,0.,1.));
#4540=DIRECTION('ref_axis',(-1.,0.,0.));
#4541=DIRECTION('',(-1.,1.40129317263658E-11,0.));
#4542=DIRECTION('',(9.47313867387146E-12,1.,0.));
#4543=DIRECTION('center_axis',(0.,0.,-1.));
#4544=DIRECTION('ref_axis',(2.21991078851571E-11,1.,0.));
#4545=DIRECTION('',(1.,1.07796819967971E-11,0.));
#4546=DIRECTION('',(-1.,8.90557442412579E-12,0.));
#4547=DIRECTION('center_axis',(0.,0.,1.));
#4548=DIRECTION('ref_axis',(-2.40732154578284E-11,1.,0.));
#4549=DIRECTION('',(-1.13472462465427E-11,1.,0.));
#4550=DIRECTION('',(7.77886821811008E-11,-1.,0.));
#4551=DIRECTION('center_axis',(0.,0.,-1.));
#4552=DIRECTION('ref_axis',(8.08680116340831E-6,0.999999999967302,0.));
#4553=DIRECTION('',(1.,-8.3071576042726E-12,0.));
#4554=DIRECTION('',(9.37354400934823E-13,-1.,0.));
#4555=DIRECTION('',(-1.,-1.01812651769439E-11,0.));
#4556=DIRECTION('center_axis',(0.,0.,1.));
#4557=DIRECTION('ref_axis',(-8.08680303751588E-6,0.999999999967302,0.));
#4558=DIRECTION('',(-7.59145746084295E-11,-1.,0.));
#4559=DIRECTION('',(-1.,1.50853688515221E-12,0.));
#4560=DIRECTION('center_axis',(0.,0.,1.));
#4561=DIRECTION('ref_axis',(-1.,0.,0.));
#4562=DIRECTION('center_axis',(0.,0.,1.));
#4563=DIRECTION('ref_axis',(8.08680116340831E-6,0.999999999967302,0.));
#4564=DIRECTION('',(0.,0.,-1.));
#4565=DIRECTION('',(0.,0.,-1.));
#4566=DIRECTION('center_axis',(8.3071576042726E-12,1.,0.));
#4567=DIRECTION('ref_axis',(1.,-8.3071576042726E-12,0.));
#4568=DIRECTION('center_axis',(-8.90557442412579E-12,-1.,0.));
#4569=DIRECTION('ref_axis',(-1.,8.90557442412579E-12,0.));
#4570=DIRECTION('',(0.,0.,-1.));
#4571=DIRECTION('center_axis',(0.,0.,1.));
#4572=DIRECTION('ref_axis',(-2.40732154578284E-11,1.,0.));
#4573=DIRECTION('',(0.,0.,-1.));
#4574=DIRECTION('center_axis',(-1.,-1.13472462465427E-11,0.));
#4575=DIRECTION('ref_axis',(-1.13472462465427E-11,1.,0.));
#4576=DIRECTION('center_axis',(1.,7.77886821811008E-11,0.));
#4577=DIRECTION('ref_axis',(7.77886821811008E-11,-1.,0.));
#4578=DIRECTION('center_axis',(0.,0.,-1.));
#4579=DIRECTION('ref_axis',(-8.08680303751588E-6,0.999999999967302,0.));
#4580=DIRECTION('',(0.,0.,-1.));
#4581=DIRECTION('',(0.,0.,-1.));
#4582=DIRECTION('center_axis',(1.01812651769439E-11,-1.,0.));
#4583=DIRECTION('ref_axis',(-1.,-1.01812651769439E-11,0.));
#4584=DIRECTION('',(0.,0.,-1.));
#4585=DIRECTION('center_axis',(1.,9.37354400934823E-13,0.));
#4586=DIRECTION('ref_axis',(9.37354400934823E-13,-1.,0.));
#4587=DIRECTION('center_axis',(-1.07796819967971E-11,1.,0.));
#4588=DIRECTION('ref_axis',(1.,1.07796819967971E-11,0.));
#4589=DIRECTION('',(0.,0.,-1.));
#4590=DIRECTION('center_axis',(0.,0.,-1.));
#4591=DIRECTION('ref_axis',(2.21991078851571E-11,1.,0.));
#4592=DIRECTION('',(0.,0.,-1.));
#4593=DIRECTION('center_axis',(-1.,9.47313867387146E-12,0.));
#4594=DIRECTION('ref_axis',(9.47313867387146E-12,1.,0.));
#4595=DIRECTION('',(0.,0.,-1.));
#4596=DIRECTION('center_axis',(-1.58870392990371E-11,1.,0.));
#4597=DIRECTION('ref_axis',(1.,1.58870392990371E-11,0.));
#4598=DIRECTION('center_axis',(-1.50853688515221E-12,-1.,0.));
#4599=DIRECTION('ref_axis',(-1.,1.50853688515221E-12,0.));
#4600=DIRECTION('',(0.,0.,-1.));
#4601=DIRECTION('center_axis',(1.,-7.59145746084295E-11,0.));
#4602=DIRECTION('ref_axis',(-7.59145746084295E-11,-1.,0.));
#4603=DIRECTION('center_axis',(9.94759850590988E-13,-1.,0.));
#4604=DIRECTION('ref_axis',(1.,9.94759850590988E-13,0.));
#4605=DIRECTION('',(0.,0.,1.));
#4606=DIRECTION('',(0.,0.,1.));
#4607=DIRECTION('center_axis',(0.,0.,1.));
#4608=DIRECTION('ref_axis',(-0.999999901855218,-0.000443045770784361,0.));
#4609=DIRECTION('',(0.,0.,1.));
#4610=DIRECTION('center_axis',(-1.,-6.28549866121307E-9,0.));
#4611=DIRECTION('ref_axis',(6.28549866121307E-9,-1.,0.));
#4612=DIRECTION('',(0.,0.,1.));
#4613=DIRECTION('center_axis',(0.,0.,1.));
#4614=DIRECTION('ref_axis',(-1.28102656687518E-15,1.,0.));
#4615=DIRECTION('',(0.,0.,1.));
#4616=DIRECTION('center_axis',(-3.55271351437342E-14,1.,0.));
#4617=DIRECTION('ref_axis',(-1.,-3.55271351437342E-14,0.));
#4618=DIRECTION('',(0.,0.,1.));
#4619=DIRECTION('center_axis',(0.,0.,1.));
#4620=DIRECTION('ref_axis',(0.999999999992296,-3.92517130060725E-6,0.));
#4621=DIRECTION('',(0.,0.,1.));
#4622=DIRECTION('center_axis',(1.,9.37053786335637E-13,0.));
#4623=DIRECTION('ref_axis',(-9.37053786335637E-13,1.,0.));
#4624=DIRECTION('',(0.,0.,1.));
#4625=DIRECTION('center_axis',(0.,0.,1.));
#4626=DIRECTION('ref_axis',(-2.86864372698725E-8,-1.,0.));
#4627=DIRECTION('',(0.,0.,1.));
#4628=DIRECTION('',(1.,0.,0.));
#4629=DIRECTION('',(0.,0.,1.));
#4630=DIRECTION('',(1.,0.,0.));
#4631=CARTESIAN_POINT('',(0.,0.,0.));
#4632=CARTESIAN_POINT('',(0.,0.,0.));
#4633=CARTESIAN_POINT('Origin',(10.0000002798494,-96.9999999999416,22.1162075480033));
#4634=CARTESIAN_POINT('',(10.0000002798494,-101.499999839442,17.2859482056222));
#4635=CARTESIAN_POINT('',(14.5000002797158,-96.9999999999416,17.2859483401857));
#4636=CARTESIAN_POINT('Ctrl Pts',(9.99999999999996,-101.49999935647,17.2859478003613));
#4637=CARTESIAN_POINT('Ctrl Pts',(10.0000000340038,-100.953214450075,16.8271407870719));
#4638=CARTESIAN_POINT('Ctrl Pts',(10.1051094437209,-100.373590427824,16.3329500001359));
#4639=CARTESIAN_POINT('Ctrl Pts',(10.4255633175319,-99.5680096144256,15.6912004343412));
#4640=CARTESIAN_POINT('Ctrl Pts',(10.5566611943044,-99.3118125949366,15.4956157968223));
#4641=CARTESIAN_POINT('Ctrl Pts',(10.8782118302162,-98.8128557394133,15.1888340186737));
#4642=CARTESIAN_POINT('Ctrl Pts',(11.0656611898911,-98.5703775506878,15.0740487209551));
#4643=CARTESIAN_POINT('Ctrl Pts',(11.5703777643136,-98.0656610076576,15.0740487209551));
#4644=CARTESIAN_POINT('Ctrl Pts',(11.8128559646982,-97.8782116630643,15.1888340186737));
#4645=CARTESIAN_POINT('Ctrl Pts',(12.3118128402213,-97.5566610581866,15.4956157968224));
#4646=CARTESIAN_POINT('Ctrl Pts',(12.5680098678643,-97.4255631973491,15.6912004343412));
#4647=CARTESIAN_POINT('Ctrl Pts',(13.3735907011948,-97.1051093736436,16.3329500001359));
#4648=CARTESIAN_POINT('Ctrl Pts',(13.9532147299831,-96.999999999978,16.8271407870719));
#4649=CARTESIAN_POINT('Ctrl Pts',(14.4999996363782,-96.999999999983,17.2859478003613));
#4650=CARTESIAN_POINT('',(16.8000053147978,-96.9999999999416,19.2158817168289));
#4651=CARTESIAN_POINT('',(20.2564790437938,-96.999999999983,22.1162075480033));
#4652=CARTESIAN_POINT('',(16.8000053147441,-100.999994129686,20.1298537866936));
#4653=CARTESIAN_POINT('Ctrl Pts',(16.8000053147441,-100.999994129686,20.1298537866936));
#4654=CARTESIAN_POINT('Ctrl Pts',(16.8000053147916,-98.8516942347959,19.215881716825));
#4655=CARTESIAN_POINT('Ctrl Pts',(16.8000053147978,-96.9999999999416,19.2158817168289));
#4656=CARTESIAN_POINT('',(14.0000000133087,-103.799999430912,20.1298521177061));
#4657=CARTESIAN_POINT('Ctrl Pts',(16.8000053147441,-100.999994129686,20.1298537866936));
#4658=CARTESIAN_POINT('Ctrl Pts',(16.8000053147439,-101.002689503195,20.1310005055993));
#4659=CARTESIAN_POINT('Ctrl Pts',(16.8000014229654,-101.005385545359,20.1321455553386));
#4660=CARTESIAN_POINT('Ctrl Pts',(16.7992528492604,-101.264524698853,20.2420181480802));
#4661=CARTESIAN_POINT('Ctrl Pts',(16.7611060005461,-101.527054520592,20.3347336594033));
#4662=CARTESIAN_POINT('Ctrl Pts',(16.6332840757988,-101.976754955999,20.4662191230203));
#4663=CARTESIAN_POINT('Ctrl Pts',(16.5405414060738,-102.202120485341,20.5195233702864));
#4664=CARTESIAN_POINT('Ctrl Pts',(16.2945664483078,-102.623084764675,20.5894828770351));
#4665=CARTESIAN_POINT('Ctrl Pts',(16.1411970145436,-102.818602374309,20.6061440888327));
#4666=CARTESIAN_POINT('Ctrl Pts',(15.8186112579187,-103.141188582871,20.6061440888327));
#4667=CARTESIAN_POINT('Ctrl Pts',(15.6230938631521,-103.294558290552,20.5894828770351));
#4668=CARTESIAN_POINT('Ctrl Pts',(15.2021299284258,-103.540533838081,20.5195233702864));
#4669=CARTESIAN_POINT('Ctrl Pts',(14.9767645290142,-103.633276823539,20.4662191230203));
#4670=CARTESIAN_POINT('Ctrl Pts',(14.5270642726842,-103.761099378309,20.3347336594033));
#4671=CARTESIAN_POINT('Ctrl Pts',(14.2645345043883,-103.799246594823,20.2420181480802));
#4672=CARTESIAN_POINT('Ctrl Pts',(14.0053940436546,-103.799995535358,20.1321450006364));
#4673=CARTESIAN_POINT('Ctrl Pts',(14.0026966938245,-103.799999430912,20.1309993945612));
#4674=CARTESIAN_POINT('Ctrl Pts',(14.0000000133087,-103.799999430912,20.1298521177061));
#4675=CARTESIAN_POINT('',(10.0000002796735,-103.799999430971,19.2158770145829));
#4676=CARTESIAN_POINT('Ctrl Pts',(10.0000002796735,-103.799999430971,19.2158770145829));
#4677=CARTESIAN_POINT('Ctrl Pts',(11.8516965399147,-103.799999430944,19.2158770145628));
#4678=CARTESIAN_POINT('Ctrl Pts',(14.0000000133087,-103.799999430912,20.1298521177061));
#4679=CARTESIAN_POINT('',(9.99999999999997,-107.256478763886,22.1162075480033));
#4680=CARTESIAN_POINT('',(14.7213034822954,-99.7710326552275,18.103587755117));
#4681=CARTESIAN_POINT('',(12.5750000133614,-100.99999412968,17.5017316776851));
#4682=CARTESIAN_POINT('Ctrl Pts',(14.7213034822954,-99.7710326552275,18.103587755117));
#4683=CARTESIAN_POINT('Ctrl Pts',(14.5877272397517,-99.6926339347498,17.9736248686399));
#4684=CARTESIAN_POINT('Ctrl Pts',(14.4293251595129,-99.6304373894716,17.8323326217641));
#4685=CARTESIAN_POINT('Ctrl Pts',(14.0922989369117,-99.5676928560271,17.5634885179012));
#4686=CARTESIAN_POINT('Ctrl Pts',(13.9136717849937,-99.5670049625398,17.4359731051611));
#4687=CARTESIAN_POINT('Ctrl Pts',(13.6188071920673,-99.6211773602082,17.2586605272308));
#4688=CARTESIAN_POINT('Ctrl Pts',(13.482266458346,-99.6642756983548,17.1873702991583));
#4689=CARTESIAN_POINT('Ctrl Pts',(13.220730712736,-99.7979411780008,17.0880994541369));
#4690=CARTESIAN_POINT('Ctrl Pts',(13.0956967554233,-99.8890429164912,17.0609436988136));
#4691=CARTESIAN_POINT('Ctrl Pts',(12.8890475332902,-100.095692428128,17.0609436988136));
#4692=CARTESIAN_POINT('Ctrl Pts',(12.7979459699653,-100.220726513069,17.0880994541369));
#4693=CARTESIAN_POINT('Ctrl Pts',(12.6642808567161,-100.482262445937,17.1873702991583));
#4694=CARTESIAN_POINT('Ctrl Pts',(12.6211827098553,-100.618803240036,17.2586605272308));
#4695=CARTESIAN_POINT('Ctrl Pts',(12.5828950874804,-100.827207402797,17.3839813379557));
#4696=CARTESIAN_POINT('Ctrl Pts',(12.5750000133621,-100.913767597467,17.4408949292403));
#4697=CARTESIAN_POINT('Ctrl Pts',(12.5750000133614,-100.999994129674,17.5017316776851));
#4698=CARTESIAN_POINT('Ctrl Pts',(12.5750000133614,-100.999994129674,17.5017316776851));
#4699=CARTESIAN_POINT('Ctrl Pts',(12.5750000133607,-101.088010573776,17.5638312905511));
#4700=CARTESIAN_POINT('Ctrl Pts',(12.5832239833085,-101.175686067796,17.6300091182475));
#4701=CARTESIAN_POINT('Ctrl Pts',(12.6304438746082,-101.429321194508,17.8323326217641));
#4702=CARTESIAN_POINT('Ctrl Pts',(12.6926406417985,-101.587723187613,17.9736248686399));
#4703=CARTESIAN_POINT('Ctrl Pts',(12.8715495236249,-101.892548309168,18.2702044436273));
#4704=CARTESIAN_POINT('Ctrl Pts',(13.0175061435592,-102.055096895771,18.449395189531));
#4705=CARTESIAN_POINT('Ctrl Pts',(13.3794631838596,-102.301327778422,18.7847858271681));
#4706=CARTESIAN_POINT('Ctrl Pts',(13.5953781776224,-102.384824910906,18.9412137823617));
#4707=CARTESIAN_POINT('Ctrl Pts',(14.0112441777485,-102.438062817138,19.1788738554461));
#4708=CARTESIAN_POINT('Ctrl Pts',(14.2308220056932,-102.423369297327,19.2791234435551));
#4709=CARTESIAN_POINT('Ctrl Pts',(14.5454643766114,-102.321075595541,19.3815742965476));
#4710=CARTESIAN_POINT('Ctrl Pts',(14.6481001475129,-102.274055797017,19.4081170484798));
#4711=CARTESIAN_POINT('Ctrl Pts',(14.8398086707826,-102.156699303722,19.4435166916688));
#4712=CARTESIAN_POINT('Ctrl Pts',(14.9288826843672,-102.086365895379,19.4523776476689));
#4713=CARTESIAN_POINT('Ctrl Pts',(15.0863730803649,-101.928875278746,19.4523776476689));
#4714=CARTESIAN_POINT('Ctrl Pts',(15.1567063639204,-101.839801166629,19.4435166916688));
#4715=CARTESIAN_POINT('Ctrl Pts',(15.2740625886421,-101.648092478949,19.4081170484798));
#4716=CARTESIAN_POINT('Ctrl Pts',(15.321082243379,-101.545456642176,19.3815742965476));
#4717=CARTESIAN_POINT('Ctrl Pts',(15.4233755043697,-101.23081412795,19.2791234435551));
#4718=CARTESIAN_POINT('Ctrl Pts',(15.4380687165642,-101.011236279421,19.1788738554461));
#4719=CARTESIAN_POINT('Ctrl Pts',(15.3848302277277,-100.595370353879,18.9412137823617));
#4720=CARTESIAN_POINT('Ctrl Pts',(15.3013327927595,-100.379455477091,18.7847858271681));
#4721=CARTESIAN_POINT('Ctrl Pts',(15.0551014030272,-100.017498781746,18.449395189531));
#4722=CARTESIAN_POINT('Ctrl Pts',(14.8925526119475,-99.8715423895334,18.2702044436272));
#4723=CARTESIAN_POINT('Ctrl Pts',(14.7213034822954,-99.7710326552275,18.103587755117));
#4724=CARTESIAN_POINT('Origin',(16.8000053147978,-96.999999999945,23.51));
#4725=CARTESIAN_POINT('',(16.8000053147978,-96.999999999945,23.51));
#4726=CARTESIAN_POINT('',(16.8000053147978,-96.999999999983,12.51));
#4727=CARTESIAN_POINT('',(16.8000053147441,-100.999994129686,23.51));
#4728=CARTESIAN_POINT('',(16.8000053147975,-100.999994129686,23.51));
#4729=CARTESIAN_POINT('',(16.8000053147441,-100.999994129686,23.51));
#4730=CARTESIAN_POINT('Origin',(14.0000000133614,-100.999994129686,23.51));
#4731=CARTESIAN_POINT('',(12.5750000133614,-100.999994129686,23.51));
#4732=CARTESIAN_POINT('',(12.5750000133614,-100.999994129686,23.51));
#4733=CARTESIAN_POINT('Origin',(14.0000000133614,-100.999994129686,23.51));
#4734=CARTESIAN_POINT('Origin',(14.0000000133614,-100.999994129529,23.51));
#4735=CARTESIAN_POINT('',(14.0000000133087,-103.799999430912,23.51));
#4736=CARTESIAN_POINT('Origin',(14.0000000133614,-100.999994129529,23.51));
#4737=CARTESIAN_POINT('',(14.0000000133087,-103.799999430912,23.51));
#4738=CARTESIAN_POINT('Origin',(14.0000000133087,-103.799999430912,23.51));
#4739=CARTESIAN_POINT('',(10.0000002796735,-103.799999430971,23.51));
#4740=CARTESIAN_POINT('',(14.0000000133087,-103.799999430912,23.51));
#4741=CARTESIAN_POINT('',(9.99999999999997,-103.799999430971,12.51));
#4742=CARTESIAN_POINT('Origin',(14.4999996363367,-96.999999999983,1.51));
#4743=CARTESIAN_POINT('',(14.4999996363367,-96.999999999983,-5.));
#4744=CARTESIAN_POINT('',(14.4999996363367,-96.999999999983,1.51));
#4745=CARTESIAN_POINT('',(69.500000160583,-96.999999999983,-5.));
#4746=CARTESIAN_POINT('',(28.2499998181891,-96.999999999983,-5.));
#4747=CARTESIAN_POINT('',(69.500000160583,-96.999999999983,23.51));
#4748=CARTESIAN_POINT('',(69.500000160583,-96.999999999983,1.51));
#4749=CARTESIAN_POINT('',(69.500000160583,-96.999999999983,23.51));
#4750=CARTESIAN_POINT('',(18.06,-96.999999999983,6.51));
#4751=CARTESIAN_POINT('',(18.06,-96.999999999983,1.51));
#4752=CARTESIAN_POINT('Origin',(18.06,-96.999999999983,4.01));
#4753=CARTESIAN_POINT('',(23.06,-96.999999999983,6.51));
#4754=CARTESIAN_POINT('',(17.5299998181684,-96.999999999983,6.51));
#4755=CARTESIAN_POINT('',(23.06,-96.999999999983,1.51));
#4756=CARTESIAN_POINT('Origin',(23.06,-96.999999999983,4.01));
#4757=CARTESIAN_POINT('',(17.5299998181684,-96.999999999983,1.51));
#4758=CARTESIAN_POINT('',(63.,-96.999999999983,1.51));
#4759=CARTESIAN_POINT('',(58.,-96.999999999983,1.51));
#4760=CARTESIAN_POINT('',(37.4999998181684,-96.999999999983,1.51));
#4761=CARTESIAN_POINT('',(58.,-96.999999999983,6.51));
#4762=CARTESIAN_POINT('Origin',(58.,-96.999999999983,4.01));
#4763=CARTESIAN_POINT('',(63.,-96.999999999983,6.51));
#4764=CARTESIAN_POINT('',(37.4999998181684,-96.999999999983,6.51));
#4765=CARTESIAN_POINT('Origin',(63.,-96.999999999983,4.01));
#4766=CARTESIAN_POINT('Origin',(73.9999999998634,-194.5,22.1162075480033));
#4767=CARTESIAN_POINT('',(73.9999999998634,-190.0000001605,17.2859482056222));
#4768=CARTESIAN_POINT('',(69.499999999997,-194.5,17.2859483401857));
#4769=CARTESIAN_POINT('Ctrl Pts',(74.0000000000829,-190.00000016072,17.285948205438));
#4770=CARTESIAN_POINT('Ctrl Pts',(74.0000000000563,-190.546785112215,16.8271411543049));
#4771=CARTESIAN_POINT('Ctrl Pts',(73.8948906138711,-191.126409188607,16.3329503266096));
#4772=CARTESIAN_POINT('Ctrl Pts',(73.5744367515188,-191.931990085349,15.6912007114401));
#4773=CARTESIAN_POINT('Ctrl Pts',(73.4433388747151,-192.188187132863,15.4956160595542));
#4774=CARTESIAN_POINT('Ctrl Pts',(73.1217882305228,-192.687144044923,15.1888342609465));
#4775=CARTESIAN_POINT('Ctrl Pts',(72.9343388625387,-192.929622262254,15.0740489574568));
#4776=CARTESIAN_POINT('Ctrl Pts',(72.4296222621696,-193.434338862599,15.0740489574568));
#4777=CARTESIAN_POINT('Ctrl Pts',(72.1871440448291,-193.621788230571,15.1888342609465));
#4778=CARTESIAN_POINT('Ctrl Pts',(71.6881871327536,-193.943338874739,15.4956160595542));
#4779=CARTESIAN_POINT('Ctrl Pts',(71.4319900852329,-194.07443675153,15.6912007114401));
#4780=CARTESIAN_POINT('Ctrl Pts',(70.6264091884758,-194.394890613843,16.3329503266097));
#4781=CARTESIAN_POINT('Ctrl Pts',(70.0467851120784,-194.5,16.8271411543049));
#4782=CARTESIAN_POINT('Ctrl Pts',(69.500000160583,-194.5,17.285948205438));
#4783=CARTESIAN_POINT('',(67.199994964915,-194.5,19.2158817168289));
#4784=CARTESIAN_POINT('',(63.743521235919,-194.499999999991,22.1162075480033));
#4785=CARTESIAN_POINT('',(67.1999949649687,-190.500005870255,20.1298537866936));
#4786=CARTESIAN_POINT('Ctrl Pts',(67.1999949649687,-190.500005870255,20.1298537866936));
#4787=CARTESIAN_POINT('Ctrl Pts',(67.1999949649212,-192.648305765146,19.215881716825));
#4788=CARTESIAN_POINT('Ctrl Pts',(67.199994964915,-194.5,19.2158817168289));
#4789=CARTESIAN_POINT('',(70.0000002664041,-187.70000056903,20.1298521177061));
#4790=CARTESIAN_POINT('Ctrl Pts',(67.1999949649687,-190.500005870255,20.1298537866936));
#4791=CARTESIAN_POINT('Ctrl Pts',(67.1999949649689,-190.497310496747,20.1310005055993));
#4792=CARTESIAN_POINT('Ctrl Pts',(67.1999988567474,-190.494614454583,20.1321455553386));
#4793=CARTESIAN_POINT('Ctrl Pts',(67.2007474304524,-190.235475301089,20.2420181480802));
#4794=CARTESIAN_POINT('Ctrl Pts',(67.2388942791667,-189.972945479349,20.3347336594033));
#4795=CARTESIAN_POINT('Ctrl Pts',(67.366716203914,-189.523245043943,20.4662191230203));
#4796=CARTESIAN_POINT('Ctrl Pts',(67.459458873639,-189.2978795146,20.5195233702864));
#4797=CARTESIAN_POINT('Ctrl Pts',(67.705433831405,-188.876915235267,20.5894828770351));
#4798=CARTESIAN_POINT('Ctrl Pts',(67.8588032651692,-188.681397625632,20.6061440888327));
#4799=CARTESIAN_POINT('Ctrl Pts',(68.1813890217942,-188.35881141707,20.6061440888327));
#4800=CARTESIAN_POINT('Ctrl Pts',(68.3769064165607,-188.205441709389,20.5894828770351));
#4801=CARTESIAN_POINT('Ctrl Pts',(68.797870351287,-187.95946616186,20.5195233702864));
#4802=CARTESIAN_POINT('Ctrl Pts',(69.0232357506986,-187.866723176402,20.4662191230203));
#4803=CARTESIAN_POINT('Ctrl Pts',(69.4729360070286,-187.738900621633,20.3347336594033));
#4804=CARTESIAN_POINT('Ctrl Pts',(69.7354657753245,-187.700753405119,20.2420181480802));
#4805=CARTESIAN_POINT('Ctrl Pts',(69.9946062360582,-187.700004464583,20.1321450006364));
#4806=CARTESIAN_POINT('Ctrl Pts',(69.9973035858883,-187.70000056903,20.1309993945612));
#4807=CARTESIAN_POINT('Ctrl Pts',(70.0000002664041,-187.70000056903,20.1298521177061));
#4808=CARTESIAN_POINT('',(74.0000000000393,-187.70000056897,19.2158770145829));
#4809=CARTESIAN_POINT('Ctrl Pts',(74.0000000000393,-187.70000056897,19.2158770145829));
#4810=CARTESIAN_POINT('Ctrl Pts',(72.1483037397981,-187.700000568998,19.2158770145628));
#4811=CARTESIAN_POINT('Ctrl Pts',(70.0000002664041,-187.70000056903,20.1298521177061));
#4812=CARTESIAN_POINT('',(74.0000000000361,-184.243521236056,22.1162075480033));
#4813=CARTESIAN_POINT('',(69.2786967974174,-191.728967344714,18.103587755117));
#4814=CARTESIAN_POINT('',(71.4250002663514,-190.500005870261,17.5017316776851));
#4815=CARTESIAN_POINT('Ctrl Pts',(69.2786967974174,-191.728967344714,18.103587755117));
#4816=CARTESIAN_POINT('Ctrl Pts',(69.4122730399611,-191.807366065192,17.9736248686399));
#4817=CARTESIAN_POINT('Ctrl Pts',(69.5706751201999,-191.86956261047,17.8323326217641));
#4818=CARTESIAN_POINT('Ctrl Pts',(69.9077013428012,-191.932307143914,17.5634885179012));
#4819=CARTESIAN_POINT('Ctrl Pts',(70.0863284947192,-191.932995037402,17.4359731051611));
#4820=CARTESIAN_POINT('Ctrl Pts',(70.3811930876455,-191.878822639733,17.2586605272308));
#4821=CARTESIAN_POINT('Ctrl Pts',(70.5177338213669,-191.835724301587,17.1873702991583));
#4822=CARTESIAN_POINT('Ctrl Pts',(70.7792695669769,-191.702058821941,17.0880994541369));
#4823=CARTESIAN_POINT('Ctrl Pts',(70.9043035242896,-191.61095708345,17.0609436988136));
#4824=CARTESIAN_POINT('Ctrl Pts',(71.1109527464226,-191.404307571813,17.0609436988136));
#4825=CARTESIAN_POINT('Ctrl Pts',(71.2020543097475,-191.279273486872,17.0880994541369));
#4826=CARTESIAN_POINT('Ctrl Pts',(71.3357194229967,-191.017737554005,17.1873702991583));
#4827=CARTESIAN_POINT('Ctrl Pts',(71.3788175698575,-190.881196759905,17.2586605272308));
#4828=CARTESIAN_POINT('Ctrl Pts',(71.4171051922325,-190.672792597145,17.3839813379557));
#4829=CARTESIAN_POINT('Ctrl Pts',(71.4250002663507,-190.586232402474,17.4408949292403));
#4830=CARTESIAN_POINT('Ctrl Pts',(71.4250002663514,-190.500005870267,17.5017316776851));
#4831=CARTESIAN_POINT('Ctrl Pts',(71.4250002663514,-190.500005870267,17.5017316776851));
#4832=CARTESIAN_POINT('Ctrl Pts',(71.4250002663522,-190.411989426165,17.5638312905511));
#4833=CARTESIAN_POINT('Ctrl Pts',(71.4167762964043,-190.324313932145,17.6300091182475));
#4834=CARTESIAN_POINT('Ctrl Pts',(71.3695564051047,-190.070678805433,17.8323326217641));
#4835=CARTESIAN_POINT('Ctrl Pts',(71.3073596379143,-189.912276812329,17.9736248686399));
#4836=CARTESIAN_POINT('Ctrl Pts',(71.128450756088,-189.607451690774,18.2702044436273));
#4837=CARTESIAN_POINT('Ctrl Pts',(70.9824941361536,-189.444903104171,18.449395189531));
#4838=CARTESIAN_POINT('Ctrl Pts',(70.6205370958532,-189.198672221519,18.7847858271681));
#4839=CARTESIAN_POINT('Ctrl Pts',(70.4046221020904,-189.115175089036,18.9412137823617));
#4840=CARTESIAN_POINT('Ctrl Pts',(69.9887561019644,-189.061937182803,19.1788738554461));
#4841=CARTESIAN_POINT('Ctrl Pts',(69.7691782740196,-189.076630702614,19.2791234435551));
#4842=CARTESIAN_POINT('Ctrl Pts',(69.4545359031014,-189.178924404401,19.3815742965476));
#4843=CARTESIAN_POINT('Ctrl Pts',(69.3519001321999,-189.225944202925,19.4081170484798));
#4844=CARTESIAN_POINT('Ctrl Pts',(69.1601916089302,-189.343300696219,19.4435166916688));
#4845=CARTESIAN_POINT('Ctrl Pts',(69.0711175953456,-189.413634104562,19.4523776476689));
#4846=CARTESIAN_POINT('Ctrl Pts',(68.9136271993479,-189.571124721195,19.4523776476689));
#4847=CARTESIAN_POINT('Ctrl Pts',(68.8432939157924,-189.660198833313,19.4435166916688));
#4848=CARTESIAN_POINT('Ctrl Pts',(68.7259376910707,-189.851907520992,19.4081170484798));
#4849=CARTESIAN_POINT('Ctrl Pts',(68.6789180363338,-189.954543357766,19.3815742965476));
#4850=CARTESIAN_POINT('Ctrl Pts',(68.5766247753431,-190.269185871991,19.2791234435551));
#4851=CARTESIAN_POINT('Ctrl Pts',(68.5619315631486,-190.48876372052,19.1788738554461));
#4852=CARTESIAN_POINT('Ctrl Pts',(68.6151700519851,-190.904629646063,18.9412137823617));
#4853=CARTESIAN_POINT('Ctrl Pts',(68.6986674869533,-191.120544522851,18.7847858271681));
#4854=CARTESIAN_POINT('Ctrl Pts',(68.9448988766856,-191.482501218195,18.449395189531));
#4855=CARTESIAN_POINT('Ctrl Pts',(69.1074476677653,-191.628457610408,18.2702044436273));
#4856=CARTESIAN_POINT('Ctrl Pts',(69.2786967974174,-191.728967344714,18.103587755117));
#4857=CARTESIAN_POINT('Origin',(67.199994964915,-194.499999999997,23.51));
#4858=CARTESIAN_POINT('',(67.199994964915,-194.499999999997,23.51));
#4859=CARTESIAN_POINT('',(67.199994964915,-194.499999999997,12.51));
#4860=CARTESIAN_POINT('',(67.1999949649687,-190.500005870255,23.51));
#4861=CARTESIAN_POINT('',(67.1999949649154,-190.500005870255,23.51));
#4862=CARTESIAN_POINT('',(67.1999949649687,-190.500005870255,23.51));
#4863=CARTESIAN_POINT('Origin',(70.0000002663514,-190.500005870255,23.51));
#4864=CARTESIAN_POINT('',(71.4250002663514,-190.500005870255,23.51));
#4865=CARTESIAN_POINT('',(71.4250002663514,-190.500005870255,23.51));
#4866=CARTESIAN_POINT('Origin',(70.0000002663514,-190.500005870255,23.51));
#4867=CARTESIAN_POINT('Origin',(70.0000002663514,-190.500005870412,23.51));
#4868=CARTESIAN_POINT('',(70.0000002664041,-187.70000056903,23.51));
#4869=CARTESIAN_POINT('Origin',(70.0000002663514,-190.500005870412,23.51));
#4870=CARTESIAN_POINT('',(70.0000002664041,-187.70000056903,23.51));
#4871=CARTESIAN_POINT('Origin',(70.0000002664041,-187.70000056903,23.51));
#4872=CARTESIAN_POINT('',(74.0000000000393,-187.70000056897,23.51));
#4873=CARTESIAN_POINT('',(70.0000002664041,-187.70000056903,23.51));
#4874=CARTESIAN_POINT('',(74.0000000000393,-187.70000056897,12.51));
#4875=CARTESIAN_POINT('Origin',(69.499999999997,-194.5,1.51));
#4876=CARTESIAN_POINT('',(69.499999999997,-194.5,-5.));
#4877=CARTESIAN_POINT('',(69.499999999997,-194.5,1.51));
#4878=CARTESIAN_POINT('',(59.9,-194.499999999986,-5.));
#4879=CARTESIAN_POINT('',(55.7499999999824,-194.499999999979,-5.));
#4880=CARTESIAN_POINT('',(59.9,-194.499999999986,-4.5));
#4881=CARTESIAN_POINT('',(59.9,-194.499999999986,-1.745));
#4882=CARTESIAN_POINT('',(54.1,-194.499999999977,-4.5));
#4883=CARTESIAN_POINT('',(63.2499999999835,-194.499999999991,-4.5));
#4884=CARTESIAN_POINT('',(54.1,-194.499999999977,-5.));
#4885=CARTESIAN_POINT('',(54.1,-194.499999999977,-1.745));
#4886=CARTESIAN_POINT('',(44.9,-194.499999999963,-5.));
#4887=CARTESIAN_POINT('',(55.7499999999824,-194.499999999979,-5.));
#4888=CARTESIAN_POINT('',(44.9,-194.499999999963,-4.5));
#4889=CARTESIAN_POINT('',(44.9,-194.499999999963,-1.745));
#4890=CARTESIAN_POINT('',(39.1,-194.499999999954,-4.5));
#4891=CARTESIAN_POINT('',(55.7499999999835,-194.499999999979,-4.5));
#4892=CARTESIAN_POINT('',(39.1,-194.499999999954,-5.));
#4893=CARTESIAN_POINT('',(39.1,-194.499999999954,-1.745));
#4894=CARTESIAN_POINT('',(29.9,-194.49999999994,-5.));
#4895=CARTESIAN_POINT('',(55.7499999999824,-194.499999999979,-5.));
#4896=CARTESIAN_POINT('',(29.9,-194.49999999994,-4.5));
#4897=CARTESIAN_POINT('',(29.9,-194.49999999994,-1.745));
#4898=CARTESIAN_POINT('',(24.1,-194.499999999932,-4.5));
#4899=CARTESIAN_POINT('',(48.2499999999835,-194.499999999968,-4.5));
#4900=CARTESIAN_POINT('',(24.1,-194.499999999932,-5.));
#4901=CARTESIAN_POINT('',(24.1,-194.499999999932,-1.745));
#4902=CARTESIAN_POINT('',(14.5000000963491,-194.499999999917,-5.));
#4903=CARTESIAN_POINT('',(55.7499999999824,-194.499999999979,-5.));
#4904=CARTESIAN_POINT('',(14.5000000963491,-194.499999999917,23.51));
#4905=CARTESIAN_POINT('',(14.5000000963491,-194.499999999917,1.51));
#4906=CARTESIAN_POINT('',(36.4999999983839,-194.49999999995,23.51));
#4907=CARTESIAN_POINT('',(14.5000000963491,-194.499999999917,23.51));
#4908=CARTESIAN_POINT('',(36.4999999983839,-194.49999999995,15.01));
#4909=CARTESIAN_POINT('',(36.4999999983839,-194.49999999995,7.01));
#4910=CARTESIAN_POINT('',(38.9999999983839,-194.499999999954,12.51));
#4911=CARTESIAN_POINT('Origin',(38.9999999983839,-194.5,15.01));
#4912=CARTESIAN_POINT('',(46.9999999983839,-194.499999999966,12.51));
#4913=CARTESIAN_POINT('',(59.4999999991914,-194.499999999985,12.51));
#4914=CARTESIAN_POINT('',(49.4999999983839,-194.49999999997,15.01));
#4915=CARTESIAN_POINT('Origin',(46.9999999983839,-194.5,15.01));
#4916=CARTESIAN_POINT('',(49.4999999983839,-194.49999999997,23.51));
#4917=CARTESIAN_POINT('',(49.4999999983839,-194.49999999997,12.51));
#4918=CARTESIAN_POINT('',(14.5000000963491,-194.499999999917,23.51));
#4919=CARTESIAN_POINT('Origin',(20.56,-97.3999826604382,6.51));
#4920=CARTESIAN_POINT('',(23.06,-95.799999999983,6.51));
#4921=CARTESIAN_POINT('',(23.06,-98.1999739906657,6.51));
#4922=CARTESIAN_POINT('',(18.06,-95.799999999983,6.51));
#4923=CARTESIAN_POINT('',(18.06,-96.5999913302106,6.51));
#4924=CARTESIAN_POINT('',(17.28,-95.799999999983,6.51));
#4925=CARTESIAN_POINT('Origin',(23.06,-98.1999739906657,4.01));
#4926=CARTESIAN_POINT('',(23.06,-95.799999999983,1.51));
#4927=CARTESIAN_POINT('Origin',(23.06,-95.799999999983,4.01));
#4928=CARTESIAN_POINT('',(23.06,-98.1999739906657,1.51));
#4929=CARTESIAN_POINT('Origin',(20.56,-97.3999826604382,1.51));
#4930=CARTESIAN_POINT('',(18.06,-95.799999999983,1.51));
#4931=CARTESIAN_POINT('',(17.28,-95.799999999983,1.51));
#4932=CARTESIAN_POINT('',(18.06,-96.5999913302106,1.51));
#4933=CARTESIAN_POINT('Origin',(18.06,-96.5999913302106,4.01));
#4934=CARTESIAN_POINT('Origin',(18.06,-95.799999999983,4.01));
#4935=CARTESIAN_POINT('Origin',(60.5,-97.3999984215083,6.51));
#4936=CARTESIAN_POINT('',(58.,-95.799999999983,6.51));
#4937=CARTESIAN_POINT('',(58.,-96.5999992107457,6.51));
#4938=CARTESIAN_POINT('',(63.,-95.799999999983,6.51));
#4939=CARTESIAN_POINT('',(37.25,-95.799999999983,6.51));
#4940=CARTESIAN_POINT('',(63.,-98.1999976322709,6.51));
#4941=CARTESIAN_POINT('Origin',(58.,-96.5999992107457,4.01));
#4942=CARTESIAN_POINT('',(58.,-95.799999999983,1.51));
#4943=CARTESIAN_POINT('',(58.,-96.5999992107457,1.51));
#4944=CARTESIAN_POINT('Origin',(58.,-95.799999999983,4.01));
#4945=CARTESIAN_POINT('Origin',(60.5,-97.3999984215083,1.51));
#4946=CARTESIAN_POINT('',(63.,-95.799999999983,1.51));
#4947=CARTESIAN_POINT('',(63.,-98.1999976322709,1.51));
#4948=CARTESIAN_POINT('',(37.25,-95.799999999983,1.51));
#4949=CARTESIAN_POINT('Origin',(63.,-98.1999976322709,4.01));
#4950=CARTESIAN_POINT('Origin',(63.,-95.799999999983,4.01));
#4951=CARTESIAN_POINT('Origin',(10.4000001353582,-164.070000000045,1.51));
#4952=CARTESIAN_POINT('',(10.,-181.57,1.51));
#4953=CARTESIAN_POINT('',(8.8000005064226,-181.57,1.51));
#4954=CARTESIAN_POINT('',(9.60000032874724,-181.57,1.51));
#4955=CARTESIAN_POINT('',(10.,-146.570000000116,1.51));
#4956=CARTESIAN_POINT('',(10.,-177.035000120894,1.51));
#4957=CARTESIAN_POINT('',(8.80000028643014,-146.570000000132,1.51));
#4958=CARTESIAN_POINT('',(11.20000006758,-146.5700000001,1.51));
#4959=CARTESIAN_POINT('',(8.8000004779258,-177.036262765712,1.51));
#4960=CARTESIAN_POINT('Origin',(9.60000032874724,-181.57,4.01));
#4961=CARTESIAN_POINT('',(8.8000005064226,-181.57,6.51));
#4962=CARTESIAN_POINT('Origin',(8.8000005064226,-181.57,4.01));
#4963=CARTESIAN_POINT('',(10.,-181.57,6.51));
#4964=CARTESIAN_POINT('',(9.60000032874724,-181.57,6.51));
#4965=CARTESIAN_POINT('Origin',(10.0000000000001,-181.57,4.01));
#4966=CARTESIAN_POINT('Origin',(10.4000001353582,-164.070000000045,6.51));
#4967=CARTESIAN_POINT('',(8.80000028643014,-146.570000000132,6.51));
#4968=CARTESIAN_POINT('',(8.8000004779258,-177.036262765712,6.51));
#4969=CARTESIAN_POINT('',(10.,-146.570000000116,6.51));
#4970=CARTESIAN_POINT('',(11.20000006758,-146.5700000001,6.51));
#4971=CARTESIAN_POINT('',(10.,-177.035000120894,6.51));
#4972=CARTESIAN_POINT('Origin',(11.20000006758,-146.5700000001,4.01));
#4973=CARTESIAN_POINT('Origin',(8.80000028643014,-146.570000000132,4.01));
#4974=CARTESIAN_POINT('Origin',(9.99999999942653,-146.570000000116,4.01));
#4975=CARTESIAN_POINT('Origin',(74.5000005736947,-164.07,6.51));
#4976=CARTESIAN_POINT('',(75.2000000000008,-146.57,6.51));
#4977=CARTESIAN_POINT('',(74.0000000000008,-146.57,6.51));
#4978=CARTESIAN_POINT('',(75.7500008605421,-146.57,6.51));
#4979=CARTESIAN_POINT('',(75.2000000000336,-181.57,6.51));
#4980=CARTESIAN_POINT('',(75.1999999999879,-132.785011106438,6.51));
#4981=CARTESIAN_POINT('',(74.0000000000336,-181.57,6.51));
#4982=CARTESIAN_POINT('',(73.2500002868474,-181.57,6.51));
#4983=CARTESIAN_POINT('',(73.9999999999878,-132.785,6.51));
#4984=CARTESIAN_POINT('Origin',(74.5000005736947,-164.07,1.51));
#4985=CARTESIAN_POINT('',(75.2000000000336,-181.57,1.51));
#4986=CARTESIAN_POINT('',(74.0000000000336,-181.57,1.51));
#4987=CARTESIAN_POINT('',(73.2500002868474,-181.57,1.51));
#4988=CARTESIAN_POINT('',(75.2000000000008,-146.57,1.51));
#4989=CARTESIAN_POINT('',(75.1999999999879,-132.785011106438,1.51));
#4990=CARTESIAN_POINT('',(74.0000000000008,-146.57,1.51));
#4991=CARTESIAN_POINT('',(75.7500008605421,-146.57,1.51));
#4992=CARTESIAN_POINT('',(73.9999999999878,-132.785,1.51));
#4993=CARTESIAN_POINT('Origin',(73.2500002868474,-181.57,4.01));
#4994=CARTESIAN_POINT('Origin',(73.9999999999585,-181.57,4.01));
#4995=CARTESIAN_POINT('Origin',(75.1999999999585,-181.57,4.01));
#4996=CARTESIAN_POINT('Origin',(75.7500008605421,-146.57,4.01));
#4997=CARTESIAN_POINT('Origin',(73.9999999999585,-146.57,4.01));
#4998=CARTESIAN_POINT('Origin',(75.1999999999585,-146.57,4.01));
#4999=CARTESIAN_POINT('Origin',(46.9999999983839,-195.699999999895,15.01));
#5000=CARTESIAN_POINT('',(46.9999999983839,-195.699999999966,12.51));
#5001=CARTESIAN_POINT('',(49.4999999983839,-195.69999999997,15.01));
#5002=CARTESIAN_POINT('Origin',(46.9999999983839,-195.7,15.01));
#5003=CARTESIAN_POINT('',(49.4999999983839,-195.699999999895,15.01));
#5004=CARTESIAN_POINT('',(46.9999999983839,-195.699999999895,12.51));
#5005=CARTESIAN_POINT('Origin',(49.4999999983839,-195.699999999895,23.51));
#5006=CARTESIAN_POINT('',(49.4999999983839,-195.699999999895,23.51));
#5007=CARTESIAN_POINT('',(49.4999999983839,-195.69999999997,9.255));
#5008=CARTESIAN_POINT('',(49.4999999983839,-170.724999999943,23.51));
#5009=CARTESIAN_POINT('Origin',(38.9999999983839,-195.699999999895,15.01));
#5010=CARTESIAN_POINT('',(36.4999999983839,-195.69999999995,15.01));
#5011=CARTESIAN_POINT('',(38.9999999983839,-195.699999999954,12.51));
#5012=CARTESIAN_POINT('Origin',(38.9999999983839,-195.7,15.01));
#5013=CARTESIAN_POINT('',(38.9999999983839,-195.699999999895,12.51));
#5014=CARTESIAN_POINT('',(36.4999999983839,-195.699999999895,15.01));
#5015=CARTESIAN_POINT('Origin',(49.4999999983839,-195.699999999895,12.51));
#5016=CARTESIAN_POINT('',(59.4999999977271,-195.699999999985,12.51));
#5017=CARTESIAN_POINT('Origin',(36.4999999983839,-195.699999999895,12.51));
#5018=CARTESIAN_POINT('',(36.4999999983839,-195.699999999895,23.51));
#5019=CARTESIAN_POINT('',(36.4999999983839,-170.724999999943,23.51));
#5020=CARTESIAN_POINT('',(36.4999999983839,-195.69999999995,3.755));
#5021=CARTESIAN_POINT('Origin',(69.4999999970703,-195.7,-5.));
#5022=CARTESIAN_POINT('',(14.5000004523535,-195.699999999917,23.51));
#5023=CARTESIAN_POINT('',(14.5000004523535,-195.699999999917,23.51));
#5024=CARTESIAN_POINT('',(14.5000004523535,-195.699999999917,-6.5));
#5025=CARTESIAN_POINT('',(14.5000004523535,-195.699999999917,-5.));
#5026=CARTESIAN_POINT('',(69.4999999970703,-195.7,-6.5));
#5027=CARTESIAN_POINT('',(55.7499999985182,-195.699999999979,-6.5));
#5028=CARTESIAN_POINT('',(69.4999999970703,-195.7,23.51));
#5029=CARTESIAN_POINT('',(69.4999999970703,-195.7,-5.));
#5030=CARTESIAN_POINT('',(14.5000004523535,-195.699999999917,23.51));
#5031=CARTESIAN_POINT('Origin',(10.,-190.000000241742,1.51));
#5032=CARTESIAN_POINT('',(10.,-190.000000241742,23.51));
#5033=CARTESIAN_POINT('',(9.99999999999997,-101.49999963632,23.51));
#5034=CARTESIAN_POINT('',(10.,-190.000000241742,-5.));
#5035=CARTESIAN_POINT('',(10.,-190.000000241742,1.51));
#5036=CARTESIAN_POINT('',(9.99999999999995,-101.49999963632,-5.));
#5037=CARTESIAN_POINT('',(10.,-167.875000120866,-5.));
#5038=CARTESIAN_POINT('',(9.99999999999995,-101.49999963632,1.51));
#5039=CARTESIAN_POINT('Origin',(14.499999839417,-190.0000001605,1.51));
#5040=CARTESIAN_POINT('Origin',(14.499999839417,-190.0000001605,23.51));
#5041=CARTESIAN_POINT('Origin',(14.499999839417,-190.0000001605,-5.));
#5042=CARTESIAN_POINT('Origin',(69.500000160583,-190.0000001605,1.51));
#5043=CARTESIAN_POINT('',(74.0000000000415,-189.9999999037,-5.));
#5044=CARTESIAN_POINT('',(74.0000000000415,-189.9999999037,1.51));
#5045=CARTESIAN_POINT('Origin',(69.500000160583,-190.0000001605,-5.));
#5046=CARTESIAN_POINT('Origin',(73.9999999999585,-101.5,1.51));
#5047=CARTESIAN_POINT('',(73.9999999999585,-101.5,23.51));
#5048=CARTESIAN_POINT('',(74.0000000000415,-189.9999999037,23.51));
#5049=CARTESIAN_POINT('',(73.9999999999585,-101.5,-5.));
#5050=CARTESIAN_POINT('',(73.9999999999585,-101.5,1.51));
#5051=CARTESIAN_POINT('',(73.9999999999793,-123.62499999998,-5.));
#5052=CARTESIAN_POINT('Origin',(69.500000160583,-101.4999998394,1.51));
#5053=CARTESIAN_POINT('Origin',(69.500000160583,-101.4999998394,23.51));
#5054=CARTESIAN_POINT('Origin',(69.500000160583,-101.4999998394,-5.));
#5055=CARTESIAN_POINT('Origin',(14.4999996363367,-101.49999963632,1.51));
#5056=CARTESIAN_POINT('Origin',(14.4999996363367,-101.49999963632,-5.));
#5057=CARTESIAN_POINT('Origin',(42.0000000000415,-145.749999999991,23.51));
#5058=CARTESIAN_POINT('',(75.2000000000415,-189.999978412505,23.51));
#5059=CARTESIAN_POINT('Origin',(69.500000160583,-190.0000001605,23.51));
#5060=CARTESIAN_POINT('',(75.1999999999585,-101.500022212876,23.51));
#5061=CARTESIAN_POINT('',(75.2000000000415,-189.999978412505,23.51));
#5062=CARTESIAN_POINT('',(69.5000025686571,-95.799999999983,23.51));
#5063=CARTESIAN_POINT('Origin',(69.500000160583,-101.4999998394,23.51));
#5064=CARTESIAN_POINT('',(14.,-95.799999999983,23.51));
#5065=CARTESIAN_POINT('',(69.5000025686571,-95.799999999983,23.51));
#5066=CARTESIAN_POINT('',(8.79999999999997,-100.999999999983,23.51));
#5067=CARTESIAN_POINT('Origin',(14.,-100.999999999983,23.51));
#5068=CARTESIAN_POINT('',(8.80000055942523,-190.002525521322,23.51));
#5069=CARTESIAN_POINT('',(8.79999999999997,-100.999999999983,23.51));
#5070=CARTESIAN_POINT('Origin',(14.499999839417,-190.0000001605,23.51));
#5071=CARTESIAN_POINT('Origin',(54.1,-154.499999999936,-5.));
#5072=CARTESIAN_POINT('',(54.1,-154.499999999936,-4.5));
#5073=CARTESIAN_POINT('',(54.1,-184.649999999936,-4.5));
#5074=CARTESIAN_POINT('',(54.1,-154.499999999936,-5.));
#5075=CARTESIAN_POINT('',(54.1,-154.499999999936,-5.));
#5076=CARTESIAN_POINT('',(54.1,-150.124999999963,-5.));
#5077=CARTESIAN_POINT('Origin',(57.,-174.599999999936,-4.5));
#5078=CARTESIAN_POINT('',(59.9,-154.499999999936,-4.5));
#5079=CARTESIAN_POINT('',(59.9,-164.549999999936,-4.5));
#5080=CARTESIAN_POINT('',(55.55,-154.499999999936,-4.5));
#5081=CARTESIAN_POINT('',(58.75,-183.599999999936,-4.5));
#5082=CARTESIAN_POINT('Origin',(57.,-183.599999999936,-4.5));
#5083=CARTESIAN_POINT('',(58.75,-165.599999999936,-4.5));
#5084=CARTESIAN_POINT('Origin',(57.,-165.599999999936,-4.5));
#5085=CARTESIAN_POINT('',(58.75,-174.599999999936,-4.5));
#5086=CARTESIAN_POINT('Origin',(57.,-174.599999999936,-4.5));
#5087=CARTESIAN_POINT('Origin',(59.9,-194.699999999936,-5.));
#5088=CARTESIAN_POINT('',(59.9,-154.499999999936,-5.));
#5089=CARTESIAN_POINT('',(59.9,-170.224999999963,-5.));
#5090=CARTESIAN_POINT('',(59.9,-154.499999999936,-5.));
#5091=CARTESIAN_POINT('Origin',(42.0000000000415,-145.749999999991,-5.));
#5092=CARTESIAN_POINT('',(50.9500000000208,-154.499999999936,-5.));
#5093=CARTESIAN_POINT('',(24.1,-154.499999999936,-5.));
#5094=CARTESIAN_POINT('',(24.1,-150.124999999963,-5.));
#5095=CARTESIAN_POINT('',(29.9,-154.499999999936,-5.));
#5096=CARTESIAN_POINT('',(35.9500000000207,-154.499999999936,-5.));
#5097=CARTESIAN_POINT('',(29.9,-170.224999999963,-5.));
#5098=CARTESIAN_POINT('',(39.1,-154.499999999936,-5.));
#5099=CARTESIAN_POINT('',(39.1,-150.124999999963,-5.));
#5100=CARTESIAN_POINT('',(44.9,-154.499999999936,-5.));
#5101=CARTESIAN_POINT('',(43.4500000000208,-154.499999999936,-5.));
#5102=CARTESIAN_POINT('',(44.9,-170.224999999963,-5.));
#5103=CARTESIAN_POINT('',(20.51,-122.96,-5.));
#5104=CARTESIAN_POINT('Origin',(16.51,-122.96,-5.));
#5105=CARTESIAN_POINT('',(70.51,-187.96,-5.));
#5106=CARTESIAN_POINT('Origin',(66.51,-187.96,-5.));
#5107=CARTESIAN_POINT('',(20.51,-187.96,-5.));
#5108=CARTESIAN_POINT('Origin',(16.51,-187.96,-5.));
#5109=CARTESIAN_POINT('',(70.51,-122.96,-5.));
#5110=CARTESIAN_POINT('Origin',(66.51,-122.96,-5.));
#5111=CARTESIAN_POINT('Origin',(59.9,-154.499999999936,-5.));
#5112=CARTESIAN_POINT('Origin',(39.1,-154.499999999936,-5.));
#5113=CARTESIAN_POINT('',(39.1,-154.499999999936,-4.5));
#5114=CARTESIAN_POINT('',(39.1,-184.649999999936,-4.5));
#5115=CARTESIAN_POINT('',(39.1,-154.499999999936,-5.));
#5116=CARTESIAN_POINT('Origin',(44.9,-154.499999999936,-5.));
#5117=CARTESIAN_POINT('',(44.9,-154.499999999936,-4.5));
#5118=CARTESIAN_POINT('',(40.55,-154.499999999936,-4.5));
#5119=CARTESIAN_POINT('',(44.9,-154.499999999936,-5.));
#5120=CARTESIAN_POINT('Origin',(44.9,-194.699999999936,-5.));
#5121=CARTESIAN_POINT('',(44.9,-164.549999999936,-4.5));
#5122=CARTESIAN_POINT('Origin',(42.,-174.599999999936,-4.5));
#5123=CARTESIAN_POINT('',(43.75,-174.599999999936,-4.5));
#5124=CARTESIAN_POINT('Origin',(42.,-174.599999999936,-4.5));
#5125=CARTESIAN_POINT('',(43.75,-165.599999999936,-4.5));
#5126=CARTESIAN_POINT('Origin',(42.,-165.599999999936,-4.5));
#5127=CARTESIAN_POINT('',(43.75,-183.599999999936,-4.5));
#5128=CARTESIAN_POINT('Origin',(42.,-183.599999999936,-4.5));
#5129=CARTESIAN_POINT('Origin',(57.,-183.599999999936,-5.));
#5130=CARTESIAN_POINT('',(58.75,-183.599999999936,-6.5));
#5131=CARTESIAN_POINT('',(58.75,-183.599999999936,-5.));
#5132=CARTESIAN_POINT('Origin',(57.,-183.599999999936,-6.5));
#5133=CARTESIAN_POINT('Origin',(57.,-165.599999999936,-5.));
#5134=CARTESIAN_POINT('',(58.75,-165.599999999936,-6.5));
#5135=CARTESIAN_POINT('',(58.75,-165.599999999936,-5.));
#5136=CARTESIAN_POINT('Origin',(57.,-165.599999999936,-6.5));
#5137=CARTESIAN_POINT('Origin',(57.,-174.599999999936,-5.));
#5138=CARTESIAN_POINT('',(58.75,-174.599999999936,-6.5));
#5139=CARTESIAN_POINT('',(58.75,-174.599999999936,-5.));
#5140=CARTESIAN_POINT('Origin',(57.,-174.599999999936,-6.5));
#5141=CARTESIAN_POINT('Origin',(42.,-183.599999999936,-5.));
#5142=CARTESIAN_POINT('',(43.75,-183.599999999936,-6.5));
#5143=CARTESIAN_POINT('',(43.75,-183.599999999936,-5.));
#5144=CARTESIAN_POINT('Origin',(42.,-183.599999999936,-6.5));
#5145=CARTESIAN_POINT('Origin',(42.,-165.599999999936,-5.));
#5146=CARTESIAN_POINT('',(43.75,-165.599999999936,-6.5));
#5147=CARTESIAN_POINT('',(43.75,-165.599999999936,-5.));
#5148=CARTESIAN_POINT('Origin',(42.,-165.599999999936,-6.5));
#5149=CARTESIAN_POINT('Origin',(42.,-174.599999999936,-5.));
#5150=CARTESIAN_POINT('',(43.75,-174.599999999936,-6.5));
#5151=CARTESIAN_POINT('',(43.75,-174.599999999936,-5.));
#5152=CARTESIAN_POINT('Origin',(42.,-174.599999999936,-6.5));
#5153=CARTESIAN_POINT('Origin',(24.1,-154.499999999936,-5.));
#5154=CARTESIAN_POINT('',(24.1,-154.499999999936,-4.5));
#5155=CARTESIAN_POINT('',(24.1,-184.649999999936,-4.5));
#5156=CARTESIAN_POINT('',(24.1,-154.499999999936,-5.));
#5157=CARTESIAN_POINT('Origin',(29.9,-154.499999999936,-5.));
#5158=CARTESIAN_POINT('',(29.9,-154.499999999936,-4.5));
#5159=CARTESIAN_POINT('',(25.55,-154.499999999936,-4.5));
#5160=CARTESIAN_POINT('',(29.9,-154.499999999936,-5.));
#5161=CARTESIAN_POINT('Origin',(29.9,-194.699999999936,-5.));
#5162=CARTESIAN_POINT('',(29.9,-164.549999999936,-4.5));
#5163=CARTESIAN_POINT('Origin',(27.,-174.599999999936,-4.5));
#5164=CARTESIAN_POINT('',(28.75,-174.599999999936,-4.5));
#5165=CARTESIAN_POINT('Origin',(27.,-174.599999999936,-4.5));
#5166=CARTESIAN_POINT('',(28.75,-165.599999999936,-4.5));
#5167=CARTESIAN_POINT('Origin',(27.,-165.599999999936,-4.5));
#5168=CARTESIAN_POINT('',(28.75,-183.599999999936,-4.5));
#5169=CARTESIAN_POINT('Origin',(27.,-183.599999999936,-4.5));
#5170=CARTESIAN_POINT('Origin',(27.,-165.599999999936,-5.));
#5171=CARTESIAN_POINT('',(28.75,-165.599999999936,-6.5));
#5172=CARTESIAN_POINT('',(28.75,-165.599999999936,-5.));
#5173=CARTESIAN_POINT('Origin',(27.,-165.599999999936,-6.5));
#5174=CARTESIAN_POINT('Origin',(27.,-174.599999999936,-5.));
#5175=CARTESIAN_POINT('',(28.75,-174.599999999936,-6.5));
#5176=CARTESIAN_POINT('',(28.75,-174.599999999936,-5.));
#5177=CARTESIAN_POINT('Origin',(27.,-174.599999999936,-6.5));
#5178=CARTESIAN_POINT('Origin',(27.,-183.599999999936,-5.));
#5179=CARTESIAN_POINT('',(28.75,-183.599999999936,-6.5));
#5180=CARTESIAN_POINT('',(28.75,-183.599999999936,-5.));
#5181=CARTESIAN_POINT('Origin',(27.,-183.599999999936,-6.5));
#5182=CARTESIAN_POINT('Origin',(42.0000000000415,-145.749999999991,-5.));
#5183=CARTESIAN_POINT('',(17.935,-122.96,-5.));
#5184=CARTESIAN_POINT('Origin',(16.51,-122.96,-5.));
#5185=CARTESIAN_POINT('Origin',(42.0000000000415,-145.749999999991,-5.));
#5186=CARTESIAN_POINT('',(67.935,-187.96,-5.));
#5187=CARTESIAN_POINT('Origin',(66.51,-187.96,-5.));
#5188=CARTESIAN_POINT('Origin',(42.0000000000415,-145.749999999991,-5.));
#5189=CARTESIAN_POINT('',(17.935,-187.96,-5.));
#5190=CARTESIAN_POINT('Origin',(16.51,-187.96,-5.));
#5191=CARTESIAN_POINT('Origin',(42.0000000000415,-145.749999999991,-5.));
#5192=CARTESIAN_POINT('',(67.935,-122.96,-5.));
#5193=CARTESIAN_POINT('Origin',(66.51,-122.96,-5.));
#5194=CARTESIAN_POINT('Origin',(14.499999839417,-190.0000001605,-5.));
#5195=CARTESIAN_POINT('',(8.80000055942523,-190.002525521322,-6.5));
#5196=CARTESIAN_POINT('',(8.80000055942523,-190.002525521322,1.51));
#5197=CARTESIAN_POINT('Origin',(14.499999839417,-190.0000001605,-6.5));
#5198=CARTESIAN_POINT('Origin',(69.500000160583,-190.0000001605,-5.));
#5199=CARTESIAN_POINT('',(75.2000000000415,-189.999978412505,-6.5));
#5200=CARTESIAN_POINT('Origin',(69.500000160583,-190.0000001605,-6.5));
#5201=CARTESIAN_POINT('',(75.2000000000415,-189.999978412505,-5.));
#5202=CARTESIAN_POINT('Origin',(75.1999999999585,-101.500022212876,-5.));
#5203=CARTESIAN_POINT('',(75.1999999999585,-101.500022212876,-6.5));
#5204=CARTESIAN_POINT('',(75.1999999999793,-123.625011106418,-6.5));
#5205=CARTESIAN_POINT('',(75.1999999999585,-101.500022212876,-5.));
#5206=CARTESIAN_POINT('Origin',(69.500000160583,-101.4999998394,-5.));
#5207=CARTESIAN_POINT('',(69.5000025686571,-95.799999999983,-6.5));
#5208=CARTESIAN_POINT('Origin',(69.500000160583,-101.4999998394,-6.5));
#5209=CARTESIAN_POINT('',(69.5000025686571,-95.799999999983,-5.));
#5210=CARTESIAN_POINT('Origin',(14.,-95.799999999983,-5.));
#5211=CARTESIAN_POINT('',(14.,-95.799999999983,-6.5));
#5212=CARTESIAN_POINT('',(28.0000000000207,-95.799999999983,-6.5));
#5213=CARTESIAN_POINT('',(14.,-95.799999999983,-5.));
#5214=CARTESIAN_POINT('Origin',(14.,-100.999999999983,-5.));
#5215=CARTESIAN_POINT('',(8.79999999999997,-100.999999999983,-6.5));
#5216=CARTESIAN_POINT('Origin',(14.,-100.999999999983,-6.5));
#5217=CARTESIAN_POINT('',(8.79999999999997,-100.999999999983,-5.));
#5218=CARTESIAN_POINT('Origin',(8.80000055942522,-190.002525521322,-5.));
#5219=CARTESIAN_POINT('',(8.80000042035063,-167.876262864996,-6.5));
#5220=CARTESIAN_POINT('Origin',(42.0000000000415,-145.749999999991,-6.5));
#5221=CARTESIAN_POINT('Origin',(16.51,-122.96,0.));
#5222=CARTESIAN_POINT('',(17.935,-122.96,0.));
#5223=CARTESIAN_POINT('',(17.935,-122.96,0.));
#5224=CARTESIAN_POINT('Origin',(16.51,-122.96,0.));
#5225=CARTESIAN_POINT('Origin',(16.51,-122.96,0.));
#5226=CARTESIAN_POINT('',(20.51,-122.96,0.));
#5227=CARTESIAN_POINT('',(20.51,-122.96,0.));
#5228=CARTESIAN_POINT('Origin',(16.51,-122.96,0.));
#5229=CARTESIAN_POINT('Origin',(41.51,-155.46,0.));
#5230=CARTESIAN_POINT('Origin',(66.51,-187.96,0.));
#5231=CARTESIAN_POINT('',(67.935,-187.96,0.));
#5232=CARTESIAN_POINT('',(67.935,-187.96,0.));
#5233=CARTESIAN_POINT('Origin',(66.51,-187.96,0.));
#5234=CARTESIAN_POINT('Origin',(66.51,-187.96,0.));
#5235=CARTESIAN_POINT('',(70.51,-187.96,0.));
#5236=CARTESIAN_POINT('',(70.51,-187.96,0.));
#5237=CARTESIAN_POINT('Origin',(66.51,-187.96,0.));
#5238=CARTESIAN_POINT('Origin',(41.51,-155.46,0.));
#5239=CARTESIAN_POINT('Origin',(16.51,-187.96,0.));
#5240=CARTESIAN_POINT('',(17.935,-187.96,0.));
#5241=CARTESIAN_POINT('',(17.935,-187.96,0.));
#5242=CARTESIAN_POINT('Origin',(16.51,-187.96,0.));
#5243=CARTESIAN_POINT('Origin',(16.51,-187.96,0.));
#5244=CARTESIAN_POINT('',(20.51,-187.96,0.));
#5245=CARTESIAN_POINT('',(20.51,-187.96,0.));
#5246=CARTESIAN_POINT('Origin',(16.51,-187.96,0.));
#5247=CARTESIAN_POINT('Origin',(41.51,-155.46,0.));
#5248=CARTESIAN_POINT('Origin',(66.51,-122.96,0.));
#5249=CARTESIAN_POINT('',(67.935,-122.96,0.));
#5250=CARTESIAN_POINT('',(67.935,-122.96,0.));
#5251=CARTESIAN_POINT('Origin',(66.51,-122.96,0.));
#5252=CARTESIAN_POINT('Origin',(66.51,-122.96,0.));
#5253=CARTESIAN_POINT('',(70.51,-122.96,0.));
#5254=CARTESIAN_POINT('',(70.51,-122.96,0.));
#5255=CARTESIAN_POINT('Origin',(66.51,-122.96,0.));
#5256=CARTESIAN_POINT('Origin',(41.51,-155.46,0.));
#5257=CARTESIAN_POINT('',(0.,0.,0.));
#5258=CARTESIAN_POINT('Origin',(70.0000002663514,-190.500005870255,24.51));
#5259=CARTESIAN_POINT('',(71.4250002663514,-190.500005870255,24.51));
#5260=CARTESIAN_POINT('Origin',(70.0000002663514,-190.500005870255,24.51));
#5261=CARTESIAN_POINT('Origin',(14.0000000134453,-100.999994129634,24.51));
#5262=CARTESIAN_POINT('',(12.5750000134453,-100.999994129631,24.51));
#5263=CARTESIAN_POINT('Origin',(14.0000000134453,-100.999994129634,24.51));
#5264=CARTESIAN_POINT('Origin',(70.5999974824782,-191.100000284485,25.01));
#5265=CARTESIAN_POINT('',(69.4999999970703,-195.7,25.01));
#5266=CARTESIAN_POINT('',(75.2000000000415,-189.999978412505,25.01));
#5267=CARTESIAN_POINT('Origin',(69.500000160583,-190.0000001605,25.01));
#5268=CARTESIAN_POINT('',(75.1999999999585,-101.500022212876,25.01));
#5269=CARTESIAN_POINT('',(75.2000000000415,-189.999978412505,25.01));
#5270=CARTESIAN_POINT('',(69.5000025686571,-95.7999999999811,25.01));
#5271=CARTESIAN_POINT('Origin',(69.500000160583,-101.4999998394,25.01));
#5272=CARTESIAN_POINT('',(14.,-95.799999999983,25.01));
#5273=CARTESIAN_POINT('',(69.5000025686571,-95.7999999999811,25.01));
#5274=CARTESIAN_POINT('',(8.79999999999997,-100.999999999983,25.01));
#5275=CARTESIAN_POINT('Origin',(14.,-100.999999999983,25.01));
#5276=CARTESIAN_POINT('',(8.80000055942523,-190.002525521322,25.01));
#5277=CARTESIAN_POINT('',(8.79999999999997,-100.999999999983,25.01));
#5278=CARTESIAN_POINT('',(14.5000004523535,-195.699999999917,25.01));
#5279=CARTESIAN_POINT('Origin',(14.499999839417,-190.0000001605,25.01));
#5280=CARTESIAN_POINT('',(14.5000004523535,-195.699999999917,25.01));
#5281=CARTESIAN_POINT('',(71.6250002663514,-100.999994129686,25.01));
#5282=CARTESIAN_POINT('Origin',(70.0000002663514,-100.999994129686,25.01));
#5283=CARTESIAN_POINT('',(12.3750000134453,-190.500005870311,25.01));
#5284=CARTESIAN_POINT('Origin',(14.0000000134453,-190.500005870308,25.01));
#5285=CARTESIAN_POINT('',(38.9825464853091,-107.753861662161,25.01));
#5286=CARTESIAN_POINT('',(43.568957195559,-107.799921172759,25.01));
#5287=CARTESIAN_POINT('Ctrl Pts',(38.9825464853091,-107.753861662161,25.01));
#5288=CARTESIAN_POINT('Ctrl Pts',(38.9836566973958,-107.752056099344,25.01));
#5289=CARTESIAN_POINT('Ctrl Pts',(38.9847669094827,-107.750250536526,25.01));
#5290=CARTESIAN_POINT('Ctrl Pts',(38.9858771215693,-107.748444973709,25.01));
#5291=CARTESIAN_POINT('Ctrl Pts',(39.4729560570751,-106.956297576276,25.01));
#5292=CARTESIAN_POINT('Ctrl Pts',(40.2585232145325,-106.418778090326,25.01));
#5293=CARTESIAN_POINT('Ctrl Pts',(41.1245690090255,-106.367301035544,25.01));
#5294=CARTESIAN_POINT('Ctrl Pts',(41.9751073966083,-106.316745728364,25.01));
#5295=CARTESIAN_POINT('Ctrl Pts',(42.8146177926486,-106.756362830458,25.01));
#5296=CARTESIAN_POINT('Ctrl Pts',(43.3582733285096,-107.483284259395,25.01));
#5297=CARTESIAN_POINT('Ctrl Pts',(43.4332761050251,-107.583570418337,25.01));
#5298=CARTESIAN_POINT('Ctrl Pts',(43.503527489205,-107.689236274839,25.01));
#5299=CARTESIAN_POINT('Ctrl Pts',(43.568957195559,-107.799921172759,25.01));
#5300=CARTESIAN_POINT('',(56.7535484421492,-129.555478039681,25.01));
#5301=CARTESIAN_POINT('',(65.6604976237265,-144.252607120622,25.01));
#5302=CARTESIAN_POINT('',(54.8315988776276,-133.21340662559,25.01));
#5303=CARTESIAN_POINT('Ctrl Pts',(56.7535484421492,-129.555478039681,25.01));
#5304=CARTESIAN_POINT('Ctrl Pts',(57.2088964945708,-130.222763276799,25.01));
#5305=CARTESIAN_POINT('Ctrl Pts',(57.3765127114454,-131.035280983595,25.01));
#5306=CARTESIAN_POINT('Ctrl Pts',(57.1218279001724,-131.759959053114,25.01));
#5307=CARTESIAN_POINT('Ctrl Pts',(56.8918722313596,-132.41427302385,25.01));
#5308=CARTESIAN_POINT('Ctrl Pts',(56.3096710153077,-132.924246288243,25.01));
#5309=CARTESIAN_POINT('Ctrl Pts',(55.626095163648,-133.114160132039,25.01));
#5310=CARTESIAN_POINT('Ctrl Pts',(55.372735199016,-133.184549635458,25.01));
#5311=CARTESIAN_POINT('Ctrl Pts',(55.1058792901205,-133.216625155393,25.01));
#5312=CARTESIAN_POINT('Ctrl Pts',(54.8315988776276,-133.21340662559,25.01));
#5313=CARTESIAN_POINT('',(27.6691652847868,-133.233109732311,25.01));
#5314=CARTESIAN_POINT('',(62.6947991316182,-133.20770281132,25.01));
#5315=CARTESIAN_POINT('',(25.9263106157521,-129.605530915508,25.01));
#5316=CARTESIAN_POINT('Ctrl Pts',(27.6691652848008,-133.233109732311,25.01));
#5317=CARTESIAN_POINT('Ctrl Pts',(26.9862495327648,-133.233650413358,25.01));
#5318=CARTESIAN_POINT('Ctrl Pts',(26.319504185977,-132.923229609202,25.01));
#5319=CARTESIAN_POINT('Ctrl Pts',(25.9287060738356,-132.404066368955,25.01));
#5320=CARTESIAN_POINT('Ctrl Pts',(25.4668685096107,-131.790529407383,25.01));
#5321=CARTESIAN_POINT('Ctrl Pts',(25.3959914003782,-130.980851475379,25.01));
#5322=CARTESIAN_POINT('Ctrl Pts',(25.6319191130943,-130.250301031691,25.01));
#5323=CARTESIAN_POINT('Ctrl Pts',(25.7030939237066,-130.029908145779,25.01));
#5324=CARTESIAN_POINT('Ctrl Pts',(25.8017805725672,-129.813948543434,25.01));
#5325=CARTESIAN_POINT('Ctrl Pts',(25.9263106157521,-129.605530915508,25.01));
#5326=CARTESIAN_POINT('',(18.2645095893106,-142.428762939459,25.01));
#5327=CARTESIAN_POINT('Origin',(70.0000002663514,-190.500005870255,23.51));
#5328=CARTESIAN_POINT('',(71.4250002663514,-190.500005870255,23.51));
#5329=CARTESIAN_POINT('',(71.4250002663514,-190.500005870255,23.51));
#5330=CARTESIAN_POINT('Origin',(70.0000002663514,-190.500005870255,23.51));
#5331=CARTESIAN_POINT('Origin',(70.0000002663514,-100.999994129686,24.91));
#5332=CARTESIAN_POINT('',(71.4250002663514,-100.999994129686,24.81));
#5333=CARTESIAN_POINT('Origin',(70.0000002663514,-100.999994129686,24.81));
#5334=CARTESIAN_POINT('',(71.5250002663514,-100.999994129686,24.91));
#5335=CARTESIAN_POINT('Origin',(70.0000002663514,-100.999994129686,23.51));
#5336=CARTESIAN_POINT('',(71.4250002663514,-100.999994129686,23.51));
#5337=CARTESIAN_POINT('',(71.4250002663514,-100.999994129686,23.51));
#5338=CARTESIAN_POINT('Origin',(70.0000002663514,-100.999994129686,23.51));
#5339=CARTESIAN_POINT('Origin',(14.0000000134453,-100.999994129634,23.51));
#5340=CARTESIAN_POINT('',(12.5750000134453,-100.999994129631,23.51));
#5341=CARTESIAN_POINT('',(12.5750000134453,-100.999994129631,23.51));
#5342=CARTESIAN_POINT('Origin',(14.0000000134453,-100.999994129634,23.51));
#5343=CARTESIAN_POINT('Origin',(14.0000000134453,-190.500005870308,24.91));
#5344=CARTESIAN_POINT('',(12.5750000134453,-190.50000587031,24.81));
#5345=CARTESIAN_POINT('Origin',(14.0000000134453,-190.500005870308,24.81));
#5346=CARTESIAN_POINT('',(12.4750000134453,-190.500005870311,24.91));
#5347=CARTESIAN_POINT('Origin',(14.0000000134453,-190.500005870308,23.51));
#5348=CARTESIAN_POINT('',(12.5750000134453,-190.50000587031,23.51));
#5349=CARTESIAN_POINT('',(12.5750000134453,-190.50000587031,23.51));
#5350=CARTESIAN_POINT('Origin',(14.0000000134453,-190.500005870308,23.51));
#5351=CARTESIAN_POINT('Origin',(36.4999999983843,-194.499999999996,23.51));
#5352=CARTESIAN_POINT('',(36.4999999983843,-194.29999999995,20.51));
#5353=CARTESIAN_POINT('',(36.4999999983843,-194.299999999977,23.51));
#5354=CARTESIAN_POINT('',(36.4999999983843,-194.29999999995,23.51));
#5355=CARTESIAN_POINT('',(36.4999999983849,-192.29999999997,20.51));
#5356=CARTESIAN_POINT('',(36.4999999983909,-170.124999999993,20.51));
#5357=CARTESIAN_POINT('',(36.4999999983849,-192.29999999997,23.51));
#5358=CARTESIAN_POINT('',(36.4999999983849,-192.299995232654,23.51));
#5359=CARTESIAN_POINT('',(36.4999999983849,-192.29999999997,23.51));
#5360=CARTESIAN_POINT('Origin',(49.4999926738915,-192.29999999997,23.51));
#5361=CARTESIAN_POINT('',(49.4999926738915,-194.299999999933,23.51));
#5362=CARTESIAN_POINT('',(49.4999926738915,-194.29999999997,20.51));
#5363=CARTESIAN_POINT('',(49.4999926738915,-194.29999999997,23.51));
#5364=CARTESIAN_POINT('',(49.4999926738915,-192.29999999997,23.51));
#5365=CARTESIAN_POINT('',(49.4999926738915,-195.69999999995,23.51));
#5366=CARTESIAN_POINT('',(49.4999926738915,-192.29999999997,20.51));
#5367=CARTESIAN_POINT('',(49.4999926738915,-192.299995232448,23.51));
#5368=CARTESIAN_POINT('',(49.4999926738915,-169.02499999998,20.51));
#5369=CARTESIAN_POINT('Origin',(42.0000002247119,-192.299995232567,23.51));
#5370=CARTESIAN_POINT('',(19.0000053149398,-192.299995232245,20.51));
#5371=CARTESIAN_POINT('',(47.5000002814129,-192.299995232644,20.51));
#5372=CARTESIAN_POINT('',(19.0000053149398,-192.299995232245,23.51));
#5373=CARTESIAN_POINT('',(19.0000053149398,-192.299995232245,23.51));
#5374=CARTESIAN_POINT('',(56.2999988536046,-192.29999523234,23.51));
#5375=CARTESIAN_POINT('Origin',(66.9999949646547,-194.299999999996,23.51));
#5376=CARTESIAN_POINT('',(17.0000053151491,-194.300000000043,23.51));
#5377=CARTESIAN_POINT('',(43.800001398819,-194.299999999952,23.51));
#5378=CARTESIAN_POINT('',(17.0000053151491,-194.300000000043,20.51));
#5379=CARTESIAN_POINT('',(17.0000053151491,-194.300000000043,23.51));
#5380=CARTESIAN_POINT('',(36.4999999983846,-194.29999999995,20.51));
#5381=CARTESIAN_POINT('Origin',(37.215649311443,-123.539692227251,25.01));
#5382=CARTESIAN_POINT('',(37.215649311443,-123.539692227251,25.01));
#5383=CARTESIAN_POINT('',(41.8206923451967,-121.971260616306,25.01));
#5384=CARTESIAN_POINT('',(41.863484613298,-121.956685997675,25.01));
#5385=CARTESIAN_POINT('',(37.215649311443,-123.539692227251,24.61));
#5386=CARTESIAN_POINT('',(37.215649311443,-123.539692227251,25.01));
#5387=CARTESIAN_POINT('',(41.8206923451967,-121.971260616306,24.61));
#5388=CARTESIAN_POINT('',(37.215649311443,-123.539692227251,24.61));
#5389=CARTESIAN_POINT('',(41.8206923451967,-121.971260616306,25.01));
#5390=CARTESIAN_POINT('Origin',(40.5050272129506,-115.494039846907,25.01));
#5391=CARTESIAN_POINT('',(40.5050272129506,-115.494039846907,25.01));
#5392=CARTESIAN_POINT('',(29.4180495575559,-142.612227794564,25.01));
#5393=CARTESIAN_POINT('',(40.5050272129506,-115.494039846907,24.61));
#5394=CARTESIAN_POINT('',(40.5050272129506,-115.494039846907,25.01));
#5395=CARTESIAN_POINT('',(40.5050272129506,-115.494039846907,24.61));
#5396=CARTESIAN_POINT('Origin',(42.276098749343,-115.443485113003,25.01));
#5397=CARTESIAN_POINT('',(42.276098749343,-115.443485113003,25.01));
#5398=CARTESIAN_POINT('',(55.3476005786256,-115.070362806464,25.01));
#5399=CARTESIAN_POINT('',(42.276098749343,-115.443485113003,24.61));
#5400=CARTESIAN_POINT('',(42.276098749343,-115.443485113003,25.01));
#5401=CARTESIAN_POINT('',(42.276098749343,-115.443485113003,24.61));
#5402=CARTESIAN_POINT('Origin',(38.7339556765581,-122.122918934619,25.01));
#5403=CARTESIAN_POINT('',(38.7339556765581,-122.122918934619,25.01));
#5404=CARTESIAN_POINT('',(27.9561999027414,-142.446577510091,25.01));
#5405=CARTESIAN_POINT('',(38.7339556765581,-122.122918934619,24.61));
#5406=CARTESIAN_POINT('',(38.7339556765581,-122.122918934619,25.01));
#5407=CARTESIAN_POINT('',(38.7339556765581,-122.122918934619,24.61));
#5408=CARTESIAN_POINT('Origin',(43.6423179617821,-120.605041403867,25.01));
#5409=CARTESIAN_POINT('',(43.6423179617821,-120.605041403867,25.01));
#5410=CARTESIAN_POINT('',(45.9960269677413,-119.877172960898,25.01));
#5411=CARTESIAN_POINT('',(43.6423179617821,-120.605041403867,24.61));
#5412=CARTESIAN_POINT('',(43.6423179617821,-120.605041403867,25.01));
#5413=CARTESIAN_POINT('',(43.6423179617821,-120.605041403867,24.61));
#5414=CARTESIAN_POINT('Origin',(40.9274111170629,-126.434046331903,25.01));
#5415=CARTESIAN_POINT('',(40.9274111170629,-126.434046331903,25.01));
#5416=CARTESIAN_POINT('',(31.197274739575,-147.325007288874,25.01));
#5417=CARTESIAN_POINT('',(40.9274111170629,-126.434046331903,24.61));
#5418=CARTESIAN_POINT('',(40.9274111170629,-126.434046331903,25.01));
#5419=CARTESIAN_POINT('',(40.2012804345394,-127.99307563527,24.61));
#5420=CARTESIAN_POINT('Origin',(42.0229060511248,-126.171023799165,25.01));
#5421=CARTESIAN_POINT('',(42.0229060511248,-126.171023799165,25.01));
#5422=CARTESIAN_POINT('',(48.1629541084733,-124.696830773746,25.01));
#5423=CARTESIAN_POINT('',(42.0229060511248,-126.171023799165,24.61));
#5424=CARTESIAN_POINT('',(42.0229060511248,-126.171023799165,25.01));
#5425=CARTESIAN_POINT('',(42.0229060511248,-126.171023799165,24.61));
#5426=CARTESIAN_POINT('Origin',(40.2518345147323,-128.245842113969,25.01));
#5427=CARTESIAN_POINT('',(40.2518345147323,-128.245842113969,25.01));
#5428=CARTESIAN_POINT('',(31.1291421459564,-138.933117482648,25.01));
#5429=CARTESIAN_POINT('',(40.2518345147323,-128.245842113969,24.61));
#5430=CARTESIAN_POINT('',(40.2518345147323,-128.245842113969,25.01));
#5431=CARTESIAN_POINT('',(40.2518345147323,-128.245842113969,24.61));
#5432=CARTESIAN_POINT('Origin',(40.2081555444,-127.978314521335,25.01));
#5433=CARTESIAN_POINT('',(40.2081555444,-127.978314521335,25.01));
#5434=CARTESIAN_POINT('',(45.621826956441,-161.136295791426,25.01));
#5435=CARTESIAN_POINT('',(40.2081555444,-127.978314521335,24.61));
#5436=CARTESIAN_POINT('',(40.2081555444,-127.978314521335,25.01));
#5437=CARTESIAN_POINT('',(39.8469808833571,-125.76617016779,24.61));
#5438=CARTESIAN_POINT('Origin',(40.2012804345394,-127.99307563527,25.01));
#5439=CARTESIAN_POINT('',(40.2012804345394,-127.99307563527,25.01));
#5440=CARTESIAN_POINT('',(30.8342093983132,-148.104521940557,25.01));
#5441=CARTESIAN_POINT('',(40.2012804345394,-127.99307563527,24.61));
#5442=CARTESIAN_POINT('',(40.2012804345394,-127.99307563527,25.01));
#5443=CARTESIAN_POINT('',(40.2012804345394,-127.99307563527,24.61));
#5444=CARTESIAN_POINT('Origin',(40.2070579420289,-127.971591860114,25.01));
#5445=CARTESIAN_POINT('',(40.2070579420289,-127.971591860114,25.01));
#5446=CARTESIAN_POINT('',(33.3160504992153,-153.595938477451,25.01));
#5447=CARTESIAN_POINT('',(40.2070579420289,-127.971591860114,24.61));
#5448=CARTESIAN_POINT('',(40.2070579420289,-127.971591860114,25.01));
#5449=CARTESIAN_POINT('',(41.8206923451967,-121.971260616306,24.61));
#5450=CARTESIAN_POINT('Origin',(39.8469808833571,-125.76617016779,25.01));
#5451=CARTESIAN_POINT('',(39.8469808833571,-125.76617016779,25.01));
#5452=CARTESIAN_POINT('',(45.4412396259196,-160.030223614654,25.01));
#5453=CARTESIAN_POINT('',(39.8469808833571,-125.76617016779,24.61));
#5454=CARTESIAN_POINT('',(39.8469808833571,-125.76617016779,25.01));
#5455=CARTESIAN_POINT('',(39.8469808833571,-125.76617016779,24.61));
#5456=CARTESIAN_POINT('Origin',(40.6352317819862,-126.37941902057,25.01));
#5457=CARTESIAN_POINT('',(40.6352317819862,-126.37941902057,25.01));
#5458=CARTESIAN_POINT('',(65.6518488636438,-145.842018749226,25.01));
#5459=CARTESIAN_POINT('',(40.6352317819862,-126.37941902057,24.61));
#5460=CARTESIAN_POINT('',(40.6352317819862,-126.37941902057,25.01));
#5461=CARTESIAN_POINT('',(40.7577936916498,-126.474770577577,24.61));
#5462=CARTESIAN_POINT('Origin',(41.8206923451967,-121.971260616306,25.01));
#5463=CARTESIAN_POINT('',(34.1228677007992,-150.595772855547,25.01));
#5464=CARTESIAN_POINT('',(41.8206923451967,-121.971260616306,24.61));
#5465=CARTESIAN_POINT('Origin',(30.9676320106754,-129.212774697217,25.01));
#5466=CARTESIAN_POINT('',(30.9676320106754,-129.212774697217,25.01));
#5467=CARTESIAN_POINT('',(37.3938718266518,-117.979706975922,25.01));
#5468=CARTESIAN_POINT('',(22.5165855954329,-143.985204518809,25.01));
#5469=CARTESIAN_POINT('',(30.9676320106754,-129.212774697217,24.61));
#5470=CARTESIAN_POINT('',(30.9676320106754,-129.212774697217,25.01));
#5471=CARTESIAN_POINT('',(37.3938718266518,-117.979706975922,24.61));
#5472=CARTESIAN_POINT('',(30.9676320106754,-129.212774697217,24.61));
#5473=CARTESIAN_POINT('',(37.3938718266518,-117.979706975922,25.01));
#5474=CARTESIAN_POINT('Origin',(38.6898301895404,-129.288605163796,25.01));
#5475=CARTESIAN_POINT('',(38.6898301895404,-129.288605163796,25.01));
#5476=CARTESIAN_POINT('',(54.9468340655003,-129.448245742881,25.01));
#5477=CARTESIAN_POINT('',(38.6898301895404,-129.288605163796,24.61));
#5478=CARTESIAN_POINT('',(38.6898301895404,-129.288605163796,25.01));
#5479=CARTESIAN_POINT('',(38.6898301895404,-129.288605163796,24.61));
#5480=CARTESIAN_POINT('Origin',(51.8623366166258,-129.17678921856,25.01));
#5481=CARTESIAN_POINT('',(51.8623366166258,-129.17678921856,25.01));
#5482=CARTESIAN_POINT('',(60.9676907219093,-129.099497642988,25.01));
#5483=CARTESIAN_POINT('',(51.8623366166258,-129.17678921856,24.61));
#5484=CARTESIAN_POINT('',(51.8623366166258,-129.17678921856,25.01));
#5485=CARTESIAN_POINT('',(51.8623366166258,-129.17678921856,24.61));
#5486=CARTESIAN_POINT('Origin',(48.0318678060036,-122.587323015852,25.01));
#5487=CARTESIAN_POINT('',(48.0318678060036,-122.587323015852,25.01));
#5488=CARTESIAN_POINT('',(65.7656908283843,-153.094405367427,25.01));
#5489=CARTESIAN_POINT('',(48.0318678060036,-122.587323015852,24.61));
#5490=CARTESIAN_POINT('',(48.0318678060036,-122.587323015852,25.01));
#5491=CARTESIAN_POINT('',(48.0318678060036,-122.587323015852,24.61));
#5492=CARTESIAN_POINT('Origin',(41.2856025023165,-111.465641751718,25.01));
#5493=CARTESIAN_POINT('',(41.2856025023165,-111.465641751718,25.01));
#5494=CARTESIAN_POINT('',(62.8841323661265,-147.072300266597,25.01));
#5495=CARTESIAN_POINT('',(41.2856025023165,-111.465641751718,24.61));
#5496=CARTESIAN_POINT('',(41.2856025023165,-111.465641751718,25.01));
#5497=CARTESIAN_POINT('',(41.2856025023165,-111.465641751718,24.61));
#5498=CARTESIAN_POINT('Origin',(37.3938718266518,-117.979706975922,25.01));
#5499=CARTESIAN_POINT('',(25.6642908572919,-137.612940068018,25.01));
#5500=CARTESIAN_POINT('',(37.3938718266518,-117.979706975922,24.61));
#5501=CARTESIAN_POINT('Origin',(41.4149843136506,-120.377123457757,24.61));
#5502=CARTESIAN_POINT('Ctrl Pts',(54.8376835595479,-132.21340194879,25.01));
#5503=CARTESIAN_POINT('Ctrl Pts',(54.8376835595479,-132.21340194879,24.61));
#5504=CARTESIAN_POINT('Ctrl Pts',(56.111536034007,-132.2316091053,25.01));
#5505=CARTESIAN_POINT('Ctrl Pts',(56.111536034007,-132.2316091053,24.61));
#5506=CARTESIAN_POINT('Ctrl Pts',(56.6397736790365,-131.138722117065,25.01));
#5507=CARTESIAN_POINT('Ctrl Pts',(56.6397736790365,-131.138722117065,24.61));
#5508=CARTESIAN_POINT('Ctrl Pts',(55.9136080568624,-130.09895567809,25.01));
#5509=CARTESIAN_POINT('Ctrl Pts',(55.9136080568624,-130.09895567809,24.61));
#5510=CARTESIAN_POINT('',(54.8376835595479,-132.21340194879,25.01));
#5511=CARTESIAN_POINT('',(55.9136080568624,-130.09895567809,25.01));
#5512=CARTESIAN_POINT('Ctrl Pts',(54.8376835595479,-132.21340194879,25.01));
#5513=CARTESIAN_POINT('Ctrl Pts',(56.111536034007,-132.2316091053,25.01));
#5514=CARTESIAN_POINT('Ctrl Pts',(56.6397736790365,-131.138722117065,25.01));
#5515=CARTESIAN_POINT('Ctrl Pts',(55.9136080568624,-130.09895567809,25.01));
#5516=CARTESIAN_POINT('',(54.8376835595479,-132.21340194879,24.61));
#5517=CARTESIAN_POINT('',(54.8376835595479,-132.21340194879,25.01));
#5518=CARTESIAN_POINT('',(55.9136080568624,-130.09895567809,24.61));
#5519=CARTESIAN_POINT('Ctrl Pts',(54.8376835595479,-132.21340194879,24.61));
#5520=CARTESIAN_POINT('Ctrl Pts',(56.111536034007,-132.2316091053,24.61));
#5521=CARTESIAN_POINT('Ctrl Pts',(56.6397736790365,-131.138722117065,24.61));
#5522=CARTESIAN_POINT('Ctrl Pts',(55.9136080568624,-130.09895567809,24.61));
#5523=CARTESIAN_POINT('',(55.9136080568624,-130.09895567809,25.01));
#5524=CARTESIAN_POINT('Origin',(27.6683987633563,-132.23311002557,25.01));
#5525=CARTESIAN_POINT('',(27.6683987633563,-132.23311002557,25.01));
#5526=CARTESIAN_POINT('',(49.1128363841919,-132.217554642854,25.01));
#5527=CARTESIAN_POINT('',(27.6683987633563,-132.23311002557,24.61));
#5528=CARTESIAN_POINT('',(27.6683987633563,-132.23311002557,25.01));
#5529=CARTESIAN_POINT('',(54.8376835595479,-132.21340194879,24.61));
#5530=CARTESIAN_POINT('Ctrl Pts',(26.7847479705943,-130.118449337688,25.01));
#5531=CARTESIAN_POINT('Ctrl Pts',(26.7847479705943,-130.118449337688,24.61));
#5532=CARTESIAN_POINT('Ctrl Pts',(26.1596462198914,-131.164640447573,25.01));
#5533=CARTESIAN_POINT('Ctrl Pts',(26.1596462198914,-131.164640447573,24.61));
#5534=CARTESIAN_POINT('Ctrl Pts',(26.606484026456,-132.233967694295,25.01));
#5535=CARTESIAN_POINT('Ctrl Pts',(26.606484026456,-132.233967694295,24.61));
#5536=CARTESIAN_POINT('Ctrl Pts',(27.6683987633563,-132.23311002557,25.01));
#5537=CARTESIAN_POINT('Ctrl Pts',(27.6683987633563,-132.23311002557,24.61));
#5538=CARTESIAN_POINT('',(26.7847479705943,-130.118449337688,25.01));
#5539=CARTESIAN_POINT('Ctrl Pts',(26.7847479705943,-130.118449337688,25.01));
#5540=CARTESIAN_POINT('Ctrl Pts',(26.1596462198914,-131.164640447573,25.01));
#5541=CARTESIAN_POINT('Ctrl Pts',(26.606484026456,-132.233967694295,25.01));
#5542=CARTESIAN_POINT('Ctrl Pts',(27.6683987633563,-132.23311002557,25.01));
#5543=CARTESIAN_POINT('',(26.7847479705943,-130.118449337688,24.61));
#5544=CARTESIAN_POINT('',(26.7847479705943,-130.118449337688,25.01));
#5545=CARTESIAN_POINT('Ctrl Pts',(26.7847479705943,-130.118449337688,24.61));
#5546=CARTESIAN_POINT('Ctrl Pts',(26.1596462198914,-131.164640447573,24.61));
#5547=CARTESIAN_POINT('Ctrl Pts',(26.606484026456,-132.233967694295,24.61));
#5548=CARTESIAN_POINT('Ctrl Pts',(27.6683987633563,-132.23311002557,24.61));
#5549=CARTESIAN_POINT('Origin',(39.837725644169,-108.272233189064,25.01));
#5550=CARTESIAN_POINT('',(39.837725644169,-108.272233189064,25.01));
#5551=CARTESIAN_POINT('',(25.6494374244707,-132.018570536596,25.01));
#5552=CARTESIAN_POINT('',(39.837725644169,-108.272233189064,24.61));
#5553=CARTESIAN_POINT('',(39.837725644169,-108.272233189064,25.01));
#5554=CARTESIAN_POINT('',(26.7847479705943,-130.118449337688,24.61));
#5555=CARTESIAN_POINT('Ctrl Pts',(42.7106831533044,-108.313146912624,25.01));
#5556=CARTESIAN_POINT('Ctrl Pts',(42.7106831533044,-108.313146912624,24.61));
#5557=CARTESIAN_POINT('Ctrl Pts',(41.9652395961355,-107.046706375989,25.01));
#5558=CARTESIAN_POINT('Ctrl Pts',(41.9652395961355,-107.046706375989,24.61));
#5559=CARTESIAN_POINT('Ctrl Pts',(40.5831692013379,-107.059901612599,25.01));
#5560=CARTESIAN_POINT('Ctrl Pts',(40.5831692013379,-107.059901612599,24.61));
#5561=CARTESIAN_POINT('Ctrl Pts',(39.837725644169,-108.272233189064,25.01));
#5562=CARTESIAN_POINT('Ctrl Pts',(39.837725644169,-108.272233189064,24.61));
#5563=CARTESIAN_POINT('',(42.7106831533044,-108.313146912624,25.01));
#5564=CARTESIAN_POINT('Ctrl Pts',(42.7106831533044,-108.313146912624,25.01));
#5565=CARTESIAN_POINT('Ctrl Pts',(41.9652395961355,-107.046706375989,25.01));
#5566=CARTESIAN_POINT('Ctrl Pts',(40.5831692013379,-107.059901612599,25.01));
#5567=CARTESIAN_POINT('Ctrl Pts',(39.837725644169,-108.272233189064,25.01));
#5568=CARTESIAN_POINT('',(42.7106831533044,-108.313146912624,24.61));
#5569=CARTESIAN_POINT('',(42.7106831533044,-108.313146912624,25.01));
#5570=CARTESIAN_POINT('Ctrl Pts',(42.7106831533044,-108.313146912624,24.61));
#5571=CARTESIAN_POINT('Ctrl Pts',(41.9652395961355,-107.046706375989,24.61));
#5572=CARTESIAN_POINT('Ctrl Pts',(40.5831692013379,-107.059901612599,24.61));
#5573=CARTESIAN_POINT('Ctrl Pts',(39.837725644169,-108.272233189064,24.61));
#5574=CARTESIAN_POINT('Origin',(55.9136080568624,-130.09895567809,25.01));
#5575=CARTESIAN_POINT('',(71.4052189573334,-155.66126668205,25.01));
#5576=CARTESIAN_POINT('',(42.7106831533044,-108.313146912624,24.61));
#5577=CARTESIAN_POINT('Ctrl Pts',(38.9825464853091,-107.753861662161,25.01));
#5578=CARTESIAN_POINT('Ctrl Pts',(38.9825464853091,-107.753861662161,24.61));
#5579=CARTESIAN_POINT('Ctrl Pts',(38.9836566973958,-107.752056099344,25.01));
#5580=CARTESIAN_POINT('Ctrl Pts',(38.9836566973958,-107.752056099344,24.61));
#5581=CARTESIAN_POINT('Ctrl Pts',(38.9847669094827,-107.750250536526,25.01));
#5582=CARTESIAN_POINT('Ctrl Pts',(38.9847669094827,-107.750250536526,24.61));
#5583=CARTESIAN_POINT('Ctrl Pts',(38.9858771215693,-107.748444973709,25.01));
#5584=CARTESIAN_POINT('Ctrl Pts',(38.9858771215693,-107.748444973709,24.61));
#5585=CARTESIAN_POINT('Ctrl Pts',(39.4729560570751,-106.956297576276,25.01));
#5586=CARTESIAN_POINT('Ctrl Pts',(39.4729560570751,-106.956297576276,24.61));
#5587=CARTESIAN_POINT('Ctrl Pts',(40.2585232145325,-106.418778090326,25.01));
#5588=CARTESIAN_POINT('Ctrl Pts',(40.2585232145325,-106.418778090326,24.61));
#5589=CARTESIAN_POINT('Ctrl Pts',(41.1245690090255,-106.367301035544,25.01));
#5590=CARTESIAN_POINT('Ctrl Pts',(41.1245690090255,-106.367301035544,24.61));
#5591=CARTESIAN_POINT('Ctrl Pts',(41.9751073966083,-106.316745728364,25.01));
#5592=CARTESIAN_POINT('Ctrl Pts',(41.9751073966083,-106.316745728364,24.61));
#5593=CARTESIAN_POINT('Ctrl Pts',(42.8146177926486,-106.756362830458,25.01));
#5594=CARTESIAN_POINT('Ctrl Pts',(42.8146177926486,-106.756362830458,24.61));
#5595=CARTESIAN_POINT('Ctrl Pts',(43.3582733285096,-107.483284259395,25.01));
#5596=CARTESIAN_POINT('Ctrl Pts',(43.3582733285096,-107.483284259395,24.61));
#5597=CARTESIAN_POINT('Ctrl Pts',(43.4332761050251,-107.583570418337,25.01));
#5598=CARTESIAN_POINT('Ctrl Pts',(43.4332761050251,-107.583570418337,24.61));
#5599=CARTESIAN_POINT('Ctrl Pts',(43.503527489205,-107.689236274839,25.01));
#5600=CARTESIAN_POINT('Ctrl Pts',(43.503527489205,-107.689236274839,24.61));
#5601=CARTESIAN_POINT('Ctrl Pts',(43.568957195559,-107.799921172759,25.01));
#5602=CARTESIAN_POINT('Ctrl Pts',(43.568957195559,-107.799921172759,24.61));
#5603=CARTESIAN_POINT('',(38.9825464853091,-107.753861662161,24.61));
#5604=CARTESIAN_POINT('',(38.9825464853091,-107.753861662161,25.01));
#5605=CARTESIAN_POINT('',(43.568957195559,-107.799921172759,24.61));
#5606=CARTESIAN_POINT('Ctrl Pts',(38.9825464853091,-107.753861662161,24.61));
#5607=CARTESIAN_POINT('Ctrl Pts',(38.9836566973958,-107.752056099344,24.61));
#5608=CARTESIAN_POINT('Ctrl Pts',(38.9847669094827,-107.750250536526,24.61));
#5609=CARTESIAN_POINT('Ctrl Pts',(38.9858771215693,-107.748444973709,24.61));
#5610=CARTESIAN_POINT('Ctrl Pts',(39.4729560570751,-106.956297576276,24.61));
#5611=CARTESIAN_POINT('Ctrl Pts',(40.2585232145325,-106.418778090326,24.61));
#5612=CARTESIAN_POINT('Ctrl Pts',(41.1245690090255,-106.367301035544,24.61));
#5613=CARTESIAN_POINT('Ctrl Pts',(41.9751073966083,-106.316745728364,24.61));
#5614=CARTESIAN_POINT('Ctrl Pts',(42.8146177926486,-106.756362830458,24.61));
#5615=CARTESIAN_POINT('Ctrl Pts',(43.3582733285096,-107.483284259395,24.61));
#5616=CARTESIAN_POINT('Ctrl Pts',(43.4332761050251,-107.583570418337,24.61));
#5617=CARTESIAN_POINT('Ctrl Pts',(43.503527489205,-107.689236274839,24.61));
#5618=CARTESIAN_POINT('Ctrl Pts',(43.568957195559,-107.799921172759,24.61));
#5619=CARTESIAN_POINT('',(43.568957195559,-107.799921172759,25.01));
#5620=CARTESIAN_POINT('Origin',(25.9263106157521,-129.605530915508,25.01));
#5621=CARTESIAN_POINT('',(25.9263106157521,-129.605530915508,24.61));
#5622=CARTESIAN_POINT('',(25.9263106157521,-129.605530915508,25.01));
#5623=CARTESIAN_POINT('',(25.9263106157521,-129.605530915508,24.61));
#5624=CARTESIAN_POINT('Ctrl Pts',(27.6691652847868,-133.233109732311,25.01));
#5625=CARTESIAN_POINT('Ctrl Pts',(27.6691652847868,-133.233109732311,24.61));
#5626=CARTESIAN_POINT('Ctrl Pts',(26.9862495327557,-133.233650413354,25.01));
#5627=CARTESIAN_POINT('Ctrl Pts',(26.9862495327557,-133.233650413354,24.61));
#5628=CARTESIAN_POINT('Ctrl Pts',(26.3195041859744,-132.923229609199,25.01));
#5629=CARTESIAN_POINT('Ctrl Pts',(26.3195041859744,-132.923229609199,24.61));
#5630=CARTESIAN_POINT('Ctrl Pts',(25.9287060738356,-132.404066368955,25.01));
#5631=CARTESIAN_POINT('Ctrl Pts',(25.9287060738356,-132.404066368955,24.61));
#5632=CARTESIAN_POINT('Ctrl Pts',(25.4668685096107,-131.790529407383,25.01));
#5633=CARTESIAN_POINT('Ctrl Pts',(25.4668685096107,-131.790529407383,24.61));
#5634=CARTESIAN_POINT('Ctrl Pts',(25.3959914003782,-130.980851475379,25.01));
#5635=CARTESIAN_POINT('Ctrl Pts',(25.3959914003782,-130.980851475379,24.61));
#5636=CARTESIAN_POINT('Ctrl Pts',(25.6319191130943,-130.250301031691,25.01));
#5637=CARTESIAN_POINT('Ctrl Pts',(25.6319191130943,-130.250301031691,24.61));
#5638=CARTESIAN_POINT('Ctrl Pts',(25.7030939237066,-130.029908145779,25.01));
#5639=CARTESIAN_POINT('Ctrl Pts',(25.7030939237066,-130.029908145779,24.61));
#5640=CARTESIAN_POINT('Ctrl Pts',(25.8017805725672,-129.813948543434,25.01));
#5641=CARTESIAN_POINT('Ctrl Pts',(25.8017805725672,-129.813948543434,24.61));
#5642=CARTESIAN_POINT('Ctrl Pts',(25.9263106157521,-129.605530915508,25.01));
#5643=CARTESIAN_POINT('Ctrl Pts',(25.9263106157521,-129.605530915508,24.61));
#5644=CARTESIAN_POINT('',(27.6691652847868,-133.233109732311,24.61));
#5645=CARTESIAN_POINT('',(27.6691652847868,-133.233109732311,25.01));
#5646=CARTESIAN_POINT('Ctrl Pts',(27.6691652848008,-133.233109732311,24.61));
#5647=CARTESIAN_POINT('Ctrl Pts',(26.9862495327648,-133.233650413358,24.61));
#5648=CARTESIAN_POINT('Ctrl Pts',(26.319504185977,-132.923229609202,24.61));
#5649=CARTESIAN_POINT('Ctrl Pts',(25.9287060738356,-132.404066368955,24.61));
#5650=CARTESIAN_POINT('Ctrl Pts',(25.4668685096107,-131.790529407383,24.61));
#5651=CARTESIAN_POINT('Ctrl Pts',(25.3959914003782,-130.980851475379,24.61));
#5652=CARTESIAN_POINT('Ctrl Pts',(25.6319191130943,-130.250301031691,24.61));
#5653=CARTESIAN_POINT('Ctrl Pts',(25.7030939237066,-130.029908145779,24.61));
#5654=CARTESIAN_POINT('Ctrl Pts',(25.8017805725672,-129.813948543434,24.61));
#5655=CARTESIAN_POINT('Ctrl Pts',(25.9263106157521,-129.605530915508,24.61));
#5656=CARTESIAN_POINT('Origin',(54.8315988776276,-133.21340662559,25.01));
#5657=CARTESIAN_POINT('',(54.8315988776276,-133.21340662559,24.61));
#5658=CARTESIAN_POINT('',(54.8315988776276,-133.21340662559,25.01));
#5659=CARTESIAN_POINT('',(54.8315988776276,-133.21340662559,24.61));
#5660=CARTESIAN_POINT('Ctrl Pts',(56.7535484421492,-129.555478039681,25.01));
#5661=CARTESIAN_POINT('Ctrl Pts',(56.7535484421492,-129.555478039681,24.61));
#5662=CARTESIAN_POINT('Ctrl Pts',(57.2088964945708,-130.222763276799,25.01));
#5663=CARTESIAN_POINT('Ctrl Pts',(57.2088964945708,-130.222763276799,24.61));
#5664=CARTESIAN_POINT('Ctrl Pts',(57.3765127114454,-131.035280983595,25.01));
#5665=CARTESIAN_POINT('Ctrl Pts',(57.3765127114454,-131.035280983595,24.61));
#5666=CARTESIAN_POINT('Ctrl Pts',(57.1218279001724,-131.759959053114,25.01));
#5667=CARTESIAN_POINT('Ctrl Pts',(57.1218279001724,-131.759959053114,24.61));
#5668=CARTESIAN_POINT('Ctrl Pts',(56.8918722313596,-132.41427302385,25.01));
#5669=CARTESIAN_POINT('Ctrl Pts',(56.8918722313596,-132.41427302385,24.61));
#5670=CARTESIAN_POINT('Ctrl Pts',(56.3096710153077,-132.924246288243,25.01));
#5671=CARTESIAN_POINT('Ctrl Pts',(56.3096710153077,-132.924246288243,24.61));
#5672=CARTESIAN_POINT('Ctrl Pts',(55.626095163648,-133.114160132039,25.01));
#5673=CARTESIAN_POINT('Ctrl Pts',(55.626095163648,-133.114160132039,24.61));
#5674=CARTESIAN_POINT('Ctrl Pts',(55.372735199016,-133.184549635458,25.01));
#5675=CARTESIAN_POINT('Ctrl Pts',(55.372735199016,-133.184549635458,24.61));
#5676=CARTESIAN_POINT('Ctrl Pts',(55.1058792901205,-133.216625155393,25.01));
#5677=CARTESIAN_POINT('Ctrl Pts',(55.1058792901205,-133.216625155393,24.61));
#5678=CARTESIAN_POINT('Ctrl Pts',(54.8315988776276,-133.21340662559,25.01));
#5679=CARTESIAN_POINT('Ctrl Pts',(54.8315988776276,-133.21340662559,24.61));
#5680=CARTESIAN_POINT('',(56.7535484421492,-129.555478039681,24.61));
#5681=CARTESIAN_POINT('',(56.7535484421492,-129.555478039681,25.01));
#5682=CARTESIAN_POINT('Ctrl Pts',(56.7535484421492,-129.555478039681,24.61));
#5683=CARTESIAN_POINT('Ctrl Pts',(57.2088964945708,-130.222763276799,24.61));
#5684=CARTESIAN_POINT('Ctrl Pts',(57.3765127114454,-131.035280983595,24.61));
#5685=CARTESIAN_POINT('Ctrl Pts',(57.1218279001724,-131.759959053114,24.61));
#5686=CARTESIAN_POINT('Ctrl Pts',(56.8918722313596,-132.41427302385,24.61));
#5687=CARTESIAN_POINT('Ctrl Pts',(56.3096710153077,-132.924246288243,24.61));
#5688=CARTESIAN_POINT('Ctrl Pts',(55.626095163648,-133.114160132039,24.61));
#5689=CARTESIAN_POINT('Ctrl Pts',(55.372735199016,-133.184549635458,24.61));
#5690=CARTESIAN_POINT('Ctrl Pts',(55.1058792901205,-133.216625155393,24.61));
#5691=CARTESIAN_POINT('Ctrl Pts',(54.8315988776276,-133.21340662559,24.61));
#5692=CARTESIAN_POINT('Origin',(43.568957195559,-107.799921172759,25.01));
#5693=CARTESIAN_POINT('',(43.568957195559,-107.799921172759,24.61));
#5694=CARTESIAN_POINT('Origin',(41.386309235646,-119.774467595472,24.61));
#5695=CARTESIAN_POINT('Origin',(70.5999974824782,-191.100000284485,25.01));
#5696=CARTESIAN_POINT('Origin',(10.2000002797063,-152.75123969212,23.51));
#5697=CARTESIAN_POINT('',(10.2000002797519,-103.999999430951,23.51));
#5698=CARTESIAN_POINT('',(10.2000002797519,-187.500000568991,23.51));
#5699=CARTESIAN_POINT('',(10.2000002797308,-164.924380296182,23.51));
#5700=CARTESIAN_POINT('',(10.2000002797519,-103.999999430951,20.51));
#5701=CARTESIAN_POINT('',(10.2000002797519,-103.999999430951,23.51));
#5702=CARTESIAN_POINT('',(10.2000002797519,-187.500000568991,20.51));
#5703=CARTESIAN_POINT('',(10.2000002796714,-101.499999992029,20.51));
#5704=CARTESIAN_POINT('',(10.2000002797519,-187.500000568991,23.51));
#5705=CARTESIAN_POINT('Origin',(14.0000000133521,-100.99999412947,23.51));
#5706=CARTESIAN_POINT('',(17.0000053148369,-101.00001345548,23.51));
#5707=CARTESIAN_POINT('',(14.0000242737985,-103.999999430919,23.51));
#5708=CARTESIAN_POINT('Origin',(14.0000000133521,-100.99999412947,23.51));
#5709=CARTESIAN_POINT('',(17.0000053148369,-101.00001345548,20.51));
#5710=CARTESIAN_POINT('',(17.0000053148369,-101.00001345548,23.51));
#5711=CARTESIAN_POINT('',(14.0000242737985,-103.999999430919,20.51));
#5712=CARTESIAN_POINT('Origin',(14.0000000133521,-100.99999412947,20.51));
#5713=CARTESIAN_POINT('',(14.0000242737985,-103.999999430919,23.51));
#5714=CARTESIAN_POINT('Origin',(10.2000002797519,-103.999999430951,23.51));
#5715=CARTESIAN_POINT('',(40.3999988807533,-103.9999994307,23.51));
#5716=CARTESIAN_POINT('',(14.0000242737985,-103.999999430919,20.51));
#5717=CARTESIAN_POINT('Origin',(14.0000000133916,-105.999999430841,23.51));
#5718=CARTESIAN_POINT('',(12.2000002804243,-105.999999430857,23.51));
#5719=CARTESIAN_POINT('',(14.0000000133916,-105.999999430841,23.51));
#5720=CARTESIAN_POINT('',(42.299998747556,-105.999999430589,23.51));
#5721=CARTESIAN_POINT('',(12.2000002804243,-105.999999430857,20.51));
#5722=CARTESIAN_POINT('',(12.2000002804243,-105.999999430857,23.51));
#5723=CARTESIAN_POINT('',(14.0000000133916,-105.999999430841,20.51));
#5724=CARTESIAN_POINT('',(14.0000000133916,-105.999999430841,20.51));
#5725=CARTESIAN_POINT('',(14.0000000133916,-105.999999430841,23.51));
#5726=CARTESIAN_POINT('Origin',(14.000000013512,-100.999994129541,23.51));
#5727=CARTESIAN_POINT('',(19.0000053148124,-100.99999412959,23.51));
#5728=CARTESIAN_POINT('Origin',(14.000000013512,-100.999994129541,23.51));
#5729=CARTESIAN_POINT('',(19.0000053148124,-100.99999412959,20.51));
#5730=CARTESIAN_POINT('Origin',(14.000000013512,-100.999994129541,20.51));
#5731=CARTESIAN_POINT('',(19.0000053148124,-100.99999412959,23.51));
#5732=CARTESIAN_POINT('Origin',(19.0000053149398,-99.2000047676968,23.51));
#5733=CARTESIAN_POINT('',(19.0000053149398,-99.2000047676968,23.51));
#5734=CARTESIAN_POINT('',(19.0000053144184,-145.150002525798,23.51));
#5735=CARTESIAN_POINT('',(19.0000053149398,-99.2000047676968,20.51));
#5736=CARTESIAN_POINT('',(19.0000053149193,-100.99999412959,20.51));
#5737=CARTESIAN_POINT('',(19.0000053149398,-99.2000047676968,23.51));
#5738=CARTESIAN_POINT('Origin',(17.0000053148535,-101.00001345548,23.51));
#5739=CARTESIAN_POINT('',(17.0000053151491,-97.1999999998984,23.51));
#5740=CARTESIAN_POINT('',(17.0000053113491,-146.050006867898,23.51));
#5741=CARTESIAN_POINT('',(17.0000053151491,-97.1999999998984,20.51));
#5742=CARTESIAN_POINT('',(17.0000053151491,-97.1999999998984,23.51));
#5743=CARTESIAN_POINT('',(17.0000053148535,-101.00001345548,20.51));
#5744=CARTESIAN_POINT('Origin',(70.0000002664446,-100.999994129522,23.51));
#5745=CARTESIAN_POINT('',(69.9999760059926,-103.999999430971,23.51));
#5746=CARTESIAN_POINT('',(66.9999949649598,-101.000013455527,23.51));
#5747=CARTESIAN_POINT('Origin',(70.0000002664446,-100.999994129522,23.51));
#5748=CARTESIAN_POINT('',(69.9999760059926,-103.999999430971,20.51));
#5749=CARTESIAN_POINT('',(69.9999760059926,-103.999999430971,23.51));
#5750=CARTESIAN_POINT('',(66.9999949649598,-101.000013455527,20.51));
#5751=CARTESIAN_POINT('Origin',(70.0000002664446,-100.999994129522,20.51));
#5752=CARTESIAN_POINT('',(66.9999949649598,-101.000013455527,23.51));
#5753=CARTESIAN_POINT('Origin',(73.8000000000391,-103.99999943101,23.51));
#5754=CARTESIAN_POINT('',(73.8000000000391,-103.99999943101,23.51));
#5755=CARTESIAN_POINT('',(72.1999987417021,-103.999999430994,23.51));
#5756=CARTESIAN_POINT('',(73.8000000000391,-103.99999943101,20.51));
#5757=CARTESIAN_POINT('',(73.8000000000391,-103.99999943101,23.51));
#5758=CARTESIAN_POINT('',(69.9999760059926,-103.999999430971,20.51));
#5759=CARTESIAN_POINT('Origin',(71.7999999993631,-105.999999430913,23.51));
#5760=CARTESIAN_POINT('',(71.7999999993631,-105.999999430913,23.51));
#5761=CARTESIAN_POINT('',(71.7999999993631,-185.500000569028,23.51));
#5762=CARTESIAN_POINT('',(71.7999999993575,-188.300000426758,23.51));
#5763=CARTESIAN_POINT('',(71.7999999993631,-105.999999430913,20.51));
#5764=CARTESIAN_POINT('',(71.7999999993631,-105.999999430913,23.51));
#5765=CARTESIAN_POINT('',(71.7999999993631,-185.500000569028,20.51));
#5766=CARTESIAN_POINT('',(71.7999999995305,-101.499999839398,20.51));
#5767=CARTESIAN_POINT('',(71.7999999993631,-185.500000569028,23.51));
#5768=CARTESIAN_POINT('Origin',(70.0000002663957,-105.999999430894,23.51));
#5769=CARTESIAN_POINT('',(70.0000002663957,-105.999999430894,23.51));
#5770=CARTESIAN_POINT('',(70.2999988748956,-105.999999430897,23.51));
#5771=CARTESIAN_POINT('',(70.0000002663957,-105.999999430894,20.51));
#5772=CARTESIAN_POINT('',(70.0000002663957,-105.999999430894,23.51));
#5773=CARTESIAN_POINT('',(70.0000002663957,-105.999999430894,20.51));
#5774=CARTESIAN_POINT('Origin',(70.0000002662847,-100.999994129593,23.51));
#5775=CARTESIAN_POINT('',(64.9999949649843,-100.999994129633,23.51));
#5776=CARTESIAN_POINT('Origin',(70.0000002662847,-100.999994129593,23.51));
#5777=CARTESIAN_POINT('',(64.9999949649843,-100.999994129633,20.51));
#5778=CARTESIAN_POINT('',(64.9999949649843,-100.999994129633,23.51));
#5779=CARTESIAN_POINT('Origin',(70.0000002662847,-100.999994129593,20.51));
#5780=CARTESIAN_POINT('Origin',(64.9999949648603,-99.20000476774,23.51));
#5781=CARTESIAN_POINT('',(64.9999949648603,-99.20000476774,23.51));
#5782=CARTESIAN_POINT('',(64.9999949652956,-145.150002526139,23.51));
#5783=CARTESIAN_POINT('',(64.9999949648603,-99.20000476774,20.51));
#5784=CARTESIAN_POINT('',(64.9999949648603,-99.20000476774,23.51));
#5785=CARTESIAN_POINT('',(64.9999949648774,-100.999994129633,20.51));
#5786=CARTESIAN_POINT('Origin',(42.0000002247119,-99.2000047673745,23.51));
#5787=CARTESIAN_POINT('',(56.2999988543251,-99.2000047676017,23.51));
#5788=CARTESIAN_POINT('',(47.5000002814129,-99.2000047672975,20.51));
#5789=CARTESIAN_POINT('Origin',(66.9999949646547,-97.1999999999453,23.51));
#5790=CARTESIAN_POINT('',(66.9999949646547,-97.1999999999453,23.51));
#5791=CARTESIAN_POINT('',(68.7999962234957,-97.1999999999426,23.51));
#5792=CARTESIAN_POINT('',(66.9999949646547,-97.1999999999453,20.51));
#5793=CARTESIAN_POINT('',(66.9999949646547,-97.1999999999453,23.51));
#5794=CARTESIAN_POINT('',(36.4999999983846,-97.1999999999913,20.51));
#5795=CARTESIAN_POINT('Origin',(66.9999949649432,-101.000013455527,23.51));
#5796=CARTESIAN_POINT('',(66.9999949683632,-146.050006870143,23.51));
#5797=CARTESIAN_POINT('',(66.9999949649432,-101.000013455527,20.51));
#5798=CARTESIAN_POINT('Origin',(12.2000002804243,-185.500000569084,23.51));
#5799=CARTESIAN_POINT('',(12.2000002804243,-185.500000569084,20.51));
#5800=CARTESIAN_POINT('',(12.2000002800994,-190.000000160488,20.51));
#5801=CARTESIAN_POINT('',(12.2000002804243,-185.500000569084,23.51));
#5802=CARTESIAN_POINT('',(12.2000002802597,-148.549999857558,23.51));
#5803=CARTESIAN_POINT('',(12.2000002804243,-185.500000569084,23.51));
#5804=CARTESIAN_POINT('Origin',(70.5999974824782,-191.100000284485,23.51));
#5805=CARTESIAN_POINT('',(69.4999999970703,-195.7,23.51));
#5806=CARTESIAN_POINT('',(75.2000000000415,-189.999978412505,23.51));
#5807=CARTESIAN_POINT('Origin',(69.500000160583,-190.0000001605,23.51));
#5808=CARTESIAN_POINT('',(14.5000004523535,-195.699999999917,23.51));
#5809=CARTESIAN_POINT('',(14.5000004523535,-195.699999999917,23.51));
#5810=CARTESIAN_POINT('',(8.80000055942523,-190.002525521322,23.51));
#5811=CARTESIAN_POINT('Origin',(14.499999839417,-190.0000001605,23.51));
#5812=CARTESIAN_POINT('',(8.79999999999997,-100.999999999983,23.51));
#5813=CARTESIAN_POINT('',(8.79999999999997,-100.999999999983,23.51));
#5814=CARTESIAN_POINT('',(14.,-95.799999999983,23.51));
#5815=CARTESIAN_POINT('Origin',(14.,-100.999999999983,23.51));
#5816=CARTESIAN_POINT('',(69.5000025686571,-95.7999999999811,23.51));
#5817=CARTESIAN_POINT('',(69.5000025686571,-95.7999999999811,23.51));
#5818=CARTESIAN_POINT('',(75.1999999999585,-101.500022212876,23.51));
#5819=CARTESIAN_POINT('Origin',(69.500000160583,-101.4999998394,23.51));
#5820=CARTESIAN_POINT('',(75.2000000000415,-189.999978412505,23.51));
#5821=CARTESIAN_POINT('',(70.0000002663957,-185.500000569048,23.51));
#5822=CARTESIAN_POINT('',(70.2999988744068,-185.500000569045,23.51));
#5823=CARTESIAN_POINT('',(64.9999949649843,-190.500005870308,23.51));
#5824=CARTESIAN_POINT('Origin',(70.0000002662847,-190.500005870348,23.51));
#5825=CARTESIAN_POINT('',(64.9999949648603,-192.299995232202,23.51));
#5826=CARTESIAN_POINT('',(64.999994964866,-191.699997758317,23.51));
#5827=CARTESIAN_POINT('',(56.2999988536046,-192.29999523234,23.51));
#5828=CARTESIAN_POINT('',(66.9999949646547,-194.299999999996,23.51));
#5829=CARTESIAN_POINT('',(43.800001398819,-194.299999999952,23.51));
#5830=CARTESIAN_POINT('',(66.9999949649598,-190.499986544415,23.51));
#5831=CARTESIAN_POINT('',(66.9999949649204,-190.799993414313,23.51));
#5832=CARTESIAN_POINT('',(69.9999760059926,-187.50000056897,23.51));
#5833=CARTESIAN_POINT('Origin',(70.0000002664446,-190.500005870419,23.51));
#5834=CARTESIAN_POINT('',(73.8000000000391,-187.500000568931,23.51));
#5835=CARTESIAN_POINT('',(72.1999987412404,-187.500000568948,23.51));
#5836=CARTESIAN_POINT('',(73.800000000018,-164.924380296122,23.51));
#5837=CARTESIAN_POINT('',(14.0000242737985,-187.500000569023,23.51));
#5838=CARTESIAN_POINT('',(40.39999888113,-187.500000569242,23.51));
#5839=CARTESIAN_POINT('',(17.0000053148369,-190.499986544462,23.51));
#5840=CARTESIAN_POINT('Origin',(14.0000000133521,-190.500005870472,23.51));
#5841=CARTESIAN_POINT('',(17.0000053148768,-190.799993416558,23.51));
#5842=CARTESIAN_POINT('',(19.0000053148124,-190.500005870351,23.51));
#5843=CARTESIAN_POINT('',(19.0000053149329,-191.699997758658,23.51));
#5844=CARTESIAN_POINT('',(14.0000000133916,-185.5000005691,23.51));
#5845=CARTESIAN_POINT('Origin',(14.000000013512,-190.500005870401,23.51));
#5846=CARTESIAN_POINT('',(42.2999987479599,-185.500000569352,23.51));
#5847=CARTESIAN_POINT('Origin',(42.0000000000415,-145.749999999991,20.51));
#5848=CARTESIAN_POINT('',(64.9999949648603,-192.299995232202,20.51));
#5849=CARTESIAN_POINT('',(47.5000002814129,-192.299995232644,20.51));
#5850=CARTESIAN_POINT('',(64.9999949649843,-190.500005870308,20.51));
#5851=CARTESIAN_POINT('',(64.9999949648774,-190.500005870308,20.51));
#5852=CARTESIAN_POINT('',(70.0000002663957,-185.500000569048,20.51));
#5853=CARTESIAN_POINT('Origin',(70.0000002662847,-190.500005870348,20.51));
#5854=CARTESIAN_POINT('',(70.0000002663957,-185.500000569048,20.51));
#5855=CARTESIAN_POINT('',(14.0000000133916,-185.5000005691,20.51));
#5856=CARTESIAN_POINT('',(14.0000000133916,-185.5000005691,20.51));
#5857=CARTESIAN_POINT('',(19.0000053148124,-190.500005870351,20.51));
#5858=CARTESIAN_POINT('Origin',(14.000000013512,-190.500005870401,20.51));
#5859=CARTESIAN_POINT('',(19.0000053149193,-190.500005870351,20.51));
#5860=CARTESIAN_POINT('',(17.0000053148369,-190.499986544462,20.51));
#5861=CARTESIAN_POINT('',(17.0000053148535,-190.499986544462,20.51));
#5862=CARTESIAN_POINT('',(14.0000242737985,-187.500000569023,20.51));
#5863=CARTESIAN_POINT('Origin',(14.0000000133521,-190.500005870472,20.51));
#5864=CARTESIAN_POINT('',(14.0000242737985,-187.500000569023,20.51));
#5865=CARTESIAN_POINT('',(73.8000000000391,-187.500000568931,20.51));
#5866=CARTESIAN_POINT('',(73.7999999999585,-101.49999999197,20.51));
#5867=CARTESIAN_POINT('',(69.9999760059926,-187.50000056897,20.51));
#5868=CARTESIAN_POINT('',(69.9999760059926,-187.50000056897,20.51));
#5869=CARTESIAN_POINT('',(66.9999949649598,-190.499986544415,20.51));
#5870=CARTESIAN_POINT('Origin',(70.0000002664446,-190.500005870419,20.51));
#5871=CARTESIAN_POINT('',(66.9999949646547,-194.299999999996,20.51));
#5872=CARTESIAN_POINT('',(66.9999949649432,-190.499986544415,20.51));
#5873=CARTESIAN_POINT('',(36.4999999983846,-194.29999999995,20.51));
#5874=CARTESIAN_POINT('Origin',(70.5999974824782,-191.100000284485,25.01));
#5875=CARTESIAN_POINT('Origin',(14.0000000133521,-190.500005870472,23.51));
#5876=CARTESIAN_POINT('',(14.0000242737985,-187.500000569023,23.51));
#5877=CARTESIAN_POINT('',(17.0000053148369,-190.499986544462,23.51));
#5878=CARTESIAN_POINT('Origin',(10.2000002797519,-187.500000568991,23.51));
#5879=CARTESIAN_POINT('Origin',(14.0000000133916,-185.5000005691,23.51));
#5880=CARTESIAN_POINT('',(14.0000000133916,-185.5000005691,23.51));
#5881=CARTESIAN_POINT('Origin',(14.000000013512,-190.500005870401,23.51));
#5882=CARTESIAN_POINT('',(19.0000053148124,-190.500005870351,23.51));
#5883=CARTESIAN_POINT('Origin',(19.0000053149398,-192.299995232245,23.51));
#5884=CARTESIAN_POINT('Origin',(17.0000053148535,-190.499986544462,23.51));
#5885=CARTESIAN_POINT('Origin',(70.0000002664446,-190.500005870419,23.51));
#5886=CARTESIAN_POINT('',(66.9999949649598,-190.499986544415,23.51));
#5887=CARTESIAN_POINT('',(69.9999760059926,-187.50000056897,23.51));
#5888=CARTESIAN_POINT('Origin',(73.8000000000391,-187.500000568931,23.51));
#5889=CARTESIAN_POINT('',(73.8000000000391,-187.500000568931,23.51));
#5890=CARTESIAN_POINT('Origin',(73.7999999999934,-138.748760307762,23.51));
#5891=CARTESIAN_POINT('Origin',(70.0000002663957,-185.500000569048,23.51));
#5892=CARTESIAN_POINT('',(70.0000002663957,-185.500000569048,23.51));
#5893=CARTESIAN_POINT('Origin',(70.0000002662847,-190.500005870348,23.51));
#5894=CARTESIAN_POINT('',(64.9999949649843,-190.500005870308,23.51));
#5895=CARTESIAN_POINT('Origin',(64.9999949648603,-192.299995232202,23.51));
#5896=CARTESIAN_POINT('',(64.9999949648603,-192.299995232202,23.51));
#5897=CARTESIAN_POINT('Origin',(42.0000002247119,-192.299995232567,23.51));
#5898=CARTESIAN_POINT('Origin',(66.9999949646547,-194.299999999996,23.51));
#5899=CARTESIAN_POINT('',(66.9999949646547,-194.299999999996,23.51));
#5900=CARTESIAN_POINT('Origin',(66.9999949649432,-190.499986544415,23.51));
#5901=CARTESIAN_POINT('Origin',(14.5000004523535,-195.699999999917,23.51));
#5902=CARTESIAN_POINT('',(69.4999999970703,-195.7,23.51));
#5903=CARTESIAN_POINT('',(14.5000004523535,-195.699999999917,23.51));
#5904=CARTESIAN_POINT('Origin',(14.499999839417,-190.0000001605,23.51));
#5905=CARTESIAN_POINT('',(8.80000055942523,-190.002525521322,23.51));
#5906=CARTESIAN_POINT('Origin',(8.79999999999997,-100.999999999983,23.51));
#5907=CARTESIAN_POINT('',(8.79999999999997,-100.999999999983,23.51));
#5908=CARTESIAN_POINT('Origin',(14.,-100.999999999983,23.51));
#5909=CARTESIAN_POINT('',(14.,-95.799999999983,23.51));
#5910=CARTESIAN_POINT('Origin',(69.5000025686571,-95.7999999999811,23.51));
#5911=CARTESIAN_POINT('',(69.5000025686571,-95.7999999999811,23.51));
#5912=CARTESIAN_POINT('Origin',(69.500000160583,-101.4999998394,23.51));
#5913=CARTESIAN_POINT('',(75.1999999999585,-101.500022212876,23.51));
#5914=CARTESIAN_POINT('Origin',(75.2000000000415,-189.999978412505,23.51));
#5915=CARTESIAN_POINT('',(75.2000000000415,-189.999978412505,23.51));
#5916=CARTESIAN_POINT('Origin',(69.500000160583,-190.0000001605,23.51));
#5917=CARTESIAN_POINT('',(0.,0.,0.));
#5918=CARTESIAN_POINT('',(0.,0.,0.));
#5919=UNCERTAINTY_MEASURE_WITH_UNIT(LENGTH_MEASURE(0.01),#5927,
'DISTANCE_ACCURACY_VALUE',
'Maximum model space distance between geometric entities at asserted c
onnectivities');
#5920=UNCERTAINTY_MEASURE_WITH_UNIT(LENGTH_MEASURE(0.01),#5927,
'DISTANCE_ACCURACY_VALUE',
'Maximum model space distance between geometric entities at asserted c
onnectivities');
#5921=UNCERTAINTY_MEASURE_WITH_UNIT(LENGTH_MEASURE(0.01),#5927,
'DISTANCE_ACCURACY_VALUE',
'Maximum model space distance between geometric entities at asserted c
onnectivities');
#5922=UNCERTAINTY_MEASURE_WITH_UNIT(LENGTH_MEASURE(0.01),#5927,
'DISTANCE_ACCURACY_VALUE',
'Maximum model space distance between geometric entities at asserted c
onnectivities');
#5923=(
GEOMETRIC_REPRESENTATION_CONTEXT(3)
GLOBAL_UNCERTAINTY_ASSIGNED_CONTEXT((#5919))
GLOBAL_UNIT_ASSIGNED_CONTEXT((#5927,#5929,#5930))
REPRESENTATION_CONTEXT('','3D')
);
#5924=(
GEOMETRIC_REPRESENTATION_CONTEXT(3)
GLOBAL_UNCERTAINTY_ASSIGNED_CONTEXT((#5920))
GLOBAL_UNIT_ASSIGNED_CONTEXT((#5927,#5929,#5930))
REPRESENTATION_CONTEXT('','3D')
);
#5925=(
GEOMETRIC_REPRESENTATION_CONTEXT(3)
GLOBAL_UNCERTAINTY_ASSIGNED_CONTEXT((#5921))
GLOBAL_UNIT_ASSIGNED_CONTEXT((#5927,#5929,#5930))
REPRESENTATION_CONTEXT('','3D')
);
#5926=(
GEOMETRIC_REPRESENTATION_CONTEXT(3)
GLOBAL_UNCERTAINTY_ASSIGNED_CONTEXT((#5922))
GLOBAL_UNIT_ASSIGNED_CONTEXT((#5927,#5929,#5930))
REPRESENTATION_CONTEXT('','3D')
);
#5927=(
LENGTH_UNIT()
NAMED_UNIT(*)
SI_UNIT(.MILLI.,.METRE.)
);
#5928=(
LENGTH_UNIT()
NAMED_UNIT(*)
SI_UNIT($,.METRE.)
);
#5929=(
NAMED_UNIT(*)
PLANE_ANGLE_UNIT()
SI_UNIT($,.RADIAN.)
);
#5930=(
NAMED_UNIT(*)
SI_UNIT($,.STERADIAN.)
SOLID_ANGLE_UNIT()
);
#5931=SHAPE_DEFINITION_REPRESENTATION(#5934,#5939);
#5932=SHAPE_DEFINITION_REPRESENTATION(#5935,#5940);
#5933=SHAPE_DEFINITION_REPRESENTATION(#5936,#5941);
#5934=PRODUCT_DEFINITION_SHAPE('',$,#5943);
#5935=PRODUCT_DEFINITION_SHAPE('',$,#5944);
#5936=PRODUCT_DEFINITION_SHAPE('',$,#5945);
#5937=PRODUCT_DEFINITION_SHAPE($,$,#17);
#5938=PRODUCT_DEFINITION_SHAPE($,$,#18);
#5939=SHAPE_REPRESENTATION('',(#3435,#3716,#3717),#5923);
#5940=SHAPE_REPRESENTATION('',(#3436),#5924);
#5941=SHAPE_REPRESENTATION('',(#3596),#5925);
#5942=PRODUCT_DEFINITION_CONTEXT('part definition',#5953,'design');
#5943=PRODUCT_DEFINITION('3d 1','3d v9',#5946,#5942);
#5944=PRODUCT_DEFINITION('adapter','adapter',#5947,#5942);
#5945=PRODUCT_DEFINITION('lid','lid',#5948,#5942);
#5946=PRODUCT_DEFINITION_FORMATION('',$,#5955);
#5947=PRODUCT_DEFINITION_FORMATION('',$,#5956);
#5948=PRODUCT_DEFINITION_FORMATION('',$,#5957);
#5949=PRODUCT_RELATED_PRODUCT_CATEGORY('3d v9','3d v9',(#5955));
#5950=PRODUCT_RELATED_PRODUCT_CATEGORY('adapter','adapter',(#5956));
#5951=PRODUCT_RELATED_PRODUCT_CATEGORY('lid','lid',(#5957));
#5952=APPLICATION_PROTOCOL_DEFINITION('international standard',
'automotive_design',2009,#5953);
#5953=APPLICATION_CONTEXT(
'Core Data for Automotive Mechanical Design Process');
#5954=PRODUCT_CONTEXT('part definition',#5953,'mechanical');
#5955=PRODUCT('3d 1','3d v9','KiCad electronic assembly',(#5954));
#5956=PRODUCT('adapter','adapter',$,(#5954));
#5957=PRODUCT('lid','lid',$,(#5954));
#5958=PRESENTATION_STYLE_ASSIGNMENT((#5959));
#5959=SURFACE_STYLE_USAGE(.BOTH.,#5960);
#5960=SURFACE_SIDE_STYLE('',(#5961));
#5961=SURFACE_STYLE_FILL_AREA(#5962);
#5962=FILL_AREA_STYLE('Stahl - satiniert',(#5963));
#5963=FILL_AREA_STYLE_COLOUR('Stahl - satiniert',#5964);
#5964=COLOUR_RGB('Stahl - satiniert',0.627450980392157,0.627450980392157,
0.627450980392157);
ENDSEC;
END-ISO-10303-21;
